[2026-04-18T07:32:18.767Z] [INFO] [Main] All IPC handlers registered
[2026-04-18T07:32:18.768Z] [INFO] [Main] Creating window | preload exists: true
[2026-04-18T07:32:18.925Z] [INFO] [Main] Startup sync — 13 productive, 11 distracting
[2026-04-18T07:32:22.243Z] [INFO] [IPC] get-productive-stats | {}
[2026-04-18T07:32:33.629Z] [INFO] [IPC] set-productive-apps | {"count":21}
[2026-04-18T07:32:37.081Z] [INFO] [IPC] set-productive-apps | {"count":20}
[2026-04-18T07:32:38.501Z] [INFO] [IPC] get-productive-stats | {}
[2026-04-18T07:32:43.180Z] [INFO] [IPC] set-productive-apps | {"count":19}
[2026-04-18T07:32:46.487Z] [INFO] [IPC] set-productive-apps | {"count":18}
[2026-04-18T07:32:47.913Z] [INFO] [IPC] get-productive-stats | {}
[2026-04-18T07:33:18.943Z] [INFO] [Health] 24 apps today | 2160 total records
[2026-04-18T13:21:50.601Z] [INFO] [Main] All IPC handlers registered
[2026-04-18T13:21:50.602Z] [INFO] [Main] Creating window | preload exists: true
[2026-04-18T13:21:50.731Z] [INFO] [Main] Startup sync — 13 productive, 11 distracting
[2026-04-18T13:21:53.639Z] [INFO] [IPC] get-productive-stats | {}
[2026-04-18T13:22:07.919Z] [INFO] [IPC] get-productive-stats | {}
[2026-04-18T13:22:17.469Z] [INFO] [IPC] set-productive-apps | {"count":22}
[2026-04-18T13:22:20.460Z] [INFO] [IPC] get-productive-stats | {}
[2026-04-18T13:22:24.570Z] [INFO] [IPC] set-productive-apps | {"count":21}
[2026-04-18T13:22:27.974Z] [INFO] [IPC] set-productive-apps | {"count":20}
[2026-04-18T13:22:29.479Z] [INFO] [IPC] get-productive-stats | {}
[2026-04-18T13:22:38.137Z] [INFO] [IPC] set-productive-apps | {"count":19}
[2026-04-18T13:22:41.532Z] [INFO] [IPC] set-productive-apps | {"count":18}
[2026-04-18T13:22:42.669Z] [INFO] [IPC] get-productive-stats | {}
[2026-04-18T13:22:44.958Z] [INFO] [IPC] get-productive-stats | {"dateFilter":"2026-04-18","mode":"single"}
[2026-04-18T13:22:50.750Z] [INFO] [Health] 24 apps today | 2158 total records
[2026-04-18T13:23:50.771Z] [INFO] [Health] 24 apps today | 2165 total records
[2026-04-18T13:24:50.787Z] [INFO] [Health] 24 apps today | 2165 total records
[2026-04-18T13:25:21.993Z] [INFO] [IPC] get-productive-stats | {"dateFilter":"2026-04-18","mode":"single"}
[2026-04-18T13:25:43.383Z] [INFO] [IPC] get-productive-stats | {"dateFilter":"2026-04-17","mode":"single"}
[2026-04-18T13:25:44.094Z] [INFO] [IPC] get-productive-stats | {"dateFilter":"2026-04-12","mode":"range"}
[2026-04-18T13:25:50.800Z] [INFO] [Health] 24 apps today | 2167 total records
[2026-04-18T13:26:50.810Z] [INFO] [Health] 24 apps today | 2167 total records
[2026-04-18T13:27:37.947Z] [INFO] [IPC] get-productive-stats | {"dateFilter":"2026-04-12","mode":"range"}
[2026-04-18T13:27:50.825Z] [INFO] [Health] 24 apps today | 2167 total records
[2026-04-18T13:28:02.931Z] [INFO] [IPC] get-productive-stats | {"dateFilter":{"dateFilter":"2026-04-12","mode":"range"}}
[2026-04-18T13:28:02.933Z] [ERROR] [IPC] get-productive-stats failed: Too few parameter values were provided
[2026-04-18T13:28:02.936Z] [ERROR] [IPC] get-time-distribution failed: Too few parameter values were provided
[2026-04-18T13:28:02.938Z] [ERROR] [IPC] get-app-breakdown failed: Too few parameter values were provided
[2026-04-18T13:28:02.940Z] [ERROR] [IPC] get-top-distractions failed: Too few parameter values were provided
[2026-04-18T13:28:02.945Z] [ERROR] [IPC] get-focus-sessions failed: Too few parameter values were provided
[2026-04-18T13:28:38.437Z] [INFO] [IPC] get-productive-stats | {"dateFilter":{"dateFilter":"2026-04-18","mode":"single"}}
[2026-04-18T13:28:38.439Z] [ERROR] [IPC] get-productive-stats failed: Too few parameter values were provided
[2026-04-18T13:28:38.440Z] [ERROR] [IPC] get-time-distribution failed: Too few parameter values were provided
[2026-04-18T13:28:38.442Z] [ERROR] [IPC] get-app-breakdown failed: Too few parameter values were provided
[2026-04-18T13:28:38.443Z] [ERROR] [IPC] get-top-distractions failed: Too few parameter values were provided
[2026-04-18T13:28:38.445Z] [ERROR] [IPC] get-focus-sessions failed: Too few parameter values were provided
[2026-04-18T13:28:40.133Z] [INFO] [Main] All windows closed
[2026-04-18T13:28:57.078Z] [INFO] [Main] All IPC handlers registered
[2026-04-18T13:28:57.080Z] [INFO] [Main] Creating window | preload exists: true
[2026-04-18T13:28:57.256Z] [INFO] [Main] Startup sync — 11 productive, 13 distracting
[2026-04-18T13:29:00.465Z] [INFO] [IPC] get-productive-stats | {}
[2026-04-18T13:29:01.781Z] [INFO] [IPC] get-productive-stats | {"dateFilter":"2026-04-18","mode":"single"}
[2026-04-18T13:29:57.265Z] [INFO] [Health] 24 apps today | 2174 total records
[2026-04-18T13:30:57.272Z] [INFO] [Health] 24 apps today | 2175 total records
[2026-04-18T13:31:57.273Z] [INFO] [Health] 24 apps today | 2175 total records
[2026-04-18T13:33:53.473Z] [INFO] [Health] 24 apps today | 2175 total records
[2026-04-18T13:33:58.196Z] [INFO] [IPC] get-productive-stats | {"dateFilter":"2026-04-18","mode":"single"}
[2026-04-18T13:34:15.109Z] [INFO] [Main] All IPC handlers registered
[2026-04-18T13:34:15.111Z] [INFO] [Main] Creating window | preload exists: true
[2026-04-18T13:34:15.253Z] [INFO] [Main] Startup sync — 11 productive, 13 distracting
[2026-04-18T13:34:18.620Z] [INFO] [IPC] get-productive-stats | {"dateFilter":null,"mode":null}
[2026-04-18T13:34:59.383Z] [INFO] [Main] All IPC handlers registered
[2026-04-18T13:34:59.385Z] [INFO] [Main] Creating window | preload exists: true
[2026-04-18T13:34:59.556Z] [INFO] [Main] Startup sync — 11 productive, 13 distracting
[2026-04-18T13:35:02.544Z] [INFO] [IPC] get-productive-stats | {"dateFilter":null,"mode":null}
[2026-04-18T13:36:52.856Z] [INFO] [Main] All IPC handlers registered
[2026-04-18T13:36:52.858Z] [INFO] [Main] Creating window | preload exists: true
[2026-04-18T13:36:53.017Z] [INFO] [Main] Startup sync — 11 productive, 13 distracting
[2026-04-18T13:36:56.308Z] [INFO] [IPC] get-productive-stats | {"dateFilter":null,"mode":null}
[2026-04-18T13:36:58.648Z] [INFO] [IPC] get-productive-stats | {"dateFilter":"2026-04-18","mode":"single"}
[2026-04-18T13:37:01.308Z] [INFO] [IPC] get-productive-stats | {"dateFilter":null,"mode":null}
[2026-04-18T13:37:05.524Z] [INFO] [IPC] get-productive-stats | {"dateFilter":null,"mode":null}
[2026-04-18T13:37:07.556Z] [INFO] [IPC] get-productive-stats | {"dateFilter":"2026-04-18","mode":"single"}
[2026-04-18T13:37:53.033Z] [INFO] [Health] 25 apps today | 2198 total records
[2026-04-18T13:38:53.042Z] [INFO] [Health] 25 apps today | 2227 total records
[2026-04-18T13:39:07.636Z] [INFO] [IPC] get-productive-stats | {"dateFilter":"2026-04-17","mode":"single"}
[2026-04-18T13:39:38.078Z] [INFO] [IPC] get-productive-stats | {"dateFilter":"2026-04-18","mode":"single"}
[2026-04-18T13:39:53.051Z] [INFO] [Health] 25 apps today | 2246 total records
[2026-04-18T13:40:53.066Z] [INFO] [Health] 25 apps today | 2253 total records
[2026-04-18T13:41:53.076Z] [INFO] [Health] 25 apps today | 2263 total records
[2026-04-18T13:42:53.080Z] [INFO] [Health] 25 apps today | 2270 total records
[2026-04-18T13:43:42.914Z] [INFO] [IPC] get-productive-stats | {"dateFilter":"2026-04-18","mode":"single"}
[2026-04-18T13:43:52.565Z] [INFO] [IPC] get-productive-stats | {"dateFilter":"2026-04-17","mode":"single"}
[2026-04-18T13:43:53.095Z] [INFO] [Health] 25 apps today | 2278 total records
[2026-04-18T13:43:53.290Z] [INFO] [IPC] get-productive-stats | {"dateFilter":"2026-04-18","mode":"single"}
[2026-04-18T13:44:15.219Z] [INFO] [IPC] get-productive-stats | {"dateFilter":"2026-04-17","mode":"single"}
[2026-04-18T13:44:53.099Z] [INFO] [Health] 25 apps today | 2293 total records
[2026-04-18T13:45:53.107Z] [INFO] [Health] 25 apps today | 2302 total records
[2026-04-18T13:46:53.112Z] [INFO] [Health] 25 apps today | 2314 total records
[2026-04-18T13:46:58.393Z] [INFO] [IPC] get-productive-stats | {"dateFilter":"2026-04-18","mode":"single"}
[2026-04-18T13:47:09.061Z] [INFO] [Main] All IPC handlers registered
[2026-04-18T13:47:09.063Z] [INFO] [Main] Creating window | preload exists: true
[2026-04-18T13:47:09.236Z] [INFO] [Main] Startup sync — 11 productive, 13 distracting
[2026-04-18T13:47:12.225Z] [INFO] [IPC] get-productive-stats | {"dateFilter":null,"mode":"single"}
[2026-04-18T13:47:12.227Z] [INFO] [StatsService] called — dateFilter: null, mode: single
[2026-04-18T13:47:12.228Z] [INFO] [StatsService] productive apps: ["Windsurf","Electron","Calculator","SnippingTool.exe","Windows Shell Experience Host","ShellHost","WhatsApp.Root","SearchHost.exe","File Picker UI Host","Genshin Impact","Telegram Desktop"]
[2026-04-18T13:47:12.230Z] [INFO] [StatsService] raw rows count: 20
[2026-04-18T13:47:12.231Z] [INFO] [StatsService] result — productive:3723.4299999999994s distracting:10096.520000000002s idle:1673.35s score:26.9%
[2026-04-18T13:47:14.001Z] [INFO] [IPC] get-productive-stats | {"dateFilter":"2026-04-18","mode":"single"}
[2026-04-18T13:47:14.002Z] [INFO] [StatsService] called — dateFilter: 2026-04-18, mode: single
[2026-04-18T13:47:14.003Z] [INFO] [StatsService] productive apps: ["Windsurf","Electron","Calculator","SnippingTool.exe","Windows Shell Experience Host","ShellHost","WhatsApp.Root","SearchHost.exe","File Picker UI Host","Genshin Impact","Telegram Desktop"]
[2026-04-18T13:47:14.005Z] [INFO] [StatsService] raw rows count: 20
[2026-04-18T13:47:14.006Z] [INFO] [StatsService] result — productive:3723.4299999999994s distracting:10096.520000000002s idle:1673.35s score:26.9%
[2026-04-18T13:47:16.032Z] [INFO] [IPC] get-productive-stats | {"dateFilter":"2026-04-17","mode":"single"}
[2026-04-18T13:47:16.033Z] [INFO] [StatsService] called — dateFilter: 2026-04-17, mode: single
[2026-04-18T13:47:16.034Z] [INFO] [StatsService] productive apps: ["Windsurf","Electron","Calculator","SnippingTool.exe","Windows Shell Experience Host","ShellHost","WhatsApp.Root","SearchHost.exe","File Picker UI Host","Genshin Impact","Telegram Desktop"]
[2026-04-18T13:47:16.035Z] [INFO] [StatsService] raw rows count: 8
[2026-04-18T13:47:16.036Z] [INFO] [StatsService] result — productive:767.69s distracting:526.28s idle:86s score:59.3%
[2026-04-18T13:47:17.243Z] [INFO] [IPC] get-productive-stats | {"dateFilter":"2026-04-12","mode":"range"}
[2026-04-18T13:47:17.244Z] [INFO] [StatsService] called — dateFilter: 2026-04-12, mode: range
[2026-04-18T13:47:17.245Z] [INFO] [StatsService] productive apps: ["Windsurf","Electron","Calculator","SnippingTool.exe","Windows Shell Experience Host","ShellHost","WhatsApp.Root","SearchHost.exe","File Picker UI Host","Genshin Impact","Telegram Desktop"]
[2026-04-18T13:47:17.248Z] [INFO] [StatsService] raw rows count: 32
[2026-04-18T13:47:17.249Z] [INFO] [StatsService] result — productive:7622.68s distracting:17309.519999999997s idle:8538.03s score:30.6%
[2026-04-18T13:47:18.453Z] [INFO] [IPC] get-productive-stats | {"dateFilter":"2026-03-20","mode":"range"}
[2026-04-18T13:47:18.454Z] [INFO] [StatsService] called — dateFilter: 2026-03-20, mode: range
[2026-04-18T13:47:18.455Z] [INFO] [StatsService] productive apps: ["Windsurf","Electron","Calculator","SnippingTool.exe","Windows Shell Experience Host","ShellHost","WhatsApp.Root","SearchHost.exe","File Picker UI Host","Genshin Impact","Telegram Desktop"]
[2026-04-18T13:47:18.458Z] [INFO] [StatsService] raw rows count: 34
[2026-04-18T13:47:18.459Z] [INFO] [StatsService] result — productive:8301.239999999998s distracting:18081.73s idle:9160.230000000001s score:31.5%
[2026-04-18T13:47:20.373Z] [INFO] [IPC] get-productive-stats | {"dateFilter":"2026-04-12","mode":"range"}
[2026-04-18T13:47:20.374Z] [INFO] [StatsService] called — dateFilter: 2026-04-12, mode: range
[2026-04-18T13:47:20.375Z] [INFO] [StatsService] productive apps: ["Windsurf","Electron","Calculator","SnippingTool.exe","Windows Shell Experience Host","ShellHost","WhatsApp.Root","SearchHost.exe","File Picker UI Host","Genshin Impact","Telegram Desktop"]
[2026-04-18T13:47:20.378Z] [INFO] [StatsService] raw rows count: 32
[2026-04-18T13:47:20.379Z] [INFO] [StatsService] result — productive:7622.68s distracting:17309.519999999997s idle:8538.03s score:30.6%
[2026-04-18T13:47:20.982Z] [INFO] [IPC] get-productive-stats | {"dateFilter":"2026-04-17","mode":"single"}
[2026-04-18T13:47:20.983Z] [INFO] [StatsService] called — dateFilter: 2026-04-17, mode: single
[2026-04-18T13:47:20.984Z] [INFO] [StatsService] productive apps: ["Windsurf","Electron","Calculator","SnippingTool.exe","Windows Shell Experience Host","ShellHost","WhatsApp.Root","SearchHost.exe","File Picker UI Host","Genshin Impact","Telegram Desktop"]
[2026-04-18T13:47:20.985Z] [INFO] [StatsService] raw rows count: 8
[2026-04-18T13:47:20.986Z] [INFO] [StatsService] result — productive:767.69s distracting:526.28s idle:86s score:59.3%
[2026-04-18T13:47:21.476Z] [INFO] [IPC] get-productive-stats | {"dateFilter":"2026-04-18","mode":"single"}
[2026-04-18T13:47:21.477Z] [INFO] [StatsService] called — dateFilter: 2026-04-18, mode: single
[2026-04-18T13:47:21.478Z] [INFO] [StatsService] productive apps: ["Windsurf","Electron","Calculator","SnippingTool.exe","Windows Shell Experience Host","ShellHost","WhatsApp.Root","SearchHost.exe","File Picker UI Host","Genshin Impact","Telegram Desktop"]
[2026-04-18T13:47:21.479Z] [INFO] [StatsService] raw rows count: 20
[2026-04-18T13:47:21.480Z] [INFO] [StatsService] result — productive:3723.4299999999994s distracting:10096.520000000002s idle:1673.35s score:26.9%
[2026-04-18T13:47:23.084Z] [INFO] [IPC] get-productive-stats | {"dateFilter":"2026-04-17","mode":"single"}
[2026-04-18T13:47:23.085Z] [INFO] [StatsService] called — dateFilter: 2026-04-17, mode: single
[2026-04-18T13:47:23.086Z] [INFO] [StatsService] productive apps: ["Windsurf","Electron","Calculator","SnippingTool.exe","Windows Shell Experience Host","ShellHost","WhatsApp.Root","SearchHost.exe","File Picker UI Host","Genshin Impact","Telegram Desktop"]
[2026-04-18T13:47:23.087Z] [INFO] [StatsService] raw rows count: 8
[2026-04-18T13:47:23.087Z] [INFO] [StatsService] result — productive:767.69s distracting:526.28s idle:86s score:59.3%
[2026-04-18T13:47:24.325Z] [INFO] [IPC] get-productive-stats | {"dateFilter":"2026-04-12","mode":"range"}
[2026-04-18T13:47:24.326Z] [INFO] [StatsService] called — dateFilter: 2026-04-12, mode: range
[2026-04-18T13:47:24.326Z] [INFO] [StatsService] productive apps: ["Windsurf","Electron","Calculator","SnippingTool.exe","Windows Shell Experience Host","ShellHost","WhatsApp.Root","SearchHost.exe","File Picker UI Host","Genshin Impact","Telegram Desktop"]
[2026-04-18T13:47:24.330Z] [INFO] [StatsService] raw rows count: 32
[2026-04-18T13:47:24.330Z] [INFO] [StatsService] result — productive:7622.68s distracting:17309.519999999997s idle:8538.03s score:30.6%
[2026-04-18T13:47:26.354Z] [INFO] [IPC] get-productive-stats | {"dateFilter":"2026-03-20","mode":"range"}
[2026-04-18T13:47:26.355Z] [INFO] [StatsService] called — dateFilter: 2026-03-20, mode: range
[2026-04-18T13:47:26.356Z] [INFO] [StatsService] productive apps: ["Windsurf","Electron","Calculator","SnippingTool.exe","Windows Shell Experience Host","ShellHost","WhatsApp.Root","SearchHost.exe","File Picker UI Host","Genshin Impact","Telegram Desktop"]
[2026-04-18T13:47:26.359Z] [INFO] [StatsService] raw rows count: 34
[2026-04-18T13:47:26.360Z] [INFO] [StatsService] result — productive:8301.239999999998s distracting:18081.73s idle:9160.230000000001s score:31.5%
[2026-04-18T13:47:27.589Z] [INFO] [IPC] get-productive-stats | {"dateFilter":"2026-04-17","mode":"single"}
[2026-04-18T13:47:27.590Z] [INFO] [StatsService] called — dateFilter: 2026-04-17, mode: single
[2026-04-18T13:47:27.591Z] [INFO] [StatsService] productive apps: ["Windsurf","Electron","Calculator","SnippingTool.exe","Windows Shell Experience Host","ShellHost","WhatsApp.Root","SearchHost.exe","File Picker UI Host","Genshin Impact","Telegram Desktop"]
[2026-04-18T13:47:27.592Z] [INFO] [StatsService] raw rows count: 8
[2026-04-18T13:47:27.593Z] [INFO] [StatsService] result — productive:767.69s distracting:526.28s idle:86s score:59.3%
[2026-04-18T13:47:29.063Z] [INFO] [IPC] get-productive-stats | {"dateFilter":"2026-04-12","mode":"range"}
[2026-04-18T13:47:29.064Z] [INFO] [StatsService] called — dateFilter: 2026-04-12, mode: range
[2026-04-18T13:47:29.065Z] [INFO] [StatsService] productive apps: ["Windsurf","Electron","Calculator","SnippingTool.exe","Windows Shell Experience Host","ShellHost","WhatsApp.Root","SearchHost.exe","File Picker UI Host","Genshin Impact","Telegram Desktop"]
[2026-04-18T13:47:29.068Z] [INFO] [StatsService] raw rows count: 32
[2026-04-18T13:47:29.068Z] [INFO] [StatsService] result — productive:7622.68s distracting:17309.519999999997s idle:8538.03s score:30.6%
[2026-04-18T13:47:31.387Z] [INFO] [IPC] get-productive-stats | {"dateFilter":"2026-03-20","mode":"range"}
[2026-04-18T13:47:31.388Z] [INFO] [StatsService] called — dateFilter: 2026-03-20, mode: range
[2026-04-18T13:47:31.389Z] [INFO] [StatsService] productive apps: ["Windsurf","Electron","Calculator","SnippingTool.exe","Windows Shell Experience Host","ShellHost","WhatsApp.Root","SearchHost.exe","File Picker UI Host","Genshin Impact","Telegram Desktop"]
[2026-04-18T13:47:31.392Z] [INFO] [StatsService] raw rows count: 34
[2026-04-18T13:47:31.393Z] [INFO] [StatsService] result — productive:8301.239999999998s distracting:18081.73s idle:9160.230000000001s score:31.5%
[2026-04-18T13:47:33.650Z] [INFO] [IPC] get-productive-stats | {"dateFilter":"2026-04-18","mode":"single"}
[2026-04-18T13:47:33.651Z] [INFO] [StatsService] called — dateFilter: 2026-04-18, mode: single
[2026-04-18T13:47:33.652Z] [INFO] [StatsService] productive apps: ["Windsurf","Electron","Calculator","SnippingTool.exe","Windows Shell Experience Host","ShellHost","WhatsApp.Root","SearchHost.exe","File Picker UI Host","Genshin Impact","Telegram Desktop"]
[2026-04-18T13:47:33.654Z] [INFO] [StatsService] raw rows count: 20
[2026-04-18T13:47:33.654Z] [INFO] [StatsService] result — productive:3723.4299999999994s distracting:10096.520000000002s idle:1673.35s score:26.9%
[2026-04-18T13:47:34.515Z] [INFO] [IPC] get-productive-stats | {"dateFilter":"2026-04-17","mode":"single"}
[2026-04-18T13:47:34.516Z] [INFO] [StatsService] called — dateFilter: 2026-04-17, mode: single
[2026-04-18T13:47:34.517Z] [INFO] [StatsService] productive apps: ["Windsurf","Electron","Calculator","SnippingTool.exe","Windows Shell Experience Host","ShellHost","WhatsApp.Root","SearchHost.exe","File Picker UI Host","Genshin Impact","Telegram Desktop"]
[2026-04-18T13:47:34.518Z] [INFO] [StatsService] raw rows count: 8
[2026-04-18T13:47:34.519Z] [INFO] [StatsService] result — productive:767.69s distracting:526.28s idle:86s score:59.3%
[2026-04-18T13:48:09.255Z] [INFO] [Health] 25 apps today | 2328 total records
[2026-04-18T13:48:44.287Z] [INFO] [IPC] get-productive-stats | {"dateFilter":null,"mode":"single"}
[2026-04-18T13:48:44.287Z] [INFO] [StatsService] called — dateFilter: null, mode: single
[2026-04-18T13:48:44.288Z] [INFO] [StatsService] productive apps: ["Windsurf","Electron","Calculator","SnippingTool.exe","Windows Shell Experience Host","ShellHost","WhatsApp.Root","SearchHost.exe","File Picker UI Host","Genshin Impact","Telegram Desktop"]
[2026-04-18T13:48:44.290Z] [INFO] [StatsService] raw rows count: 20
[2026-04-18T13:48:44.291Z] [INFO] [StatsService] result — productive:3806.12s distracting:10099.560000000001s idle:1673.35s score:27.4%
[2026-04-18T13:48:52.627Z] [INFO] [IPC] get-productive-stats | {"dateFilter":null,"mode":"single"}
[2026-04-18T13:48:52.628Z] [INFO] [StatsService] called — dateFilter: null, mode: single
[2026-04-18T13:48:52.628Z] [INFO] [StatsService] productive apps: ["Windsurf","Electron","Calculator","SnippingTool.exe","Windows Shell Experience Host","ShellHost","WhatsApp.Root","SearchHost.exe","File Picker UI Host","Genshin Impact","Telegram Desktop"]
[2026-04-18T13:48:52.630Z] [INFO] [StatsService] raw rows count: 20
[2026-04-18T13:48:52.631Z] [INFO] [StatsService] result — productive:3806.12s distracting:10099.560000000001s idle:1673.35s score:27.4%
[2026-04-18T13:49:03.968Z] [INFO] [IPC] set-productive-apps | {"count":19}
[2026-04-18T13:49:06.924Z] [INFO] [IPC] set-productive-apps | {"count":21}
[2026-04-18T13:49:09.265Z] [INFO] [Health] 25 apps today | 2338 total records
[2026-04-18T13:49:12.620Z] [INFO] [IPC] get-productive-stats | {"dateFilter":null,"mode":"single"}
[2026-04-18T13:49:12.620Z] [INFO] [StatsService] called — dateFilter: null, mode: single
[2026-04-18T13:49:12.621Z] [INFO] [StatsService] productive apps: ["Google Chrome","Windsurf","Electron","Calculator","SnippingTool.exe","Windows Shell Experience Host","ShellHost","WhatsApp.Root","SearchHost.exe","LockApp.exe","File Picker UI Host","Genshin Impact","Telegram Desktop"]
[2026-04-18T13:49:12.623Z] [INFO] [StatsService] raw rows count: 20
[2026-04-18T13:49:12.624Z] [INFO] [StatsService] result — productive:10913.11s distracting:2992.57s idle:1673.35s score:78.5%
[2026-04-18T13:49:15.338Z] [INFO] [IPC] get-productive-stats | {"dateFilter":null,"mode":"single"}
[2026-04-18T13:49:15.339Z] [INFO] [StatsService] called — dateFilter: null, mode: single
[2026-04-18T13:49:15.340Z] [INFO] [StatsService] productive apps: ["Google Chrome","Windsurf","Electron","Calculator","SnippingTool.exe","Windows Shell Experience Host","ShellHost","WhatsApp.Root","SearchHost.exe","LockApp.exe","File Picker UI Host","Genshin Impact","Telegram Desktop"]
[2026-04-18T13:49:15.341Z] [INFO] [StatsService] raw rows count: 20
[2026-04-18T13:49:15.342Z] [INFO] [StatsService] result — productive:10913.11s distracting:2992.57s idle:1673.35s score:78.5%
[2026-05-21T06:29:17.959Z] [INFO] [Main] All IPC handlers registered
[2026-05-21T06:29:17.961Z] [INFO] [Main] Creating window | preload exists: true
[2026-05-21T06:29:18.120Z] [INFO] [Main] Startup sync — 13 productive, 11 distracting
[2026-05-21T06:29:21.063Z] [INFO] [IPC] get-productive-stats | {"dateFilter":null,"mode":"single"}
[2026-05-21T06:29:21.064Z] [INFO] [StatsService] called — dateFilter: null, mode: single
[2026-05-21T06:29:21.066Z] [INFO] [StatsService] productive apps: ["Google Chrome","Windsurf","Electron","Calculator","SnippingTool.exe","Windows Shell Experience Host","ShellHost","WhatsApp.Root","SearchHost.exe","LockApp.exe","File Picker UI Host","Genshin Impact","Telegram Desktop"]
[2026-05-21T06:29:21.067Z] [INFO] [StatsService] raw rows count: 0
[2026-05-21T06:29:21.068Z] [INFO] [StatsService] result — productive:0s distracting:0s idle:0s score:0.0%
[2026-05-21T06:29:28.526Z] [INFO] [IPC] get-productive-stats | {"dateFilter":"2026-05-21","mode":"single"}
[2026-05-21T06:29:28.526Z] [INFO] [StatsService] called — dateFilter: 2026-05-21, mode: single
[2026-05-21T06:29:28.527Z] [INFO] [StatsService] productive apps: ["Google Chrome","Windsurf","Electron","Calculator","SnippingTool.exe","Windows Shell Experience Host","ShellHost","WhatsApp.Root","SearchHost.exe","LockApp.exe","File Picker UI Host","Genshin Impact","Telegram Desktop"]
[2026-05-21T06:29:28.528Z] [INFO] [StatsService] raw rows count: 0
[2026-05-21T06:29:28.528Z] [INFO] [StatsService] result — productive:0s distracting:0s idle:0s score:0.0%
[2026-05-21T06:29:41.918Z] [INFO] [IPC] get-productive-stats | {"dateFilter":null,"mode":"single"}
[2026-05-21T06:29:41.919Z] [INFO] [StatsService] called — dateFilter: null, mode: single
[2026-05-21T06:29:41.920Z] [INFO] [StatsService] productive apps: ["Google Chrome","Windsurf","Electron","Calculator","SnippingTool.exe","Windows Shell Experience Host","ShellHost","WhatsApp.Root","SearchHost.exe","LockApp.exe","File Picker UI Host","Genshin Impact","Telegram Desktop"]
[2026-05-21T06:29:41.920Z] [INFO] [StatsService] raw rows count: 0
[2026-05-21T06:29:41.920Z] [INFO] [StatsService] result — productive:0s distracting:0s idle:0s score:0.0%
[2026-05-21T06:29:50.069Z] [INFO] [IPC] get-productive-stats | {"dateFilter":null,"mode":"single"}
[2026-05-21T06:29:50.070Z] [INFO] [StatsService] called — dateFilter: null, mode: single
[2026-05-21T06:29:50.070Z] [INFO] [StatsService] productive apps: ["Google Chrome","Windsurf","Electron","Calculator","SnippingTool.exe","Windows Shell Experience Host","ShellHost","WhatsApp.Root","SearchHost.exe","LockApp.exe","File Picker UI Host","Genshin Impact","Telegram Desktop"]
[2026-05-21T06:29:50.071Z] [INFO] [StatsService] raw rows count: 0
[2026-05-21T06:29:50.071Z] [INFO] [StatsService] result — productive:0s distracting:0s idle:0s score:0.0%
[2026-05-21T06:30:18.135Z] [INFO] [Health] 2 apps today | 2343 total records
[2026-05-21T06:31:00.054Z] [INFO] [IPC] get-productive-stats | {"dateFilter":"2026-05-21","mode":"single"}
[2026-05-21T06:31:00.055Z] [INFO] [StatsService] called — dateFilter: 2026-05-21, mode: single
[2026-05-21T06:31:00.055Z] [INFO] [StatsService] productive apps: ["Google Chrome","Windsurf","Electron","Calculator","SnippingTool.exe","Windows Shell Experience Host","ShellHost","WhatsApp.Root","SearchHost.exe","LockApp.exe","File Picker UI Host","Genshin Impact","Telegram Desktop"]
[2026-05-21T06:31:00.056Z] [INFO] [StatsService] raw rows count: 3
[2026-05-21T06:31:00.056Z] [INFO] [StatsService] result — productive:96.78999999999999s distracting:1s idle:0s score:99.0%
[2026-05-21T06:31:00.937Z] [INFO] [IPC] get-productive-stats | {"dateFilter":null,"mode":"single"}
[2026-05-21T06:31:00.937Z] [INFO] [StatsService] called — dateFilter: null, mode: single
[2026-05-21T06:31:00.938Z] [INFO] [StatsService] productive apps: ["Google Chrome","Windsurf","Electron","Calculator","SnippingTool.exe","Windows Shell Experience Host","ShellHost","WhatsApp.Root","SearchHost.exe","LockApp.exe","File Picker UI Host","Genshin Impact","Telegram Desktop"]
[2026-05-21T06:31:00.938Z] [INFO] [StatsService] raw rows count: 3
[2026-05-21T06:31:00.939Z] [INFO] [StatsService] result — productive:96.78999999999999s distracting:1s idle:0s score:99.0%
[2026-05-21T06:31:04.788Z] [INFO] [IPC] get-productive-stats | {"dateFilter":"2026-05-21","mode":"single"}
[2026-05-21T06:31:04.789Z] [INFO] [StatsService] called — dateFilter: 2026-05-21, mode: single
[2026-05-21T06:31:04.790Z] [INFO] [StatsService] productive apps: ["Google Chrome","Windsurf","Electron","Calculator","SnippingTool.exe","Windows Shell Experience Host","ShellHost","WhatsApp.Root","SearchHost.exe","LockApp.exe","File Picker UI Host","Genshin Impact","Telegram Desktop"]
[2026-05-21T06:31:04.790Z] [INFO] [StatsService] raw rows count: 3
[2026-05-21T06:31:04.791Z] [INFO] [StatsService] result — productive:96.78999999999999s distracting:1s idle:0s score:99.0%
[2026-05-21T06:31:11.125Z] [INFO] [IPC] get-productive-stats | {"dateFilter":null,"mode":"single"}
[2026-05-21T06:31:11.126Z] [INFO] [StatsService] called — dateFilter: null, mode: single
[2026-05-21T06:31:11.127Z] [INFO] [StatsService] productive apps: ["Google Chrome","Windsurf","Electron","Calculator","SnippingTool.exe","Windows Shell Experience Host","ShellHost","WhatsApp.Root","SearchHost.exe","LockApp.exe","File Picker UI Host","Genshin Impact","Telegram Desktop"]
[2026-05-21T06:31:11.127Z] [INFO] [StatsService] raw rows count: 3
[2026-05-21T06:31:11.128Z] [INFO] [StatsService] result — productive:96.78999999999999s distracting:1s idle:0s score:99.0%
[2026-05-21T06:31:18.141Z] [INFO] [Health] 3 apps today | 2344 total records
[2026-05-21T06:32:18.155Z] [INFO] [Health] 4 apps today | 2348 total records
[2026-05-21T06:33:11.919Z] [INFO] [IPC] get-productive-stats | {"dateFilter":null,"mode":"single"}
[2026-05-21T06:33:11.920Z] [INFO] [StatsService] called — dateFilter: null, mode: single
[2026-05-21T06:33:11.921Z] [INFO] [StatsService] productive apps: ["Google Chrome","Windsurf","Electron","Calculator","SnippingTool.exe","Windows Shell Experience Host","ShellHost","WhatsApp.Root","SearchHost.exe","LockApp.exe","File Picker UI Host","Genshin Impact","Telegram Desktop"]
[2026-05-21T06:33:11.923Z] [INFO] [StatsService] raw rows count: 5
[2026-05-21T06:33:11.924Z] [INFO] [StatsService] result — productive:163.49s distracting:2.01s idle:66.76s score:98.8%
[2026-05-21T06:33:18.160Z] [INFO] [Health] 4 apps today | 2349 total records
[2026-05-21T06:34:18.161Z] [INFO] [Health] 4 apps today | 2349 total records
[2026-05-21T06:35:11.914Z] [INFO] [IPC] get-productive-stats | {"dateFilter":null,"mode":"single"}
[2026-05-21T06:35:11.915Z] [INFO] [StatsService] called — dateFilter: null, mode: single
[2026-05-21T06:35:11.917Z] [INFO] [StatsService] productive apps: ["Google Chrome","Windsurf","Electron","Calculator","SnippingTool.exe","Windows Shell Experience Host","ShellHost","WhatsApp.Root","SearchHost.exe","LockApp.exe","File Picker UI Host","Genshin Impact","Telegram Desktop"]
[2026-05-21T06:35:11.919Z] [INFO] [StatsService] raw rows count: 5
[2026-05-21T06:35:11.921Z] [INFO] [StatsService] result — productive:163.49s distracting:2.01s idle:66.76s score:98.8%
[2026-05-21T06:35:18.169Z] [INFO] [Health] 4 apps today | 2349 total records
[2026-05-21T06:35:49.065Z] [INFO] [IPC] get-productive-stats | {"dateFilter":"2026-05-21","mode":"single"}
[2026-05-21T06:35:49.065Z] [INFO] [StatsService] called — dateFilter: 2026-05-21, mode: single
[2026-05-21T06:35:49.066Z] [INFO] [StatsService] productive apps: ["Google Chrome","Windsurf","Electron","Calculator","SnippingTool.exe","Windows Shell Experience Host","ShellHost","WhatsApp.Root","SearchHost.exe","LockApp.exe","File Picker UI Host","Genshin Impact","Telegram Desktop"]
[2026-05-21T06:35:49.067Z] [INFO] [StatsService] raw rows count: 5
[2026-05-21T06:35:49.067Z] [INFO] [StatsService] result — productive:165.5s distracting:3.02s idle:66.76s score:98.2%
[2026-05-21T06:35:50.155Z] [INFO] [IPC] get-productive-stats | {"dateFilter":null,"mode":"single"}
[2026-05-21T06:35:50.155Z] [INFO] [StatsService] called — dateFilter: null, mode: single
[2026-05-21T06:35:50.156Z] [INFO] [StatsService] productive apps: ["Google Chrome","Windsurf","Electron","Calculator","SnippingTool.exe","Windows Shell Experience Host","ShellHost","WhatsApp.Root","SearchHost.exe","LockApp.exe","File Picker UI Host","Genshin Impact","Telegram Desktop"]
[2026-05-21T06:35:50.156Z] [INFO] [StatsService] raw rows count: 5
[2026-05-21T06:35:50.157Z] [INFO] [StatsService] result — productive:165.5s distracting:3.02s idle:66.76s score:98.2%
[2026-05-21T06:35:55.860Z] [INFO] [IPC] get-productive-stats | {"dateFilter":"2026-05-21","mode":"single"}
[2026-05-21T06:35:55.860Z] [INFO] [StatsService] called — dateFilter: 2026-05-21, mode: single
[2026-05-21T06:35:55.861Z] [INFO] [StatsService] productive apps: ["Google Chrome","Windsurf","Electron","Calculator","SnippingTool.exe","Windows Shell Experience Host","ShellHost","WhatsApp.Root","SearchHost.exe","LockApp.exe","File Picker UI Host","Genshin Impact","Telegram Desktop"]
[2026-05-21T06:35:55.861Z] [INFO] [StatsService] raw rows count: 5
[2026-05-21T06:35:55.862Z] [INFO] [StatsService] result — productive:165.5s distracting:3.02s idle:66.76s score:98.2%
[2026-05-21T06:36:18.172Z] [INFO] [Health] 4 apps today | 2353 total records
[2026-05-21T06:37:18.191Z] [INFO] [Health] 6 apps today | 2369 total records
[2026-05-21T06:38:18.208Z] [INFO] [Health] 7 apps today | 2385 total records
[2026-05-21T06:39:18.212Z] [INFO] [Health] 7 apps today | 2405 total records
[2026-05-21T06:40:18.224Z] [INFO] [Health] 7 apps today | 2416 total records
[2026-05-21T06:41:18.226Z] [INFO] [Health] 7 apps today | 2435 total records
[2026-05-21T06:41:56.369Z] [INFO] [IPC] get-productive-stats | {"dateFilter":null,"mode":"single"}
[2026-05-21T06:41:56.370Z] [INFO] [StatsService] called — dateFilter: null, mode: single
[2026-05-21T06:41:56.371Z] [INFO] [StatsService] productive apps: ["Google Chrome","Windsurf","Electron","Calculator","SnippingTool.exe","Windows Shell Experience Host","ShellHost","WhatsApp.Root","SearchHost.exe","LockApp.exe","File Picker UI Host","Genshin Impact","Telegram Desktop"]
[2026-05-21T06:41:56.371Z] [INFO] [StatsService] raw rows count: 8
[2026-05-21T06:41:56.372Z] [INFO] [StatsService] result — productive:415.03s distracting:131.26s idle:66.76s score:76.0%
[2026-05-21T06:42:18.229Z] [INFO] [Health] 7 apps today | 2446 total records
[2026-05-21T06:43:18.232Z] [INFO] [Health] 8 apps today | 2464 total records
[2026-05-21T06:43:56.916Z] [INFO] [IPC] get-productive-stats | {"dateFilter":null,"mode":"single"}
[2026-05-21T06:43:56.919Z] [INFO] [StatsService] called — dateFilter: null, mode: single
[2026-05-21T06:43:56.921Z] [INFO] [StatsService] productive apps: ["Google Chrome","Windsurf","Electron","Calculator","SnippingTool.exe","Windows Shell Experience Host","ShellHost","WhatsApp.Root","SearchHost.exe","LockApp.exe","File Picker UI Host","Genshin Impact","Telegram Desktop"]
[2026-05-21T06:43:56.924Z] [INFO] [StatsService] raw rows count: 9
[2026-05-21T06:43:56.927Z] [INFO] [StatsService] result — productive:493.8999999999999s distracting:154.47s idle:66.76s score:76.2%
[2026-05-21T06:44:18.244Z] [INFO] [Health] 8 apps today | 2478 total records
[2026-05-21T06:45:18.243Z] [INFO] [Health] 8 apps today | 2500 total records
[2026-05-21T06:45:56.908Z] [INFO] [IPC] get-productive-stats | {"dateFilter":null,"mode":"single"}
[2026-05-21T06:45:56.909Z] [INFO] [StatsService] called — dateFilter: null, mode: single
[2026-05-21T06:45:56.911Z] [INFO] [StatsService] productive apps: ["Google Chrome","Windsurf","Electron","Calculator","SnippingTool.exe","Windows Shell Experience Host","ShellHost","WhatsApp.Root","SearchHost.exe","LockApp.exe","File Picker UI Host","Genshin Impact","Telegram Desktop"]
[2026-05-21T06:45:56.913Z] [INFO] [StatsService] raw rows count: 9
[2026-05-21T06:45:56.914Z] [INFO] [StatsService] result — productive:545.48s distracting:223.2s idle:66.76s score:71.0%
[2026-05-21T06:46:18.246Z] [INFO] [Health] 8 apps today | 2508 total records
[2026-05-21T06:47:18.248Z] [INFO] [Health] 8 apps today | 2524 total records
[2026-05-21T06:47:56.909Z] [INFO] [IPC] get-productive-stats | {"dateFilter":null,"mode":"single"}
[2026-05-21T06:47:56.911Z] [INFO] [StatsService] called — dateFilter: null, mode: single
[2026-05-21T06:47:56.913Z] [INFO] [StatsService] productive apps: ["Google Chrome","Windsurf","Electron","Calculator","SnippingTool.exe","Windows Shell Experience Host","ShellHost","WhatsApp.Root","SearchHost.exe","LockApp.exe","File Picker UI Host","Genshin Impact","Telegram Desktop"]
[2026-05-21T06:47:56.916Z] [INFO] [StatsService] raw rows count: 9
[2026-05-21T06:47:56.918Z] [INFO] [StatsService] result — productive:661.72s distracting:245.42000000000002s idle:66.76s score:72.9%
[2026-05-21T06:48:18.255Z] [INFO] [Health] 8 apps today | 2535 total records
[2026-05-21T06:49:18.262Z] [INFO] [Health] 8 apps today | 2538 total records
[2026-05-21T06:49:56.908Z] [INFO] [IPC] get-productive-stats | {"dateFilter":null,"mode":"single"}
[2026-05-21T06:49:56.909Z] [INFO] [StatsService] called — dateFilter: null, mode: single
[2026-05-21T06:49:56.911Z] [INFO] [StatsService] productive apps: ["Google Chrome","Windsurf","Electron","Calculator","SnippingTool.exe","Windows Shell Experience Host","ShellHost","WhatsApp.Root","SearchHost.exe","LockApp.exe","File Picker UI Host","Genshin Impact","Telegram Desktop"]
[2026-05-21T06:49:56.913Z] [INFO] [StatsService] raw rows count: 9
[2026-05-21T06:49:56.915Z] [INFO] [StatsService] result — productive:693.04s distracting:245.42000000000002s idle:66.76s score:73.8%
[2026-05-21T06:50:18.267Z] [INFO] [Health] 8 apps today | 2541 total records
[2026-05-21T06:51:18.267Z] [INFO] [Health] 8 apps today | 2555 total records
[2026-05-21T06:51:56.910Z] [INFO] [IPC] get-productive-stats | {"dateFilter":null,"mode":"single"}
[2026-05-21T06:51:56.912Z] [INFO] [StatsService] called — dateFilter: null, mode: single
[2026-05-21T06:51:56.913Z] [INFO] [StatsService] productive apps: ["Google Chrome","Windsurf","Electron","Calculator","SnippingTool.exe","Windows Shell Experience Host","ShellHost","WhatsApp.Root","SearchHost.exe","LockApp.exe","File Picker UI Host","Genshin Impact","Telegram Desktop"]
[2026-05-21T06:51:56.915Z] [INFO] [StatsService] raw rows count: 9
[2026-05-21T06:51:56.917Z] [INFO] [StatsService] result — productive:818.3000000000001s distracting:327.21s idle:66.76s score:71.4%
[2026-05-21T06:52:18.278Z] [INFO] [Health] 8 apps today | 2574 total records
[2026-05-21T06:53:18.282Z] [INFO] [Health] 8 apps today | 2586 total records
[2026-05-21T06:53:56.912Z] [INFO] [IPC] get-productive-stats | {"dateFilter":null,"mode":"single"}
[2026-05-21T06:53:56.914Z] [INFO] [StatsService] called — dateFilter: null, mode: single
[2026-05-21T06:53:56.915Z] [INFO] [StatsService] productive apps: ["Google Chrome","Windsurf","Electron","Calculator","SnippingTool.exe","Windows Shell Experience Host","ShellHost","WhatsApp.Root","SearchHost.exe","LockApp.exe","File Picker UI Host","Genshin Impact","Telegram Desktop"]
[2026-05-21T06:53:56.917Z] [INFO] [StatsService] raw rows count: 9
[2026-05-21T06:53:56.918Z] [INFO] [StatsService] result — productive:914.2199999999999s distracting:347.42s idle:66.76s score:72.5%
[2026-05-21T06:54:18.288Z] [INFO] [Health] 8 apps today | 2605 total records
[2026-05-21T06:55:18.300Z] [INFO] [Health] 8 apps today | 2620 total records
[2026-05-21T06:56:18.301Z] [INFO] [Health] 8 apps today | 2635 total records
[2026-05-21T06:56:23.917Z] [INFO] [IPC] get-productive-stats | {"dateFilter":null,"mode":"single"}
[2026-05-21T06:56:23.918Z] [INFO] [StatsService] called — dateFilter: null, mode: single
[2026-05-21T06:56:23.919Z] [INFO] [StatsService] productive apps: ["Google Chrome","Windsurf","Electron","Calculator","SnippingTool.exe","Windows Shell Experience Host","ShellHost","WhatsApp.Root","SearchHost.exe","LockApp.exe","File Picker UI Host","Genshin Impact","Telegram Desktop"]
[2026-05-21T06:56:23.921Z] [INFO] [StatsService] raw rows count: 9
[2026-05-21T06:56:23.923Z] [INFO] [StatsService] result — productive:1007.1899999999999s distracting:398.93s idle:66.76s score:71.6%
[2026-05-21T06:57:18.315Z] [INFO] [Health] 8 apps today | 2641 total records
[2026-05-21T06:58:18.331Z] [INFO] [Health] 8 apps today | 2651 total records
[2026-05-21T06:58:25.912Z] [INFO] [IPC] get-productive-stats | {"dateFilter":null,"mode":"single"}
[2026-05-21T06:58:25.914Z] [INFO] [StatsService] called — dateFilter: null, mode: single
[2026-05-21T06:58:25.915Z] [INFO] [StatsService] productive apps: ["Google Chrome","Windsurf","Electron","Calculator","SnippingTool.exe","Windows Shell Experience Host","ShellHost","WhatsApp.Root","SearchHost.exe","LockApp.exe","File Picker UI Host","Genshin Impact","Telegram Desktop"]
[2026-05-21T06:58:25.917Z] [INFO] [StatsService] raw rows count: 9
[2026-05-21T06:58:25.918Z] [INFO] [StatsService] result — productive:1124.5s distracting:403.97s idle:66.76s score:73.6%
[2026-05-21T06:59:18.337Z] [INFO] [Health] 8 apps today | 2651 total records
[2026-05-21T07:00:18.351Z] [INFO] [Health] 8 apps today | 2662 total records
[2026-05-21T07:00:27.913Z] [INFO] [IPC] get-productive-stats | {"dateFilter":null,"mode":"single"}
[2026-05-21T07:00:27.915Z] [INFO] [StatsService] called — dateFilter: null, mode: single
[2026-05-21T07:00:27.916Z] [INFO] [StatsService] productive apps: ["Google Chrome","Windsurf","Electron","Calculator","SnippingTool.exe","Windows Shell Experience Host","ShellHost","WhatsApp.Root","SearchHost.exe","LockApp.exe","File Picker UI Host","Genshin Impact","Telegram Desktop"]
[2026-05-21T07:00:27.919Z] [INFO] [StatsService] raw rows count: 9
[2026-05-21T07:00:27.921Z] [INFO] [StatsService] result — productive:1220.56s distracting:434.29999999999995s idle:66.76s score:73.8%
[2026-05-21T07:01:18.352Z] [INFO] [Health] 8 apps today | 2675 total records
[2026-05-21T07:02:18.356Z] [INFO] [Health] 8 apps today | 2691 total records
[2026-05-21T07:02:29.916Z] [INFO] [IPC] get-productive-stats | {"dateFilter":null,"mode":"single"}
[2026-05-21T07:02:29.917Z] [INFO] [StatsService] called — dateFilter: null, mode: single
[2026-05-21T07:02:29.919Z] [INFO] [StatsService] productive apps: ["Google Chrome","Windsurf","Electron","Calculator","SnippingTool.exe","Windows Shell Experience Host","ShellHost","WhatsApp.Root","SearchHost.exe","LockApp.exe","File Picker UI Host","Genshin Impact","Telegram Desktop"]
[2026-05-21T07:02:29.920Z] [INFO] [StatsService] raw rows count: 9
[2026-05-21T07:02:29.922Z] [INFO] [StatsService] result — productive:1313.46s distracting:463.59000000000003s idle:66.76s score:73.9%
[2026-05-21T07:03:18.368Z] [INFO] [Health] 8 apps today | 2708 total records
[2026-05-21T07:04:18.377Z] [INFO] [Health] 8 apps today | 2718 total records
[2026-05-21T07:04:34.914Z] [INFO] [IPC] get-productive-stats | {"dateFilter":null,"mode":"single"}
[2026-05-21T07:04:34.916Z] [INFO] [StatsService] called — dateFilter: null, mode: single
[2026-05-21T07:04:34.917Z] [INFO] [StatsService] productive apps: ["Google Chrome","Windsurf","Electron","Calculator","SnippingTool.exe","Windows Shell Experience Host","ShellHost","WhatsApp.Root","SearchHost.exe","LockApp.exe","File Picker UI Host","Genshin Impact","Telegram Desktop"]
[2026-05-21T07:04:34.919Z] [INFO] [StatsService] raw rows count: 9
[2026-05-21T07:04:34.920Z] [INFO] [StatsService] result — productive:1402.37s distracting:490.85s idle:66.76s score:74.1%
[2026-05-21T07:05:18.387Z] [INFO] [Health] 9 apps today | 2727 total records
[2026-05-21T07:06:18.401Z] [INFO] [Health] 9 apps today | 2732 total records
[2026-05-21T07:06:34.925Z] [INFO] [IPC] get-productive-stats | {"dateFilter":null,"mode":"single"}
[2026-05-21T07:06:34.926Z] [INFO] [StatsService] called — dateFilter: null, mode: single
[2026-05-21T07:06:34.928Z] [INFO] [StatsService] productive apps: ["Google Chrome","Windsurf","Electron","Calculator","SnippingTool.exe","Windows Shell Experience Host","ShellHost","WhatsApp.Root","SearchHost.exe","LockApp.exe","File Picker UI Host","Genshin Impact","Telegram Desktop"]
[2026-05-21T07:06:34.929Z] [INFO] [StatsService] raw rows count: 10
[2026-05-21T07:06:34.930Z] [INFO] [StatsService] result — productive:1517.6799999999998s distracting:506s idle:66.76s score:75.0%
[2026-05-21T07:07:18.412Z] [INFO] [Health] 9 apps today | 2741 total records
[2026-05-21T07:08:18.427Z] [INFO] [Health] 9 apps today | 2769 total records
[2026-05-21T07:08:34.910Z] [INFO] [IPC] get-productive-stats | {"dateFilter":null,"mode":"single"}
[2026-05-21T07:08:34.912Z] [INFO] [StatsService] called — dateFilter: null, mode: single
[2026-05-21T07:08:34.914Z] [INFO] [StatsService] productive apps: ["Google Chrome","Windsurf","Electron","Calculator","SnippingTool.exe","Windows Shell Experience Host","ShellHost","WhatsApp.Root","SearchHost.exe","LockApp.exe","File Picker UI Host","Genshin Impact","Telegram Desktop"]
[2026-05-21T07:08:34.917Z] [INFO] [StatsService] raw rows count: 10
[2026-05-21T07:08:34.919Z] [INFO] [StatsService] result — productive:1586.4s distracting:546.39s idle:66.76s score:74.4%
[2026-05-21T07:09:18.429Z] [INFO] [Health] 9 apps today | 2777 total records
[2026-05-21T07:09:58.038Z] [INFO] [IPC] get-productive-stats | {"dateFilter":null,"mode":"single"}
[2026-05-21T07:09:58.039Z] [INFO] [StatsService] called — dateFilter: null, mode: single
[2026-05-21T07:09:58.040Z] [INFO] [StatsService] productive apps: ["Google Chrome","Windsurf","Electron","Calculator","SnippingTool.exe","Windows Shell Experience Host","ShellHost","WhatsApp.Root","SearchHost.exe","LockApp.exe","File Picker UI Host","Genshin Impact","Telegram Desktop"]
[2026-05-21T07:09:58.041Z] [INFO] [StatsService] raw rows count: 10
[2026-05-21T07:09:58.042Z] [INFO] [StatsService] result — productive:1674.28s distracting:546.39s idle:66.76s score:75.4%
[2026-05-21T07:10:18.434Z] [INFO] [Health] 9 apps today | 2782 total records
[2026-05-21T07:10:20.845Z] [INFO] [IPC] set-productive-apps | {"count":8}
[2026-05-21T07:10:21.953Z] [INFO] [IPC] get-productive-stats | {"dateFilter":null,"mode":"single"}
[2026-05-21T07:10:21.954Z] [INFO] [StatsService] called — dateFilter: null, mode: single
[2026-05-21T07:10:21.954Z] [INFO] [StatsService] productive apps: ["Google Chrome","Photos.exe","Electron","SnippingTool.exe","WhatsApp.Root","Windows Shell Experience Host","SearchHost.exe","Visual Studio Code"]
[2026-05-21T07:10:21.955Z] [INFO] [StatsService] raw rows count: 10
[2026-05-21T07:10:21.955Z] [INFO] [StatsService] result — productive:1959.17s distracting:268.57s idle:66.76s score:87.9%
[2026-05-21T07:10:29.958Z] [INFO] [IPC] set-productive-apps | {"count":7}
[2026-05-21T07:10:33.435Z] [INFO] [IPC] set-productive-apps | {"count":7}
[2026-05-21T07:10:34.639Z] [INFO] [IPC] get-productive-stats | {"dateFilter":null,"mode":"single"}
[2026-05-21T07:10:34.639Z] [INFO] [StatsService] called — dateFilter: null, mode: single
[2026-05-21T07:10:34.640Z] [INFO] [StatsService] productive apps: ["Photos.exe","Electron","SnippingTool.exe","WhatsApp.Root","Windows Shell Experience Host","SearchHost.exe","Visual Studio Code"]
[2026-05-21T07:10:34.641Z] [INFO] [StatsService] raw rows count: 10
[2026-05-21T07:10:34.641Z] [INFO] [StatsService] result — productive:548.5s distracting:1679.24s idle:66.76s score:24.6%
[2026-05-21T07:11:18.446Z] [INFO] [Health] 11 apps today | 2794 total records
[2026-05-21T07:12:18.459Z] [INFO] [Health] 11 apps today | 2805 total records
[2026-05-21T07:12:34.910Z] [INFO] [IPC] get-productive-stats | {"dateFilter":null,"mode":"single"}
[2026-05-21T07:12:34.912Z] [INFO] [StatsService] called — dateFilter: null, mode: single
[2026-05-21T07:12:34.914Z] [INFO] [StatsService] productive apps: ["Photos.exe","Electron","SnippingTool.exe","WhatsApp.Root","Windows Shell Experience Host","SearchHost.exe","Visual Studio Code"]
[2026-05-21T07:12:34.917Z] [INFO] [StatsService] raw rows count: 10
[2026-05-21T07:12:34.919Z] [INFO] [StatsService] result — productive:608.16s distracting:1775.1599999999999s idle:66.76s score:25.5%
[2026-05-21T07:13:18.461Z] [INFO] [Health] 11 apps today | 2819 total records
[2026-05-21T07:14:18.473Z] [INFO] [Health] 11 apps today | 2834 total records
[2026-05-21T07:14:34.918Z] [INFO] [IPC] get-productive-stats | {"dateFilter":null,"mode":"single"}
[2026-05-21T07:14:34.920Z] [INFO] [StatsService] called — dateFilter: null, mode: single
[2026-05-21T07:14:34.922Z] [INFO] [StatsService] productive apps: ["Photos.exe","Electron","SnippingTool.exe","WhatsApp.Root","Windows Shell Experience Host","SearchHost.exe","Visual Studio Code"]
[2026-05-21T07:14:34.925Z] [INFO] [StatsService] raw rows count: 10
[2026-05-21T07:14:34.927Z] [INFO] [StatsService] result — productive:626.3799999999999s distracting:1877.21s idle:66.76s score:25.0%
[2026-05-21T07:15:18.488Z] [INFO] [Health] 11 apps today | 2848 total records
[2026-05-21T07:16:18.494Z] [INFO] [Health] 11 apps today | 2864 total records
[2026-05-21T07:16:34.911Z] [INFO] [IPC] get-productive-stats | {"dateFilter":null,"mode":"single"}
[2026-05-21T07:16:34.913Z] [INFO] [StatsService] called — dateFilter: null, mode: single
[2026-05-21T07:16:34.914Z] [INFO] [StatsService] productive apps: ["Photos.exe","Electron","SnippingTool.exe","WhatsApp.Root","Windows Shell Experience Host","SearchHost.exe","Visual Studio Code"]
[2026-05-21T07:16:34.916Z] [INFO] [StatsService] raw rows count: 10
[2026-05-21T07:16:34.918Z] [INFO] [StatsService] result — productive:646.5899999999999s distracting:1973.2s idle:66.76s score:24.7%
[2026-05-21T07:17:18.501Z] [INFO] [Health] 11 apps today | 2875 total records
[2026-05-21T07:18:18.501Z] [INFO] [Health] 11 apps today | 2898 total records
[2026-05-21T07:18:34.905Z] [INFO] [IPC] get-productive-stats | {"dateFilter":null,"mode":"single"}
[2026-05-21T07:18:34.907Z] [INFO] [StatsService] called — dateFilter: null, mode: single
[2026-05-21T07:18:34.909Z] [INFO] [StatsService] productive apps: ["Photos.exe","Electron","SnippingTool.exe","WhatsApp.Root","Windows Shell Experience Host","SearchHost.exe","Visual Studio Code"]
[2026-05-21T07:18:34.911Z] [INFO] [StatsService] raw rows count: 10
[2026-05-21T07:18:34.913Z] [INFO] [StatsService] result — productive:675.9s distracting:2060.09s idle:66.76s score:24.7%
[2026-05-21T07:19:18.506Z] [INFO] [Health] 11 apps today | 2910 total records
[2026-05-21T07:20:19.392Z] [INFO] [Health] 11 apps today | 2920 total records
[2026-05-21T08:18:18.552Z] [INFO] [Health] 11 apps today | 2921 total records
[2026-05-21T08:18:46.243Z] [INFO] [IPC] get-productive-stats | {"dateFilter":null,"mode":"single"}
[2026-05-21T08:18:46.244Z] [INFO] [StatsService] called — dateFilter: null, mode: single
[2026-05-21T08:18:46.245Z] [INFO] [StatsService] productive apps: ["Photos.exe","Electron","SnippingTool.exe","WhatsApp.Root","Windows Shell Experience Host","SearchHost.exe","Visual Studio Code"]
[2026-05-21T08:18:46.247Z] [INFO] [StatsService] raw rows count: 10
[2026-05-21T08:18:46.248Z] [INFO] [StatsService] result — productive:675.9s distracting:2143.96s idle:3577.3s score:24.0%
[2026-05-21T08:19:01.892Z] [INFO] [IPC] get-productive-stats | {"dateFilter":null,"mode":"single"}
[2026-05-21T08:19:01.893Z] [INFO] [StatsService] called — dateFilter: null, mode: single
[2026-05-21T08:19:01.895Z] [INFO] [StatsService] productive apps: ["Photos.exe","Electron","SnippingTool.exe","WhatsApp.Root","Windows Shell Experience Host","SearchHost.exe","Visual Studio Code"]
[2026-05-21T08:19:01.897Z] [INFO] [StatsService] raw rows count: 10
[2026-05-21T08:19:01.898Z] [INFO] [StatsService] result — productive:675.9s distracting:2143.96s idle:3577.3s score:24.0%
[2026-05-21T08:19:18.549Z] [INFO] [Health] 11 apps today | 2924 total records
[2026-05-21T08:19:40.836Z] [INFO] [IPC] get-productive-stats | {"dateFilter":null,"mode":"single"}
[2026-05-21T08:19:40.838Z] [INFO] [StatsService] called — dateFilter: null, mode: single
[2026-05-21T08:19:40.839Z] [INFO] [StatsService] productive apps: ["Photos.exe","Electron","SnippingTool.exe","WhatsApp.Root","Windows Shell Experience Host","SearchHost.exe","Visual Studio Code"]
[2026-05-21T08:19:40.842Z] [INFO] [StatsService] raw rows count: 10
[2026-05-21T08:19:40.843Z] [INFO] [StatsService] result — productive:675.9s distracting:2214.73s idle:3577.3s score:23.4%
[2026-05-21T08:20:18.570Z] [INFO] [Health] 12 apps today | 2933 total records
[2026-05-21T08:21:18.578Z] [INFO] [Health] 12 apps today | 2933 total records
[2026-05-21T08:21:40.915Z] [INFO] [IPC] get-productive-stats | {"dateFilter":null,"mode":"single"}
[2026-05-21T08:21:40.916Z] [INFO] [StatsService] called — dateFilter: null, mode: single
[2026-05-21T08:21:40.917Z] [INFO] [StatsService] productive apps: ["Photos.exe","Electron","SnippingTool.exe","WhatsApp.Root","Windows Shell Experience Host","SearchHost.exe","Visual Studio Code"]
[2026-05-21T08:21:40.919Z] [INFO] [StatsService] raw rows count: 10
[2026-05-21T08:21:40.920Z] [INFO] [StatsService] result — productive:696.1299999999999s distracting:2299.6499999999996s idle:3577.3s score:23.2%
[2026-05-21T08:22:18.580Z] [INFO] [Health] 12 apps today | 2937 total records
[2026-05-21T08:23:18.592Z] [INFO] [Health] 12 apps today | 2937 total records
[2026-05-21T08:23:40.912Z] [INFO] [IPC] get-productive-stats | {"dateFilter":null,"mode":"single"}
[2026-05-21T08:23:40.913Z] [INFO] [StatsService] called — dateFilter: null, mode: single
[2026-05-21T08:23:40.914Z] [INFO] [StatsService] productive apps: ["Photos.exe","Electron","SnippingTool.exe","WhatsApp.Root","Windows Shell Experience Host","SearchHost.exe","Visual Studio Code"]
[2026-05-21T08:23:40.916Z] [INFO] [StatsService] raw rows count: 10
[2026-05-21T08:23:40.917Z] [INFO] [StatsService] result — productive:696.1299999999999s distracting:2324.93s idle:3577.3s score:23.0%
[2026-05-21T08:24:18.602Z] [INFO] [Health] 12 apps today | 2937 total records
[2026-05-21T08:25:18.612Z] [INFO] [Health] 12 apps today | 2940 total records
[2026-05-21T08:25:40.905Z] [INFO] [IPC] get-productive-stats | {"dateFilter":null,"mode":"single"}
[2026-05-21T08:25:40.906Z] [INFO] [StatsService] called — dateFilter: null, mode: single
[2026-05-21T08:25:40.907Z] [INFO] [StatsService] productive apps: ["Photos.exe","Electron","SnippingTool.exe","WhatsApp.Root","Windows Shell Experience Host","SearchHost.exe","Visual Studio Code"]
[2026-05-21T08:25:40.910Z] [INFO] [StatsService] raw rows count: 10
[2026-05-21T08:25:40.911Z] [INFO] [StatsService] result — productive:696.1299999999999s distracting:2552.45s idle:3577.3s score:21.4%
[2026-05-21T08:26:18.625Z] [INFO] [Health] 12 apps today | 2948 total records
[2026-05-21T08:27:18.640Z] [INFO] [Health] 13 apps today | 2958 total records
[2026-05-21T08:27:40.905Z] [INFO] [IPC] get-productive-stats | {"dateFilter":null,"mode":"single"}
[2026-05-21T08:27:40.906Z] [INFO] [StatsService] called — dateFilter: null, mode: single
[2026-05-21T08:27:40.907Z] [INFO] [StatsService] productive apps: ["Photos.exe","Electron","SnippingTool.exe","WhatsApp.Root","Windows Shell Experience Host","SearchHost.exe","Visual Studio Code"]
[2026-05-21T08:27:40.909Z] [INFO] [StatsService] raw rows count: 11
[2026-05-21T08:27:40.909Z] [INFO] [StatsService] result — productive:696.1299999999999s distracting:2650.4700000000003s idle:3577.3s score:20.8%
[2026-05-21T08:28:18.657Z] [INFO] [Health] 13 apps today | 2964 total records
[2026-05-21T08:29:18.666Z] [INFO] [Health] 13 apps today | 2972 total records
[2026-05-21T08:29:40.917Z] [INFO] [IPC] get-productive-stats | {"dateFilter":null,"mode":"single"}
[2026-05-21T08:29:40.918Z] [INFO] [StatsService] called — dateFilter: null, mode: single
[2026-05-21T08:29:40.920Z] [INFO] [StatsService] productive apps: ["Photos.exe","Electron","SnippingTool.exe","WhatsApp.Root","Windows Shell Experience Host","SearchHost.exe","Visual Studio Code"]
[2026-05-21T08:29:40.922Z] [INFO] [StatsService] raw rows count: 11
[2026-05-21T08:29:40.924Z] [INFO] [StatsService] result — productive:696.1299999999999s distracting:2756.53s idle:3577.3s score:20.2%
[2026-05-21T08:30:18.668Z] [INFO] [Health] 13 apps today | 2974 total records
[2026-05-21T08:31:18.674Z] [INFO] [Health] 13 apps today | 2978 total records
[2026-05-21T08:31:40.915Z] [INFO] [IPC] get-productive-stats | {"dateFilter":null,"mode":"single"}
[2026-05-21T08:31:40.917Z] [INFO] [StatsService] called — dateFilter: null, mode: single
[2026-05-21T08:31:40.918Z] [INFO] [StatsService] productive apps: ["Photos.exe","Electron","SnippingTool.exe","WhatsApp.Root","Windows Shell Experience Host","SearchHost.exe","Visual Studio Code"]
[2026-05-21T08:31:40.921Z] [INFO] [StatsService] raw rows count: 11
[2026-05-21T08:31:40.922Z] [INFO] [StatsService] result — productive:696.1299999999999s distracting:2916.28s idle:3577.3s score:19.3%
[2026-05-21T08:32:18.685Z] [INFO] [Health] 13 apps today | 2991 total records
[2026-05-21T08:33:18.699Z] [INFO] [Health] 13 apps today | 2999 total records
[2026-05-21T08:34:18.707Z] [INFO] [Health] 13 apps today | 3000 total records
[2026-05-21T08:34:34.911Z] [INFO] [IPC] get-productive-stats | {"dateFilter":null,"mode":"single"}
[2026-05-21T08:34:34.913Z] [INFO] [StatsService] called — dateFilter: null, mode: single
[2026-05-21T08:34:34.914Z] [INFO] [StatsService] productive apps: ["Photos.exe","Electron","SnippingTool.exe","WhatsApp.Root","Windows Shell Experience Host","SearchHost.exe","Visual Studio Code"]
[2026-05-21T08:34:34.917Z] [INFO] [StatsService] raw rows count: 12
[2026-05-21T08:34:34.918Z] [INFO] [StatsService] result — productive:699.16s distracting:3013.33s idle:3607.6000000000004s score:18.8%
[2026-05-21T08:35:18.715Z] [INFO] [Health] 13 apps today | 3004 total records
[2026-05-21T08:36:18.723Z] [INFO] [Health] 13 apps today | 3014 total records
[2026-05-21T08:36:34.919Z] [INFO] [IPC] get-productive-stats | {"dateFilter":null,"mode":"single"}
[2026-05-21T08:36:34.920Z] [INFO] [StatsService] called — dateFilter: null, mode: single
[2026-05-21T08:36:34.922Z] [INFO] [StatsService] productive apps: ["Photos.exe","Electron","SnippingTool.exe","WhatsApp.Root","Windows Shell Experience Host","SearchHost.exe","Visual Studio Code"]
[2026-05-21T08:36:34.927Z] [INFO] [StatsService] raw rows count: 12
[2026-05-21T08:36:34.929Z] [INFO] [StatsService] result — productive:699.16s distracting:3135.36s idle:3607.6000000000004s score:18.2%
[2026-05-21T08:37:18.728Z] [INFO] [Health] 13 apps today | 3022 total records
[2026-05-21T08:38:18.733Z] [INFO] [Health] 13 apps today | 3030 total records
[2026-05-21T08:38:34.916Z] [INFO] [IPC] get-productive-stats | {"dateFilter":null,"mode":"single"}
[2026-05-21T08:38:34.918Z] [INFO] [StatsService] called — dateFilter: null, mode: single
[2026-05-21T08:38:34.919Z] [INFO] [StatsService] productive apps: ["Photos.exe","Electron","SnippingTool.exe","WhatsApp.Root","Windows Shell Experience Host","SearchHost.exe","Visual Studio Code"]
[2026-05-21T08:38:34.922Z] [INFO] [StatsService] raw rows count: 12
[2026-05-21T08:38:34.923Z] [INFO] [StatsService] result — productive:702.18s distracting:3248.3300000000004s idle:3607.6000000000004s score:17.8%
[2026-05-21T08:39:18.748Z] [INFO] [Health] 13 apps today | 3048 total records
[2026-05-21T08:40:18.748Z] [INFO] [Health] 13 apps today | 3062 total records
[2026-05-21T08:40:34.906Z] [INFO] [IPC] get-productive-stats | {"dateFilter":null,"mode":"single"}
[2026-05-21T08:40:34.907Z] [INFO] [StatsService] called — dateFilter: null, mode: single
[2026-05-21T08:40:34.908Z] [INFO] [StatsService] productive apps: ["Photos.exe","Electron","SnippingTool.exe","WhatsApp.Root","Windows Shell Experience Host","SearchHost.exe","Visual Studio Code"]
[2026-05-21T08:40:34.911Z] [INFO] [StatsService] raw rows count: 12
[2026-05-21T08:40:34.912Z] [INFO] [StatsService] result — productive:702.18s distracting:3375.49s idle:3607.6000000000004s score:17.2%
[2026-05-21T08:41:18.760Z] [INFO] [Health] 13 apps today | 3074 total records
[2026-05-21T08:42:18.768Z] [INFO] [Health] 13 apps today | 3074 total records
[2026-05-21T08:42:34.904Z] [INFO] [IPC] get-productive-stats | {"dateFilter":null,"mode":"single"}
[2026-05-21T08:42:34.905Z] [INFO] [StatsService] called — dateFilter: null, mode: single
[2026-05-21T08:42:34.907Z] [INFO] [StatsService] productive apps: ["Photos.exe","Electron","SnippingTool.exe","WhatsApp.Root","Windows Shell Experience Host","SearchHost.exe","Visual Studio Code"]
[2026-05-21T08:42:34.909Z] [INFO] [StatsService] raw rows count: 12
[2026-05-21T08:42:34.910Z] [INFO] [StatsService] result — productive:702.18s distracting:3408.85s idle:3607.6000000000004s score:17.1%
[2026-05-21T08:43:18.780Z] [INFO] [Health] 13 apps today | 3074 total records
[2026-05-21T08:44:18.790Z] [INFO] [Health] 13 apps today | 3077 total records
[2026-05-21T08:44:34.912Z] [INFO] [IPC] get-productive-stats | {"dateFilter":null,"mode":"single"}
[2026-05-21T08:44:34.913Z] [INFO] [StatsService] called — dateFilter: null, mode: single
[2026-05-21T08:44:34.916Z] [INFO] [StatsService] productive apps: ["Photos.exe","Electron","SnippingTool.exe","WhatsApp.Root","Windows Shell Experience Host","SearchHost.exe","Visual Studio Code"]
[2026-05-21T08:44:34.920Z] [INFO] [StatsService] raw rows count: 12
[2026-05-21T08:44:34.922Z] [INFO] [StatsService] result — productive:702.18s distracting:3615.08s idle:3607.6000000000004s score:16.3%
[2026-05-21T08:45:18.804Z] [INFO] [Health] 13 apps today | 3086 total records
[2026-05-21T08:46:18.809Z] [INFO] [Health] 13 apps today | 3096 total records
[2026-05-21T08:46:34.913Z] [INFO] [IPC] get-productive-stats | {"dateFilter":null,"mode":"single"}
[2026-05-21T08:46:34.915Z] [INFO] [StatsService] called — dateFilter: null, mode: single
[2026-05-21T08:46:34.917Z] [INFO] [StatsService] productive apps: ["Photos.exe","Electron","SnippingTool.exe","WhatsApp.Root","Windows Shell Experience Host","SearchHost.exe","Visual Studio Code"]
[2026-05-21T08:46:34.921Z] [INFO] [StatsService] raw rows count: 12
[2026-05-21T08:46:34.923Z] [INFO] [StatsService] result — productive:702.18s distracting:3735.4s idle:3607.6000000000004s score:15.8%
[2026-05-21T09:02:08.091Z] [INFO] [Health] 13 apps today | 3109 total records
[2026-05-21T09:08:47.325Z] [INFO] [Health] 13 apps today | 3109 total records
[2026-05-21T09:09:08.311Z] [INFO] [IPC] get-productive-stats | {"dateFilter":null,"mode":"single"}
[2026-05-21T09:09:08.312Z] [INFO] [StatsService] called — dateFilter: null, mode: single
[2026-05-21T09:09:08.313Z] [INFO] [StatsService] productive apps: ["Photos.exe","Electron","SnippingTool.exe","WhatsApp.Root","Windows Shell Experience Host","SearchHost.exe","Visual Studio Code"]
[2026-05-21T09:09:08.318Z] [INFO] [StatsService] raw rows count: 14
[2026-05-21T09:09:08.319Z] [INFO] [StatsService] result — productive:702.18s distracting:3762.93s idle:4520.09s score:15.7%
[2026-05-21T09:09:47.342Z] [INFO] [Health] 15 apps today | 3113 total records
[2026-05-21T09:10:47.525Z] [INFO] [Health] 15 apps today | 3124 total records
[2026-05-21T09:11:08.918Z] [INFO] [IPC] get-productive-stats | {"dateFilter":null,"mode":"single"}
[2026-05-21T09:11:08.919Z] [INFO] [StatsService] called — dateFilter: null, mode: single
[2026-05-21T09:11:08.919Z] [INFO] [StatsService] productive apps: ["Photos.exe","Electron","SnippingTool.exe","WhatsApp.Root","Windows Shell Experience Host","SearchHost.exe","Visual Studio Code"]
[2026-05-21T09:11:08.922Z] [INFO] [StatsService] raw rows count: 15
[2026-05-21T09:11:08.922Z] [INFO] [StatsService] result — productive:719.7299999999999s distracting:3828.45s idle:4520.09s score:15.8%
[2026-05-21T09:11:47.529Z] [INFO] [Health] 15 apps today | 3126 total records
[2026-05-21T09:12:47.533Z] [INFO] [Health] 15 apps today | 3133 total records
[2026-05-21T09:13:08.917Z] [INFO] [IPC] get-productive-stats | {"dateFilter":null,"mode":"single"}
[2026-05-21T09:13:08.918Z] [INFO] [StatsService] called — dateFilter: null, mode: single
[2026-05-21T09:13:08.919Z] [INFO] [StatsService] productive apps: ["Photos.exe","Electron","SnippingTool.exe","WhatsApp.Root","Windows Shell Experience Host","SearchHost.exe","Visual Studio Code"]
[2026-05-21T09:13:08.921Z] [INFO] [StatsService] raw rows count: 15
[2026-05-21T09:13:08.922Z] [INFO] [StatsService] result — productive:719.7299999999999s distracting:3969.85s idle:4520.09s score:15.3%
[2026-05-21T09:13:47.538Z] [INFO] [Health] 15 apps today | 3135 total records
[2026-05-21T09:14:47.551Z] [INFO] [Health] 15 apps today | 3136 total records
[2026-05-21T09:15:08.911Z] [INFO] [IPC] get-productive-stats | {"dateFilter":null,"mode":"single"}
[2026-05-21T09:15:08.912Z] [INFO] [StatsService] called — dateFilter: null, mode: single
[2026-05-21T09:15:08.914Z] [INFO] [StatsService] productive apps: ["Photos.exe","Electron","SnippingTool.exe","WhatsApp.Root","Windows Shell Experience Host","SearchHost.exe","Visual Studio Code"]
[2026-05-21T09:15:08.918Z] [INFO] [StatsService] raw rows count: 15
[2026-05-21T09:15:08.919Z] [INFO] [StatsService] result — productive:719.7299999999999s distracting:4113.41s idle:4520.09s score:14.9%
[2026-05-21T09:15:17.751Z] [INFO] [IPC] get-productive-stats | {"dateFilter":"2026-05-21","mode":"single"}
[2026-05-21T09:15:17.751Z] [INFO] [StatsService] called — dateFilter: 2026-05-21, mode: single
[2026-05-21T09:15:17.752Z] [INFO] [StatsService] productive apps: ["Photos.exe","Electron","SnippingTool.exe","WhatsApp.Root","Windows Shell Experience Host","SearchHost.exe","Visual Studio Code"]
[2026-05-21T09:15:17.754Z] [INFO] [StatsService] raw rows count: 15
[2026-05-21T09:15:17.754Z] [INFO] [StatsService] result — productive:719.7299999999999s distracting:4118.469999999999s idle:4520.09s score:14.9%
[2026-05-21T09:15:21.565Z] [INFO] [IPC] get-productive-stats | {"dateFilter":null,"mode":"single"}
[2026-05-21T09:15:21.566Z] [INFO] [StatsService] called — dateFilter: null, mode: single
[2026-05-21T09:15:21.566Z] [INFO] [StatsService] productive apps: ["Photos.exe","Electron","SnippingTool.exe","WhatsApp.Root","Windows Shell Experience Host","SearchHost.exe","Visual Studio Code"]
[2026-05-21T09:15:21.568Z] [INFO] [StatsService] raw rows count: 15
[2026-05-21T09:15:21.568Z] [INFO] [StatsService] result — productive:719.7299999999999s distracting:4118.469999999999s idle:4520.09s score:14.9%
[2026-05-21T09:15:47.556Z] [INFO] [Health] 15 apps today | 3139 total records
[2026-05-21T09:16:47.572Z] [INFO] [Health] 16 apps today | 3146 total records
[2026-05-21T09:17:21.913Z] [INFO] [IPC] get-productive-stats | {"dateFilter":null,"mode":"single"}
[2026-05-21T09:17:21.915Z] [INFO] [StatsService] called — dateFilter: null, mode: single
[2026-05-21T09:17:21.918Z] [INFO] [StatsService] productive apps: ["Photos.exe","Electron","SnippingTool.exe","WhatsApp.Root","Windows Shell Experience Host","SearchHost.exe","Visual Studio Code"]
[2026-05-21T09:17:21.921Z] [INFO] [StatsService] raw rows count: 16
[2026-05-21T09:17:21.922Z] [INFO] [StatsService] result — productive:733.91s distracting:4231.150000000001s idle:4520.09s score:14.8%
[2026-05-21T09:17:47.675Z] [INFO] [Health] 16 apps today | 3154 total records
[2026-05-21T09:18:47.675Z] [INFO] [Health] 16 apps today | 3161 total records
[2026-05-21T09:19:21.918Z] [INFO] [IPC] get-productive-stats | {"dateFilter":null,"mode":"single"}
[2026-05-21T09:19:21.919Z] [INFO] [StatsService] called — dateFilter: null, mode: single
[2026-05-21T09:19:21.920Z] [INFO] [StatsService] productive apps: ["Photos.exe","Electron","SnippingTool.exe","WhatsApp.Root","Windows Shell Experience Host","SearchHost.exe","Visual Studio Code"]
[2026-05-21T09:19:21.923Z] [INFO] [StatsService] raw rows count: 16
[2026-05-21T09:19:21.927Z] [INFO] [StatsService] result — productive:733.91s distracting:4280.61s idle:4520.09s score:14.6%
[2026-05-21T09:19:47.679Z] [INFO] [Health] 16 apps today | 3161 total records
[2026-05-21T09:20:47.689Z] [INFO] [Health] 16 apps today | 3162 total records
[2026-05-21T09:21:21.982Z] [INFO] [IPC] get-productive-stats | {"dateFilter":null,"mode":"single"}
[2026-05-21T09:21:21.983Z] [INFO] [StatsService] called — dateFilter: null, mode: single
[2026-05-21T09:21:21.984Z] [INFO] [StatsService] productive apps: ["Photos.exe","Electron","SnippingTool.exe","WhatsApp.Root","Windows Shell Experience Host","SearchHost.exe","Visual Studio Code"]
[2026-05-21T09:21:21.986Z] [INFO] [StatsService] raw rows count: 16
[2026-05-21T09:21:21.987Z] [INFO] [StatsService] result — productive:733.91s distracting:4280.61s idle:4624.25s score:14.6%
[2026-05-21T09:21:47.712Z] [INFO] [Health] 16 apps today | 3162 total records
[2026-05-21T09:22:47.698Z] [INFO] [Health] 16 apps today | 3162 total records
[2026-05-21T09:23:21.911Z] [INFO] [IPC] get-productive-stats | {"dateFilter":null,"mode":"single"}
[2026-05-21T09:23:21.912Z] [INFO] [StatsService] called — dateFilter: null, mode: single
[2026-05-21T09:23:21.912Z] [INFO] [StatsService] productive apps: ["Photos.exe","Electron","SnippingTool.exe","WhatsApp.Root","Windows Shell Experience Host","SearchHost.exe","Visual Studio Code"]
[2026-05-21T09:23:21.914Z] [INFO] [StatsService] raw rows count: 16
[2026-05-21T09:23:21.915Z] [INFO] [StatsService] result — productive:733.91s distracting:4280.61s idle:4624.25s score:14.6%
[2026-05-21T09:23:47.709Z] [INFO] [Health] 16 apps today | 3162 total records
[2026-05-21T09:24:47.727Z] [INFO] [Health] 16 apps today | 3162 total records
[2026-05-21T09:25:21.959Z] [INFO] [IPC] get-productive-stats | {"dateFilter":null,"mode":"single"}
[2026-05-21T09:25:21.961Z] [INFO] [StatsService] called — dateFilter: null, mode: single
[2026-05-21T09:25:21.962Z] [INFO] [StatsService] productive apps: ["Photos.exe","Electron","SnippingTool.exe","WhatsApp.Root","Windows Shell Experience Host","SearchHost.exe","Visual Studio Code"]
[2026-05-21T09:25:21.965Z] [INFO] [StatsService] raw rows count: 16
[2026-05-21T09:25:21.966Z] [INFO] [StatsService] result — productive:733.91s distracting:4280.61s idle:4624.25s score:14.6%
[2026-05-21T09:25:47.745Z] [INFO] [Health] 16 apps today | 3162 total records
[2026-05-21T09:26:47.752Z] [INFO] [Health] 16 apps today | 3162 total records
[2026-05-21T09:27:21.907Z] [INFO] [IPC] get-productive-stats | {"dateFilter":null,"mode":"single"}
[2026-05-21T09:27:21.909Z] [INFO] [StatsService] called — dateFilter: null, mode: single
[2026-05-21T09:27:21.910Z] [INFO] [StatsService] productive apps: ["Photos.exe","Electron","SnippingTool.exe","WhatsApp.Root","Windows Shell Experience Host","SearchHost.exe","Visual Studio Code"]
[2026-05-21T09:27:21.912Z] [INFO] [StatsService] raw rows count: 16
[2026-05-21T09:27:21.927Z] [INFO] [StatsService] result — productive:733.91s distracting:4280.61s idle:4624.25s score:14.6%
[2026-05-21T09:27:47.760Z] [INFO] [Health] 16 apps today | 3162 total records
[2026-05-21T09:28:47.763Z] [INFO] [Health] 16 apps today | 3162 total records
[2026-05-21T09:29:34.917Z] [INFO] [IPC] get-productive-stats | {"dateFilter":null,"mode":"single"}
[2026-05-21T09:29:34.918Z] [INFO] [StatsService] called — dateFilter: null, mode: single
[2026-05-21T09:29:34.920Z] [INFO] [StatsService] productive apps: ["Photos.exe","Electron","SnippingTool.exe","WhatsApp.Root","Windows Shell Experience Host","SearchHost.exe","Visual Studio Code"]
[2026-05-21T09:29:34.922Z] [INFO] [StatsService] raw rows count: 16
[2026-05-21T09:29:34.923Z] [INFO] [StatsService] result — productive:733.91s distracting:4280.61s idle:4624.25s score:14.6%
[2026-05-21T09:29:47.774Z] [INFO] [Health] 16 apps today | 3162 total records
[2026-05-21T09:30:47.784Z] [INFO] [Health] 16 apps today | 3162 total records
[2026-05-21T09:31:34.925Z] [INFO] [IPC] get-productive-stats | {"dateFilter":null,"mode":"single"}
[2026-05-21T09:31:34.926Z] [INFO] [StatsService] called — dateFilter: null, mode: single
[2026-05-21T09:31:34.926Z] [INFO] [StatsService] productive apps: ["Photos.exe","Electron","SnippingTool.exe","WhatsApp.Root","Windows Shell Experience Host","SearchHost.exe","Visual Studio Code"]
[2026-05-21T09:31:34.928Z] [INFO] [StatsService] raw rows count: 16
[2026-05-21T09:31:34.929Z] [INFO] [StatsService] result — productive:733.91s distracting:4280.61s idle:4624.25s score:14.6%
[2026-05-21T09:31:47.799Z] [INFO] [Health] 16 apps today | 3162 total records
[2026-05-21T09:32:47.805Z] [INFO] [Health] 16 apps today | 3162 total records
[2026-05-21T09:33:34.916Z] [INFO] [IPC] get-productive-stats | {"dateFilter":null,"mode":"single"}
[2026-05-21T09:33:34.918Z] [INFO] [StatsService] called — dateFilter: null, mode: single
[2026-05-21T09:33:34.920Z] [INFO] [StatsService] productive apps: ["Photos.exe","Electron","SnippingTool.exe","WhatsApp.Root","Windows Shell Experience Host","SearchHost.exe","Visual Studio Code"]
[2026-05-21T09:33:34.923Z] [INFO] [StatsService] raw rows count: 16
[2026-05-21T09:33:34.925Z] [INFO] [StatsService] result — productive:733.91s distracting:4280.61s idle:4780.860000000001s score:14.6%
[2026-05-21T09:33:47.815Z] [INFO] [Health] 16 apps today | 3163 total records
[2026-05-21T09:34:47.829Z] [INFO] [Health] 16 apps today | 3164 total records
[2026-05-21T09:35:34.914Z] [INFO] [IPC] get-productive-stats | {"dateFilter":null,"mode":"single"}
[2026-05-21T09:35:34.915Z] [INFO] [StatsService] called — dateFilter: null, mode: single
[2026-05-21T09:35:34.916Z] [INFO] [StatsService] productive apps: ["Photos.exe","Electron","SnippingTool.exe","WhatsApp.Root","Windows Shell Experience Host","SearchHost.exe","Visual Studio Code"]
[2026-05-21T09:35:34.918Z] [INFO] [StatsService] raw rows count: 16
[2026-05-21T09:35:34.920Z] [INFO] [StatsService] result — productive:733.91s distracting:4280.61s idle:4844.53s score:14.6%
[2026-05-21T09:35:47.831Z] [INFO] [Health] 16 apps today | 3164 total records
[2026-05-21T09:36:47.837Z] [INFO] [Health] 16 apps today | 3165 total records
[2026-05-21T09:37:34.920Z] [INFO] [IPC] get-productive-stats | {"dateFilter":null,"mode":"single"}
[2026-05-21T09:37:34.922Z] [INFO] [StatsService] called — dateFilter: null, mode: single
[2026-05-21T09:37:34.924Z] [INFO] [StatsService] productive apps: ["Photos.exe","Electron","SnippingTool.exe","WhatsApp.Root","Windows Shell Experience Host","SearchHost.exe","Visual Studio Code"]
[2026-05-21T09:37:34.926Z] [INFO] [StatsService] raw rows count: 16
[2026-05-21T09:37:34.927Z] [INFO] [StatsService] result — productive:733.91s distracting:4280.61s idle:4922.31s score:14.6%
[2026-05-21T09:37:47.840Z] [INFO] [Health] 16 apps today | 3165 total records
[2026-05-21T09:38:47.838Z] [INFO] [Health] 16 apps today | 3166 total records
[2026-05-21T09:39:34.916Z] [INFO] [IPC] get-productive-stats | {"dateFilter":null,"mode":"single"}
[2026-05-21T09:39:34.917Z] [INFO] [StatsService] called — dateFilter: null, mode: single
[2026-05-21T09:39:34.918Z] [INFO] [StatsService] productive apps: ["Photos.exe","Electron","SnippingTool.exe","WhatsApp.Root","Windows Shell Experience Host","SearchHost.exe","Visual Studio Code"]
[2026-05-21T09:39:34.921Z] [INFO] [StatsService] raw rows count: 16
[2026-05-21T09:39:34.922Z] [INFO] [StatsService] result — productive:733.91s distracting:4280.61s idle:4983.9400000000005s score:14.6%
[2026-05-21T09:39:47.848Z] [INFO] [Health] 16 apps today | 3166 total records
[2026-05-21T09:40:47.852Z] [INFO] [Health] 16 apps today | 3173 total records
[2026-05-21T09:41:34.911Z] [INFO] [IPC] get-productive-stats | {"dateFilter":null,"mode":"single"}
[2026-05-21T09:41:34.912Z] [INFO] [StatsService] called — dateFilter: null, mode: single
[2026-05-21T09:41:34.913Z] [INFO] [StatsService] productive apps: ["Photos.exe","Electron","SnippingTool.exe","WhatsApp.Root","Windows Shell Experience Host","SearchHost.exe","Visual Studio Code"]
[2026-05-21T09:41:34.916Z] [INFO] [StatsService] raw rows count: 16
[2026-05-21T09:41:34.917Z] [INFO] [StatsService] result — productive:733.91s distracting:4336.2s idle:4983.9400000000005s score:14.5%
[2026-05-21T09:41:47.862Z] [INFO] [Health] 16 apps today | 3173 total records
[2026-05-21T09:42:47.876Z] [INFO] [Health] 16 apps today | 3173 total records
[2026-05-21T09:43:34.916Z] [INFO] [IPC] get-productive-stats | {"dateFilter":null,"mode":"single"}
[2026-05-21T09:43:34.918Z] [INFO] [StatsService] called — dateFilter: null, mode: single
[2026-05-21T09:43:34.919Z] [INFO] [StatsService] productive apps: ["Photos.exe","Electron","SnippingTool.exe","WhatsApp.Root","Windows Shell Experience Host","SearchHost.exe","Visual Studio Code"]
[2026-05-21T09:43:34.921Z] [INFO] [StatsService] raw rows count: 16
[2026-05-21T09:43:34.922Z] [INFO] [StatsService] result — productive:733.91s distracting:4336.2s idle:4983.9400000000005s score:14.5%
[2026-05-21T09:43:47.885Z] [INFO] [Health] 16 apps today | 3174 total records
[2026-05-21T09:44:47.892Z] [INFO] [Health] 16 apps today | 3177 total records
[2026-05-21T09:44:49.611Z] [INFO] [IPC] get-productive-stats | {"dateFilter":null,"mode":"single"}
[2026-05-21T09:44:49.612Z] [INFO] [StatsService] called — dateFilter: null, mode: single
[2026-05-21T09:44:49.613Z] [INFO] [StatsService] productive apps: ["Photos.exe","Electron","SnippingTool.exe","WhatsApp.Root","Windows Shell Experience Host","SearchHost.exe","Visual Studio Code"]
[2026-05-21T09:44:49.615Z] [INFO] [StatsService] raw rows count: 16
[2026-05-21T09:44:49.615Z] [INFO] [StatsService] result — productive:734.92s distracting:4355.43s idle:5180.94s score:14.4%
[2026-05-21T09:45:47.899Z] [INFO] [Health] 16 apps today | 3182 total records
[2026-05-21T09:46:47.908Z] [INFO] [Health] 16 apps today | 3189 total records
[2026-05-21T09:46:49.916Z] [INFO] [IPC] get-productive-stats | {"dateFilter":null,"mode":"single"}
[2026-05-21T09:46:49.917Z] [INFO] [StatsService] called — dateFilter: null, mode: single
[2026-05-21T09:46:49.918Z] [INFO] [StatsService] productive apps: ["Photos.exe","Electron","SnippingTool.exe","WhatsApp.Root","Windows Shell Experience Host","SearchHost.exe","Visual Studio Code"]
[2026-05-21T09:46:49.920Z] [INFO] [StatsService] raw rows count: 17
[2026-05-21T09:46:49.921Z] [INFO] [StatsService] result — productive:746.0199999999999s distracting:4393.76s idle:5242.589999999999s score:14.5%
[2026-05-21T09:47:47.914Z] [INFO] [Health] 16 apps today | 3197 total records
[2026-05-21T09:48:47.923Z] [INFO] [Health] 16 apps today | 3205 total records
[2026-05-21T09:48:49.907Z] [INFO] [IPC] get-productive-stats | {"dateFilter":null,"mode":"single"}
[2026-05-21T09:48:49.909Z] [INFO] [StatsService] called — dateFilter: null, mode: single
[2026-05-21T09:48:49.910Z] [INFO] [StatsService] productive apps: ["Photos.exe","Electron","SnippingTool.exe","WhatsApp.Root","Windows Shell Experience Host","SearchHost.exe","Visual Studio Code"]
[2026-05-21T09:48:49.913Z] [INFO] [StatsService] raw rows count: 17
[2026-05-21T09:48:49.914Z] [INFO] [StatsService] result — productive:746.0199999999999s distracting:4511.98s idle:5242.589999999999s score:14.2%
[2026-05-21T09:49:47.929Z] [INFO] [Health] 16 apps today | 3205 total records
[2026-05-21T09:50:47.945Z] [INFO] [Health] 16 apps today | 3205 total records
[2026-05-21T09:50:49.906Z] [INFO] [IPC] get-productive-stats | {"dateFilter":null,"mode":"single"}
[2026-05-21T09:50:49.907Z] [INFO] [StatsService] called — dateFilter: null, mode: single
[2026-05-21T09:50:49.908Z] [INFO] [StatsService] productive apps: ["Photos.exe","Electron","SnippingTool.exe","WhatsApp.Root","Windows Shell Experience Host","SearchHost.exe","Visual Studio Code"]
[2026-05-21T09:50:49.910Z] [INFO] [StatsService] raw rows count: 17
[2026-05-21T09:50:49.911Z] [INFO] [StatsService] result — productive:746.0199999999999s distracting:4511.98s idle:5242.589999999999s score:14.2%
[2026-05-21T09:51:47.945Z] [INFO] [Health] 16 apps today | 3206 total records
[2026-05-21T09:52:47.957Z] [INFO] [Health] 16 apps today | 3211 total records
[2026-05-21T09:52:49.903Z] [INFO] [IPC] get-productive-stats | {"dateFilter":null,"mode":"single"}
[2026-05-21T09:52:49.904Z] [INFO] [StatsService] called — dateFilter: null, mode: single
[2026-05-21T09:52:49.905Z] [INFO] [StatsService] productive apps: ["Photos.exe","Electron","SnippingTool.exe","WhatsApp.Root","Windows Shell Experience Host","SearchHost.exe","Visual Studio Code"]
[2026-05-21T09:52:49.907Z] [INFO] [StatsService] raw rows count: 18
[2026-05-21T09:52:49.907Z] [INFO] [StatsService] result — productive:750.0599999999998s distracting:4656.459999999999s idle:5305.299999999999s score:13.9%
[2026-05-21T09:53:47.959Z] [INFO] [Health] 16 apps today | 3214 total records
[2026-05-21T09:54:47.974Z] [INFO] [Health] 16 apps today | 3215 total records
[2026-05-21T09:54:49.932Z] [INFO] [IPC] get-productive-stats | {"dateFilter":null,"mode":"single"}
[2026-05-21T09:54:49.933Z] [INFO] [StatsService] called — dateFilter: null, mode: single
[2026-05-21T09:54:49.935Z] [INFO] [StatsService] productive apps: ["Photos.exe","Electron","SnippingTool.exe","WhatsApp.Root","Windows Shell Experience Host","SearchHost.exe","Visual Studio Code"]
[2026-05-21T09:54:49.938Z] [INFO] [StatsService] raw rows count: 18
[2026-05-21T09:54:49.939Z] [INFO] [StatsService] result — productive:750.0599999999998s distracting:4662.5199999999995s idle:5425.4s score:13.9%
[2026-05-21T09:55:47.986Z] [INFO] [Health] 16 apps today | 3215 total records
[2026-05-21T09:56:47.999Z] [INFO] [Health] 16 apps today | 3215 total records
[2026-05-21T09:56:49.917Z] [INFO] [IPC] get-productive-stats | {"dateFilter":null,"mode":"single"}
[2026-05-21T09:56:49.918Z] [INFO] [StatsService] called — dateFilter: null, mode: single
[2026-05-21T09:56:49.919Z] [INFO] [StatsService] productive apps: ["Photos.exe","Electron","SnippingTool.exe","WhatsApp.Root","Windows Shell Experience Host","SearchHost.exe","Visual Studio Code"]
[2026-05-21T09:56:49.922Z] [INFO] [StatsService] raw rows count: 18
[2026-05-21T09:56:49.923Z] [INFO] [StatsService] result — productive:750.0599999999998s distracting:4662.5199999999995s idle:5425.4s score:13.9%
[2026-05-21T09:57:48.002Z] [INFO] [Health] 16 apps today | 3219 total records
[2026-05-21T09:58:48.008Z] [INFO] [Health] 16 apps today | 3220 total records
[2026-05-21T09:59:34.918Z] [INFO] [IPC] get-productive-stats | {"dateFilter":null,"mode":"single"}
[2026-05-21T09:59:34.920Z] [INFO] [StatsService] called — dateFilter: null, mode: single
[2026-05-21T09:59:34.921Z] [INFO] [StatsService] productive apps: ["Photos.exe","Electron","SnippingTool.exe","WhatsApp.Root","Windows Shell Experience Host","SearchHost.exe","Visual Studio Code"]
[2026-05-21T09:59:34.935Z] [INFO] [StatsService] raw rows count: 18
[2026-05-21T09:59:34.937Z] [INFO] [StatsService] result — productive:750.0599999999998s distracting:4805.209999999999s idle:5425.4s score:13.5%
[2026-05-21T09:59:48.009Z] [INFO] [Health] 16 apps today | 3228 total records
[2026-05-21T10:00:48.013Z] [INFO] [Health] 16 apps today | 3233 total records
[2026-05-21T10:01:34.907Z] [INFO] [IPC] get-productive-stats | {"dateFilter":null,"mode":"single"}
[2026-05-21T10:01:34.909Z] [INFO] [StatsService] called — dateFilter: null, mode: single
[2026-05-21T10:01:34.910Z] [INFO] [StatsService] productive apps: ["Photos.exe","Electron","SnippingTool.exe","WhatsApp.Root","Windows Shell Experience Host","SearchHost.exe","Visual Studio Code"]
[2026-05-21T10:01:34.913Z] [INFO] [StatsService] raw rows count: 18
[2026-05-21T10:01:34.914Z] [INFO] [StatsService] result — productive:750.0599999999998s distracting:4911.21s idle:5425.4s score:13.2%
[2026-05-21T10:01:48.025Z] [INFO] [Health] 16 apps today | 3238 total records
[2026-05-21T10:02:48.048Z] [INFO] [Health] 16 apps today | 3248 total records
[2026-05-21T10:03:34.913Z] [INFO] [IPC] get-productive-stats | {"dateFilter":null,"mode":"single"}
[2026-05-21T10:03:34.916Z] [INFO] [StatsService] called — dateFilter: null, mode: single
[2026-05-21T10:03:34.917Z] [INFO] [StatsService] productive apps: ["Photos.exe","Electron","SnippingTool.exe","WhatsApp.Root","Windows Shell Experience Host","SearchHost.exe","Visual Studio Code"]
[2026-05-21T10:03:34.919Z] [INFO] [StatsService] raw rows count: 18
[2026-05-21T10:03:34.921Z] [INFO] [StatsService] result — productive:750.0599999999998s distracting:4979.909999999999s idle:5425.4s score:13.1%
[2026-05-21T10:03:48.047Z] [INFO] [Health] 16 apps today | 3248 total records
[2026-05-21T10:04:48.048Z] [INFO] [Health] 16 apps today | 3249 total records
[2026-05-21T10:05:34.911Z] [INFO] [IPC] get-productive-stats | {"dateFilter":null,"mode":"single"}
[2026-05-21T10:05:34.913Z] [INFO] [StatsService] called — dateFilter: null, mode: single
[2026-05-21T10:05:34.915Z] [INFO] [StatsService] productive apps: ["Photos.exe","Electron","SnippingTool.exe","WhatsApp.Root","Windows Shell Experience Host","SearchHost.exe","Visual Studio Code"]
[2026-05-21T10:05:34.918Z] [INFO] [StatsService] raw rows count: 18
[2026-05-21T10:05:34.919Z] [INFO] [StatsService] result — productive:750.0599999999998s distracting:5000.17s idle:5541.549999999999s score:13.0%
[2026-05-21T10:05:48.048Z] [INFO] [Health] 16 apps today | 3254 total records
[2026-05-21T10:06:48.065Z] [INFO] [Health] 16 apps today | 3256 total records
[2026-05-21T10:07:29.266Z] [INFO] [IPC] get-productive-stats | {"dateFilter":null,"mode":"single"}
[2026-05-21T10:07:29.267Z] [INFO] [StatsService] called — dateFilter: null, mode: single
[2026-05-21T10:07:29.268Z] [INFO] [StatsService] productive apps: ["Photos.exe","Electron","SnippingTool.exe","WhatsApp.Root","Windows Shell Experience Host","SearchHost.exe","Visual Studio Code"]
[2026-05-21T10:07:29.270Z] [INFO] [StatsService] raw rows count: 18
[2026-05-21T10:07:29.271Z] [INFO] [StatsService] result — productive:750.0599999999998s distracting:5116.86s idle:5541.549999999999s score:12.8%
[2026-05-21T10:07:35.463Z] [INFO] [Main] All windows closed
[2026-05-21T13:44:11.522Z] [INFO] [Main] All IPC handlers registered
[2026-05-21T13:44:11.526Z] [INFO] [Main] Creating window | preload exists: true
[2026-05-21T13:44:11.843Z] [INFO] [Main] Startup sync — 7 productive, 17 distracting
[2026-05-21T13:44:20.760Z] [INFO] [IPC] get-productive-stats | {"dateFilter":null,"mode":"single"}
[2026-05-21T13:44:20.762Z] [INFO] [StatsService] called — dateFilter: null, mode: single
[2026-05-21T13:44:20.764Z] [INFO] [StatsService] productive apps: ["Photos.exe","Electron","SnippingTool.exe","WhatsApp.Root","Windows Shell Experience Host","SearchHost.exe","Visual Studio Code"]
[2026-05-21T13:44:20.775Z] [INFO] [StatsService] raw rows count: 18
[2026-05-21T13:44:20.777Z] [INFO] [StatsService] result — productive:759.35s distracting:5116.86s idle:5541.549999999999s score:12.9%
[2026-05-21T13:44:50.776Z] [INFO] [IPC] get-productive-stats | {"dateFilter":"2026-05-21","mode":"single"}
[2026-05-21T13:44:50.777Z] [INFO] [StatsService] called — dateFilter: 2026-05-21, mode: single
[2026-05-21T13:44:50.777Z] [INFO] [StatsService] productive apps: ["Photos.exe","Electron","SnippingTool.exe","WhatsApp.Root","Windows Shell Experience Host","SearchHost.exe","Visual Studio Code"]
[2026-05-21T13:44:50.780Z] [INFO] [StatsService] raw rows count: 18
[2026-05-21T13:44:50.781Z] [INFO] [StatsService] result — productive:762.37s distracting:5142.14s idle:5541.549999999999s score:12.9%
[2026-05-21T13:45:11.851Z] [INFO] [Health] 16 apps today | 3267 total records
[2026-05-21T13:45:19.260Z] [INFO] [IPC] get-productive-stats | {"dateFilter":null,"mode":"single"}
[2026-05-21T13:45:19.262Z] [INFO] [StatsService] called — dateFilter: null, mode: single
[2026-05-21T13:45:19.264Z] [INFO] [StatsService] productive apps: ["Photos.exe","Electron","SnippingTool.exe","WhatsApp.Root","Windows Shell Experience Host","SearchHost.exe","Visual Studio Code"]
[2026-05-21T13:45:19.267Z] [INFO] [StatsService] raw rows count: 18
[2026-05-21T13:45:19.268Z] [INFO] [StatsService] result — productive:762.37s distracting:5142.14s idle:5541.549999999999s score:12.9%
[2026-05-21T13:46:11.864Z] [INFO] [Health] 16 apps today | 3267 total records
[2026-05-21T13:46:57.342Z] [INFO] [IPC] get-productive-stats | {"dateFilter":null,"mode":"single"}
[2026-05-21T13:46:57.343Z] [INFO] [StatsService] called — dateFilter: null, mode: single
[2026-05-21T13:46:57.344Z] [INFO] [StatsService] productive apps: ["Photos.exe","Electron","SnippingTool.exe","WhatsApp.Root","Windows Shell Experience Host","SearchHost.exe","Visual Studio Code"]
[2026-05-21T13:46:57.351Z] [INFO] [StatsService] raw rows count: 18
[2026-05-21T13:46:57.352Z] [INFO] [StatsService] result — productive:888.57s distracting:5143.14s idle:5541.549999999999s score:14.7%
[2026-05-21T13:47:11.872Z] [INFO] [Health] 16 apps today | 3272 total records
[2026-05-21T13:48:11.873Z] [INFO] [Health] 16 apps today | 3272 total records
[2026-05-21T13:48:20.225Z] [INFO] [IPC] get-productive-stats | {"dateFilter":null,"mode":"single"}
[2026-05-21T13:48:20.226Z] [INFO] [StatsService] called — dateFilter: null, mode: single
[2026-05-21T13:48:20.228Z] [INFO] [StatsService] productive apps: ["Photos.exe","Electron","SnippingTool.exe","WhatsApp.Root","Windows Shell Experience Host","SearchHost.exe","Visual Studio Code"]
[2026-05-21T13:48:20.232Z] [INFO] [StatsService] raw rows count: 18
[2026-05-21T13:48:20.233Z] [INFO] [StatsService] result — productive:970.2799999999999s distracting:5144.150000000001s idle:5541.549999999999s score:15.9%
[2026-05-21T13:49:11.878Z] [INFO] [Health] 16 apps today | 3273 total records
[2026-05-21T13:50:11.892Z] [INFO] [Health] 16 apps today | 3273 total records
[2026-05-21T13:50:20.228Z] [INFO] [IPC] get-productive-stats | {"dateFilter":null,"mode":"single"}
[2026-05-21T13:50:20.230Z] [INFO] [StatsService] called — dateFilter: null, mode: single
[2026-05-21T13:50:20.232Z] [INFO] [StatsService] productive apps: ["Photos.exe","Electron","SnippingTool.exe","WhatsApp.Root","Windows Shell Experience Host","SearchHost.exe","Visual Studio Code"]
[2026-05-21T13:50:20.235Z] [INFO] [StatsService] raw rows count: 18
[2026-05-21T13:50:20.235Z] [INFO] [StatsService] result — productive:970.2799999999999s distracting:5144.150000000001s idle:5541.549999999999s score:15.9%
[2026-05-21T13:51:11.899Z] [INFO] [Health] 16 apps today | 3273 total records
[2026-05-21T13:52:11.906Z] [INFO] [Health] 16 apps today | 3273 total records
[2026-05-21T13:52:20.227Z] [INFO] [IPC] get-productive-stats | {"dateFilter":null,"mode":"single"}
[2026-05-21T13:52:20.228Z] [INFO] [StatsService] called — dateFilter: null, mode: single
[2026-05-21T13:52:20.229Z] [INFO] [StatsService] productive apps: ["Photos.exe","Electron","SnippingTool.exe","WhatsApp.Root","Windows Shell Experience Host","SearchHost.exe","Visual Studio Code"]
[2026-05-21T13:52:20.230Z] [INFO] [StatsService] raw rows count: 18
[2026-05-21T13:52:20.231Z] [INFO] [StatsService] result — productive:970.2799999999999s distracting:5144.150000000001s idle:5541.549999999999s score:15.9%
[2026-05-21T13:53:11.913Z] [INFO] [Health] 16 apps today | 3274 total records
[2026-05-21T13:54:11.920Z] [INFO] [Health] 16 apps today | 3278 total records
[2026-05-21T13:54:17.908Z] [INFO] [IPC] get-productive-stats | {"dateFilter":null,"mode":"single"}
[2026-05-21T13:54:17.909Z] [INFO] [StatsService] called — dateFilter: null, mode: single
[2026-05-21T13:54:17.910Z] [INFO] [StatsService] productive apps: ["Photos.exe","Electron","SnippingTool.exe","WhatsApp.Root","Windows Shell Experience Host","SearchHost.exe","Visual Studio Code"]
[2026-05-21T13:54:17.913Z] [INFO] [StatsService] raw rows count: 18
[2026-05-21T13:54:17.914Z] [INFO] [StatsService] result — productive:973.2999999999998s distracting:5165.36s idle:5822.29s score:15.9%
[2026-05-21T13:55:11.930Z] [INFO] [Health] 16 apps today | 3279 total records
[2026-05-21T13:56:11.937Z] [INFO] [Health] 16 apps today | 3279 total records
[2026-05-21T13:56:18.929Z] [INFO] [IPC] get-productive-stats | {"dateFilter":null,"mode":"single"}
[2026-05-21T13:56:18.930Z] [INFO] [StatsService] called — dateFilter: null, mode: single
[2026-05-21T13:56:18.932Z] [INFO] [StatsService] productive apps: ["Photos.exe","Electron","SnippingTool.exe","WhatsApp.Root","Windows Shell Experience Host","SearchHost.exe","Visual Studio Code"]
[2026-05-21T13:56:18.934Z] [INFO] [StatsService] raw rows count: 18
[2026-05-21T13:56:18.936Z] [INFO] [StatsService] result — productive:973.2999999999998s distracting:5165.36s idle:5889.92s score:15.9%
[2026-05-21T13:57:11.943Z] [INFO] [Health] 16 apps today | 3279 total records
[2026-05-21T13:58:11.958Z] [INFO] [Health] 16 apps today | 3280 total records
[2026-05-21T13:58:18.911Z] [INFO] [IPC] get-productive-stats | {"dateFilter":null,"mode":"single"}
[2026-05-21T13:58:18.912Z] [INFO] [StatsService] called — dateFilter: null, mode: single
[2026-05-21T13:58:18.913Z] [INFO] [StatsService] productive apps: ["Photos.exe","Electron","SnippingTool.exe","WhatsApp.Root","Windows Shell Experience Host","SearchHost.exe","Visual Studio Code"]
[2026-05-21T13:58:18.922Z] [INFO] [StatsService] raw rows count: 19
[2026-05-21T13:58:18.922Z] [INFO] [StatsService] result — productive:973.2999999999998s distracting:5165.36s idle:5947.56s score:15.9%
[2026-05-21T13:59:11.958Z] [INFO] [Health] 16 apps today | 3280 total records
[2026-05-21T14:00:11.972Z] [INFO] [Health] 16 apps today | 3281 total records
[2026-05-21T14:00:18.907Z] [INFO] [IPC] get-productive-stats | {"dateFilter":null,"mode":"single"}
[2026-05-21T14:00:18.908Z] [INFO] [StatsService] called — dateFilter: null, mode: single
[2026-05-21T14:00:18.909Z] [INFO] [StatsService] productive apps: ["Photos.exe","Electron","SnippingTool.exe","WhatsApp.Root","Windows Shell Experience Host","SearchHost.exe","Visual Studio Code"]
[2026-05-21T14:00:18.910Z] [INFO] [StatsService] raw rows count: 19
[2026-05-21T14:00:18.912Z] [INFO] [StatsService] result — productive:973.2999999999998s distracting:5165.36s idle:6008.28s score:15.9%
[2026-05-21T14:01:11.980Z] [INFO] [Health] 16 apps today | 3281 total records
[2026-05-21T14:02:11.984Z] [INFO] [Health] 16 apps today | 3282 total records
[2026-05-21T14:02:18.910Z] [INFO] [IPC] get-productive-stats | {"dateFilter":null,"mode":"single"}
[2026-05-21T14:02:18.911Z] [INFO] [StatsService] called — dateFilter: null, mode: single
[2026-05-21T14:02:18.912Z] [INFO] [StatsService] productive apps: ["Photos.exe","Electron","SnippingTool.exe","WhatsApp.Root","Windows Shell Experience Host","SearchHost.exe","Visual Studio Code"]
[2026-05-21T14:02:18.915Z] [INFO] [StatsService] raw rows count: 19
[2026-05-21T14:02:18.916Z] [INFO] [StatsService] result — productive:973.2999999999998s distracting:5165.36s idle:6068.9800000000005s score:15.9%
[2026-05-21T14:03:11.989Z] [INFO] [Health] 16 apps today | 3282 total records
[2026-05-21T14:04:11.997Z] [INFO] [Health] 16 apps today | 3282 total records
[2026-05-21T14:04:18.918Z] [INFO] [IPC] get-productive-stats | {"dateFilter":null,"mode":"single"}
[2026-05-21T14:04:18.919Z] [INFO] [StatsService] called — dateFilter: null, mode: single
[2026-05-21T14:04:18.920Z] [INFO] [StatsService] productive apps: ["Photos.exe","Electron","SnippingTool.exe","WhatsApp.Root","Windows Shell Experience Host","SearchHost.exe","Visual Studio Code"]
[2026-05-21T14:04:18.922Z] [INFO] [StatsService] raw rows count: 19
[2026-05-21T14:04:18.923Z] [INFO] [StatsService] result — productive:973.2999999999998s distracting:5165.36s idle:6068.9800000000005s score:15.9%
[2026-05-21T14:05:12.009Z] [INFO] [Health] 16 apps today | 3283 total records
[2026-05-21T14:06:12.012Z] [INFO] [Health] 16 apps today | 3283 total records
[2026-05-21T14:06:18.919Z] [INFO] [IPC] get-productive-stats | {"dateFilter":null,"mode":"single"}
[2026-05-21T14:06:18.921Z] [INFO] [StatsService] called — dateFilter: null, mode: single
[2026-05-21T14:06:18.922Z] [INFO] [StatsService] productive apps: ["Photos.exe","Electron","SnippingTool.exe","WhatsApp.Root","Windows Shell Experience Host","SearchHost.exe","Visual Studio Code"]
[2026-05-21T14:06:18.924Z] [INFO] [StatsService] raw rows count: 19
[2026-05-21T14:06:18.926Z] [INFO] [StatsService] result — productive:973.2999999999998s distracting:5165.36s idle:6128.62s score:15.9%
[2026-05-21T14:07:12.024Z] [INFO] [Health] 16 apps today | 3283 total records
[2026-05-21T14:08:12.026Z] [INFO] [Health] 16 apps today | 3283 total records
[2026-05-21T14:08:34.912Z] [INFO] [IPC] get-productive-stats | {"dateFilter":null,"mode":"single"}
[2026-05-21T14:08:34.913Z] [INFO] [StatsService] called — dateFilter: null, mode: single
[2026-05-21T14:08:34.914Z] [INFO] [StatsService] productive apps: ["Photos.exe","Electron","SnippingTool.exe","WhatsApp.Root","Windows Shell Experience Host","SearchHost.exe","Visual Studio Code"]
[2026-05-21T14:08:34.917Z] [INFO] [StatsService] raw rows count: 19
[2026-05-21T14:08:34.918Z] [INFO] [StatsService] result — productive:973.2999999999998s distracting:5165.36s idle:6128.62s score:15.9%
[2026-05-21T14:09:12.032Z] [INFO] [Health] 16 apps today | 3283 total records
[2026-05-21T14:10:12.045Z] [INFO] [Health] 16 apps today | 3283 total records
[2026-05-21T14:10:34.910Z] [INFO] [IPC] get-productive-stats | {"dateFilter":null,"mode":"single"}
[2026-05-21T14:10:34.911Z] [INFO] [StatsService] called — dateFilter: null, mode: single
[2026-05-21T14:10:34.913Z] [INFO] [StatsService] productive apps: ["Photos.exe","Electron","SnippingTool.exe","WhatsApp.Root","Windows Shell Experience Host","SearchHost.exe","Visual Studio Code"]
[2026-05-21T14:10:34.916Z] [INFO] [StatsService] raw rows count: 19
[2026-05-21T14:10:34.917Z] [INFO] [StatsService] result — productive:973.2999999999998s distracting:5165.36s idle:6128.62s score:15.9%
[2026-05-21T14:11:12.046Z] [INFO] [Health] 16 apps today | 3283 total records
[2026-05-21T16:10:44.704Z] [INFO] [Health] 16 apps today | 3283 total records
[2026-05-21T16:10:54.823Z] [INFO] [IPC] get-productive-stats | {"dateFilter":null,"mode":"single"}
[2026-05-21T16:10:54.827Z] [INFO] [StatsService] called — dateFilter: null, mode: single
[2026-05-21T16:10:54.833Z] [INFO] [StatsService] productive apps: ["Photos.exe","Electron","SnippingTool.exe","WhatsApp.Root","Windows Shell Experience Host","SearchHost.exe","Visual Studio Code"]
[2026-05-21T16:10:54.846Z] [INFO] [StatsService] raw rows count: 19
[2026-05-21T16:10:54.853Z] [INFO] [StatsService] result — productive:973.2999999999998s distracting:5165.36s idle:6128.62s score:15.9%
[2026-05-21T16:11:18.803Z] [INFO] [IPC] get-productive-stats | {"dateFilter":null,"mode":"single"}
[2026-05-21T16:11:18.805Z] [INFO] [StatsService] called — dateFilter: null, mode: single
[2026-05-21T16:11:18.807Z] [INFO] [StatsService] productive apps: ["Photos.exe","Electron","SnippingTool.exe","WhatsApp.Root","Windows Shell Experience Host","SearchHost.exe","Visual Studio Code"]
[2026-05-21T16:11:18.810Z] [INFO] [StatsService] raw rows count: 19
[2026-05-21T16:11:18.812Z] [INFO] [StatsService] result — productive:973.2999999999998s distracting:5187.87s idle:6128.62s score:15.8%
[2026-05-21T16:11:44.757Z] [INFO] [Health] 16 apps today | 3295 total records
[2026-05-21T16:12:44.835Z] [INFO] [Health] 16 apps today | 3295 total records
[2026-05-21T16:13:18.901Z] [INFO] [IPC] get-productive-stats | {"dateFilter":null,"mode":"single"}
[2026-05-21T16:13:18.902Z] [INFO] [StatsService] called — dateFilter: null, mode: single
[2026-05-21T16:13:18.903Z] [INFO] [StatsService] productive apps: ["Photos.exe","Electron","SnippingTool.exe","WhatsApp.Root","Windows Shell Experience Host","SearchHost.exe","Visual Studio Code"]
[2026-05-21T16:13:18.905Z] [INFO] [StatsService] raw rows count: 19
[2026-05-21T16:13:18.906Z] [INFO] [StatsService] result — productive:974.3099999999998s distracting:5211.7300000000005s idle:6195.400000000001s score:15.8%
[2026-05-21T16:13:44.836Z] [INFO] [Health] 16 apps today | 3296 total records
[2026-05-21T16:14:44.849Z] [INFO] [Health] 16 apps today | 3296 total records
[2026-05-21T16:15:18.909Z] [INFO] [IPC] get-productive-stats | {"dateFilter":null,"mode":"single"}
[2026-05-21T16:15:18.911Z] [INFO] [StatsService] called — dateFilter: null, mode: single
[2026-05-21T16:15:18.912Z] [INFO] [StatsService] productive apps: ["Photos.exe","Electron","SnippingTool.exe","WhatsApp.Root","Windows Shell Experience Host","SearchHost.exe","Visual Studio Code"]
[2026-05-21T16:15:18.915Z] [INFO] [StatsService] raw rows count: 19
[2026-05-21T16:15:18.920Z] [INFO] [StatsService] result — productive:974.3099999999998s distracting:5211.7300000000005s idle:6195.400000000001s score:15.8%
[2026-05-21T16:15:44.860Z] [INFO] [Health] 16 apps today | 3296 total records
[2026-05-21T16:16:44.872Z] [INFO] [Health] 16 apps today | 3297 total records
[2026-05-21T16:17:18.911Z] [INFO] [IPC] get-productive-stats | {"dateFilter":null,"mode":"single"}
[2026-05-21T16:17:18.912Z] [INFO] [StatsService] called — dateFilter: null, mode: single
[2026-05-21T16:17:18.913Z] [INFO] [StatsService] productive apps: ["Photos.exe","Electron","SnippingTool.exe","WhatsApp.Root","Windows Shell Experience Host","SearchHost.exe","Visual Studio Code"]
[2026-05-21T16:17:18.915Z] [INFO] [StatsService] raw rows count: 19
[2026-05-21T16:17:18.915Z] [INFO] [StatsService] result — productive:974.3099999999998s distracting:5211.7300000000005s idle:6366.18s score:15.8%
[2026-05-21T16:17:44.878Z] [INFO] [Health] 16 apps today | 3297 total records
[2026-05-21T16:48:24.318Z] [INFO] [Health] 16 apps today | 3297 total records
[2026-05-21T16:48:27.149Z] [INFO] [IPC] get-productive-stats | {"dateFilter":null,"mode":"single"}
[2026-05-21T16:48:27.151Z] [INFO] [StatsService] called — dateFilter: null, mode: single
[2026-05-21T16:48:27.152Z] [INFO] [StatsService] productive apps: ["Photos.exe","Electron","SnippingTool.exe","WhatsApp.Root","Windows Shell Experience Host","SearchHost.exe","Visual Studio Code"]
[2026-05-21T16:48:27.154Z] [INFO] [StatsService] raw rows count: 19
[2026-05-21T16:48:27.155Z] [INFO] [StatsService] result — productive:974.3099999999998s distracting:5211.7300000000005s idle:6366.18s score:15.8%
[2026-05-21T16:48:39.802Z] [INFO] [IPC] get-productive-stats | {"dateFilter":null,"mode":"single"}
[2026-05-21T16:48:39.804Z] [INFO] [StatsService] called — dateFilter: null, mode: single
[2026-05-21T16:48:39.806Z] [INFO] [StatsService] productive apps: ["Photos.exe","Electron","SnippingTool.exe","WhatsApp.Root","Windows Shell Experience Host","SearchHost.exe","Visual Studio Code"]
[2026-05-21T16:48:39.810Z] [INFO] [StatsService] raw rows count: 19
[2026-05-21T16:48:39.811Z] [INFO] [StatsService] result — productive:974.3099999999998s distracting:5211.7300000000005s idle:6366.18s score:15.8%
[2026-05-21T16:49:24.323Z] [INFO] [Health] 16 apps today | 3297 total records
[2026-05-21T16:50:24.335Z] [INFO] [Health] 16 apps today | 3303 total records
[2026-05-21T16:50:39.907Z] [INFO] [IPC] get-productive-stats | {"dateFilter":null,"mode":"single"}
[2026-05-21T16:50:39.908Z] [INFO] [StatsService] called — dateFilter: null, mode: single
[2026-05-21T16:50:39.908Z] [INFO] [StatsService] productive apps: ["Photos.exe","Electron","SnippingTool.exe","WhatsApp.Root","Windows Shell Experience Host","SearchHost.exe","Visual Studio Code"]
[2026-05-21T16:50:39.912Z] [INFO] [StatsService] raw rows count: 19
[2026-05-21T16:50:39.913Z] [INFO] [StatsService] result — productive:974.3099999999998s distracting:5225.87s idle:6440.17s score:15.7%
[2026-05-21T16:51:24.354Z] [INFO] [Health] 16 apps today | 3303 total records
[2026-05-21T16:52:24.364Z] [INFO] [Health] 16 apps today | 3311 total records
[2026-05-21T16:52:39.906Z] [INFO] [IPC] get-productive-stats | {"dateFilter":null,"mode":"single"}
[2026-05-21T16:52:39.907Z] [INFO] [StatsService] called — dateFilter: null, mode: single
[2026-05-21T16:52:39.908Z] [INFO] [StatsService] productive apps: ["Photos.exe","Electron","SnippingTool.exe","WhatsApp.Root","Windows Shell Experience Host","SearchHost.exe","Visual Studio Code"]
[2026-05-21T16:52:39.911Z] [INFO] [StatsService] raw rows count: 19
[2026-05-21T16:52:39.912Z] [INFO] [StatsService] result — productive:974.3099999999998s distracting:5340.05s idle:6440.17s score:15.4%
[2026-05-21T16:53:24.374Z] [INFO] [Health] 16 apps today | 3311 total records
[2026-05-21T16:54:24.378Z] [INFO] [Health] 16 apps today | 3312 total records
[2026-05-21T16:54:39.912Z] [INFO] [IPC] get-productive-stats | {"dateFilter":null,"mode":"single"}
[2026-05-21T16:54:39.913Z] [INFO] [StatsService] called — dateFilter: null, mode: single
[2026-05-21T16:54:39.914Z] [INFO] [StatsService] productive apps: ["Photos.exe","Electron","SnippingTool.exe","WhatsApp.Root","Windows Shell Experience Host","SearchHost.exe","Visual Studio Code"]
[2026-05-21T16:54:39.917Z] [INFO] [StatsService] raw rows count: 19
[2026-05-21T16:54:39.918Z] [INFO] [StatsService] result — productive:974.3099999999998s distracting:5340.05s idle:6519.09s score:15.4%
[2026-05-21T16:55:24.378Z] [INFO] [Health] 16 apps today | 3313 total records
[2026-05-21T16:56:24.394Z] [INFO] [Health] 16 apps today | 3314 total records
[2026-05-21T16:56:39.913Z] [INFO] [IPC] get-productive-stats | {"dateFilter":null,"mode":"single"}
[2026-05-21T16:56:39.914Z] [INFO] [StatsService] called — dateFilter: null, mode: single
[2026-05-21T16:56:39.915Z] [INFO] [StatsService] productive apps: ["Photos.exe","Electron","SnippingTool.exe","WhatsApp.Root","Windows Shell Experience Host","SearchHost.exe","Visual Studio Code"]
[2026-05-21T16:56:39.918Z] [INFO] [StatsService] raw rows count: 19
[2026-05-21T16:56:39.919Z] [INFO] [StatsService] result — productive:974.3099999999998s distracting:5340.05s idle:6643.59s score:15.4%
[2026-05-21T16:57:24.409Z] [INFO] [Health] 16 apps today | 3314 total records
[2026-05-21T16:58:24.421Z] [INFO] [Health] 16 apps today | 3315 total records
[2026-05-21T16:58:39.917Z] [INFO] [IPC] get-productive-stats | {"dateFilter":null,"mode":"single"}
[2026-05-21T16:58:39.918Z] [INFO] [StatsService] called — dateFilter: null, mode: single
[2026-05-21T16:58:39.919Z] [INFO] [StatsService] productive apps: ["Photos.exe","Electron","SnippingTool.exe","WhatsApp.Root","Windows Shell Experience Host","SearchHost.exe","Visual Studio Code"]
[2026-05-21T16:58:39.922Z] [INFO] [StatsService] raw rows count: 19
[2026-05-21T16:58:39.923Z] [INFO] [StatsService] result — productive:974.3099999999998s distracting:5340.05s idle:6703.25s score:15.4%
[2026-05-21T16:59:24.431Z] [INFO] [Health] 16 apps today | 3315 total records
[2026-05-21T17:00:24.452Z] [INFO] [Health] 16 apps today | 3316 total records
[2026-05-21T17:00:39.934Z] [INFO] [IPC] get-productive-stats | {"dateFilter":null,"mode":"single"}
[2026-05-21T17:00:39.935Z] [INFO] [StatsService] called — dateFilter: null, mode: single
[2026-05-21T17:00:39.936Z] [INFO] [StatsService] productive apps: ["Photos.exe","Electron","SnippingTool.exe","WhatsApp.Root","Windows Shell Experience Host","SearchHost.exe","Visual Studio Code"]
[2026-05-21T17:00:39.938Z] [INFO] [StatsService] raw rows count: 19
[2026-05-21T17:00:39.939Z] [INFO] [StatsService] result — productive:974.3099999999998s distracting:5355.21s idle:6703.25s score:15.4%
[2026-05-21T17:01:24.467Z] [INFO] [Health] 16 apps today | 3316 total records
[2026-05-21T17:02:24.472Z] [INFO] [Health] 16 apps today | 3318 total records
[2026-05-21T17:03:24.482Z] [INFO] [Health] 16 apps today | 3318 total records
[2026-05-21T17:03:34.906Z] [INFO] [IPC] get-productive-stats | {"dateFilter":null,"mode":"single"}
[2026-05-21T17:03:34.907Z] [INFO] [StatsService] called — dateFilter: null, mode: single
[2026-05-21T17:03:34.908Z] [INFO] [StatsService] productive apps: ["Photos.exe","Electron","SnippingTool.exe","WhatsApp.Root","Windows Shell Experience Host","SearchHost.exe","Visual Studio Code"]
[2026-05-21T17:03:34.910Z] [INFO] [StatsService] raw rows count: 19
[2026-05-21T17:03:34.911Z] [INFO] [StatsService] result — productive:974.3099999999998s distracting:5356.21s idle:6801.29s score:15.4%
[2026-05-21T17:04:24.510Z] [INFO] [Health] 16 apps today | 3319 total records
[2026-05-21T17:05:24.521Z] [INFO] [Health] 16 apps today | 3322 total records
[2026-05-21T17:05:34.916Z] [INFO] [IPC] get-productive-stats | {"dateFilter":null,"mode":"single"}
[2026-05-21T17:05:34.918Z] [INFO] [StatsService] called — dateFilter: null, mode: single
[2026-05-21T17:05:34.919Z] [INFO] [StatsService] productive apps: ["Photos.exe","Electron","SnippingTool.exe","WhatsApp.Root","Windows Shell Experience Host","SearchHost.exe","Visual Studio Code"]
[2026-05-21T17:05:34.921Z] [INFO] [StatsService] raw rows count: 19
[2026-05-21T17:05:34.922Z] [INFO] [StatsService] result — productive:974.3099999999998s distracting:5391.67s idle:6905.46s score:15.3%
[2026-05-21T17:06:24.554Z] [INFO] [Health] 16 apps today | 3323 total records
[2026-05-21T17:07:24.552Z] [INFO] [Health] 16 apps today | 3323 total records
[2026-05-21T17:07:34.910Z] [INFO] [IPC] get-productive-stats | {"dateFilter":null,"mode":"single"}
[2026-05-21T17:07:34.911Z] [INFO] [StatsService] called — dateFilter: null, mode: single
[2026-05-21T17:07:34.912Z] [INFO] [StatsService] productive apps: ["Photos.exe","Electron","SnippingTool.exe","WhatsApp.Root","Windows Shell Experience Host","SearchHost.exe","Visual Studio Code"]
[2026-05-21T17:07:34.914Z] [INFO] [StatsService] raw rows count: 19
[2026-05-21T17:07:34.915Z] [INFO] [StatsService] result — productive:974.3099999999998s distracting:5417.990000000001s idle:6905.46s score:15.2%
[2026-05-21T17:08:24.565Z] [INFO] [Health] 16 apps today | 3324 total records
[2026-05-21T17:09:24.573Z] [INFO] [Health] 16 apps today | 3324 total records
[2026-05-21T17:09:34.918Z] [INFO] [IPC] get-productive-stats | {"dateFilter":null,"mode":"single"}
[2026-05-21T17:09:34.919Z] [INFO] [StatsService] called — dateFilter: null, mode: single
[2026-05-21T17:09:34.919Z] [INFO] [StatsService] productive apps: ["Photos.exe","Electron","SnippingTool.exe","WhatsApp.Root","Windows Shell Experience Host","SearchHost.exe","Visual Studio Code"]
[2026-05-21T17:09:34.921Z] [INFO] [StatsService] raw rows count: 19
[2026-05-21T17:09:34.922Z] [INFO] [StatsService] result — productive:974.3099999999998s distracting:5417.990000000001s idle:7030.72s score:15.2%
[2026-05-21T17:10:24.593Z] [INFO] [Health] 16 apps today | 3324 total records
[2026-05-21T17:11:24.600Z] [INFO] [Health] 16 apps today | 3324 total records
[2026-05-21T17:11:34.924Z] [INFO] [IPC] get-productive-stats | {"dateFilter":null,"mode":"single"}
[2026-05-21T17:11:34.925Z] [INFO] [StatsService] called — dateFilter: null, mode: single
[2026-05-21T17:11:34.926Z] [INFO] [StatsService] productive apps: ["Photos.exe","Electron","SnippingTool.exe","WhatsApp.Root","Windows Shell Experience Host","SearchHost.exe","Visual Studio Code"]
[2026-05-21T17:11:34.927Z] [INFO] [StatsService] raw rows count: 19
[2026-05-21T17:11:34.928Z] [INFO] [StatsService] result — productive:974.3099999999998s distracting:5417.990000000001s idle:7030.72s score:15.2%
[2026-05-21T17:12:24.604Z] [INFO] [Health] 16 apps today | 3324 total records
[2026-05-21T17:13:24.617Z] [INFO] [Health] 16 apps today | 3325 total records
[2026-05-21T17:13:34.925Z] [INFO] [IPC] get-productive-stats | {"dateFilter":null,"mode":"single"}
[2026-05-21T17:13:34.926Z] [INFO] [StatsService] called — dateFilter: null, mode: single
[2026-05-21T17:13:34.927Z] [INFO] [StatsService] productive apps: ["Photos.exe","Electron","SnippingTool.exe","WhatsApp.Root","Windows Shell Experience Host","SearchHost.exe","Visual Studio Code"]
[2026-05-21T17:13:34.929Z] [INFO] [StatsService] raw rows count: 19
[2026-05-21T17:13:34.929Z] [INFO] [StatsService] result — productive:974.3099999999998s distracting:5417.990000000001s idle:7204.72s score:15.2%
[2026-05-21T17:14:24.621Z] [INFO] [Health] 16 apps today | 3325 total records
[2026-05-21T17:14:39.398Z] [INFO] [Main] All windows closed
[2026-05-27T06:15:39.248Z] [INFO] [Main] All IPC handlers registered
[2026-05-27T06:15:39.250Z] [INFO] [Main] Creating window | preload exists: true
[2026-05-27T06:15:39.586Z] [INFO] [Main] Startup sync — 7 productive, 17 distracting
[2026-05-27T06:15:47.490Z] [INFO] [IPC] get-productive-stats | {"dateFilter":null,"mode":"single"}
[2026-05-27T06:15:47.492Z] [INFO] [StatsService] called — dateFilter: null, mode: single
[2026-05-27T06:15:47.493Z] [INFO] [StatsService] productive apps: ["Photos.exe","Electron","SnippingTool.exe","WhatsApp.Root","Windows Shell Experience Host","SearchHost.exe","Visual Studio Code"]
[2026-05-27T06:15:47.494Z] [INFO] [StatsService] raw rows count: 0
[2026-05-27T06:15:47.495Z] [INFO] [StatsService] result — productive:0s distracting:0s idle:0s score:0.0%
[2026-05-27T06:16:39.598Z] [INFO] [Health] 5 apps today | 3331 total records
[2026-05-27T06:17:39.612Z] [INFO] [Health] 5 apps today | 3336 total records
[2026-05-27T06:17:47.917Z] [INFO] [IPC] get-productive-stats | {"dateFilter":null,"mode":"single"}
[2026-05-27T06:17:47.918Z] [INFO] [StatsService] called — dateFilter: null, mode: single
[2026-05-27T06:17:47.919Z] [INFO] [StatsService] productive apps: ["Photos.exe","Electron","SnippingTool.exe","WhatsApp.Root","Windows Shell Experience Host","SearchHost.exe","Visual Studio Code"]
[2026-05-27T06:17:47.920Z] [INFO] [StatsService] raw rows count: 6
[2026-05-27T06:17:47.921Z] [INFO] [StatsService] result — productive:26.209999999999997s distracting:75.56s idle:8.04s score:25.8%
[2026-05-27T06:18:39.620Z] [INFO] [Health] 5 apps today | 3337 total records
[2026-05-27T06:19:39.634Z] [INFO] [Health] 5 apps today | 3337 total records
[2026-05-27T06:19:47.916Z] [INFO] [IPC] get-productive-stats | {"dateFilter":null,"mode":"single"}
[2026-05-27T06:19:47.918Z] [INFO] [StatsService] called — dateFilter: null, mode: single
[2026-05-27T06:19:47.919Z] [INFO] [StatsService] productive apps: ["Photos.exe","Electron","SnippingTool.exe","WhatsApp.Root","Windows Shell Experience Host","SearchHost.exe","Visual Studio Code"]
[2026-05-27T06:19:47.921Z] [INFO] [StatsService] raw rows count: 7
[2026-05-27T06:19:47.922Z] [INFO] [StatsService] result — productive:26.209999999999997s distracting:75.56s idle:70.44999999999999s score:25.8%
[2026-05-27T06:20:39.653Z] [INFO] [Health] 5 apps today | 3337 total records
[2026-05-27T06:26:12.852Z] [INFO] [Health] 5 apps today | 3337 total records
[2026-05-27T06:26:15.470Z] [INFO] [IPC] get-productive-stats | {"dateFilter":null,"mode":"single"}
[2026-05-27T06:26:15.472Z] [INFO] [StatsService] called — dateFilter: null, mode: single
[2026-05-27T06:26:15.474Z] [INFO] [StatsService] productive apps: ["Photos.exe","Electron","SnippingTool.exe","WhatsApp.Root","Windows Shell Experience Host","SearchHost.exe","Visual Studio Code"]
[2026-05-27T06:26:15.476Z] [INFO] [StatsService] raw rows count: 7
[2026-05-27T06:26:15.478Z] [INFO] [StatsService] result — productive:26.209999999999997s distracting:75.56s idle:70.44999999999999s score:25.8%
[2026-05-27T06:26:17.124Z] [INFO] [IPC] get-productive-stats | {"dateFilter":null,"mode":"single"}
[2026-05-27T06:26:17.126Z] [INFO] [StatsService] called — dateFilter: null, mode: single
[2026-05-27T06:26:17.127Z] [INFO] [StatsService] productive apps: ["Photos.exe","Electron","SnippingTool.exe","WhatsApp.Root","Windows Shell Experience Host","SearchHost.exe","Visual Studio Code"]
[2026-05-27T06:26:17.129Z] [INFO] [StatsService] raw rows count: 8
[2026-05-27T06:26:17.130Z] [INFO] [StatsService] result — productive:26.209999999999997s distracting:76.58s idle:70.44999999999999s score:25.5%
[2026-05-27T06:27:12.010Z] [INFO] [IPC] get-productive-stats | {"dateFilter":"2026-05-27","mode":"single"}
[2026-05-27T06:27:12.011Z] [INFO] [StatsService] called — dateFilter: 2026-05-27, mode: single
[2026-05-27T06:27:12.012Z] [INFO] [StatsService] productive apps: ["Photos.exe","Electron","SnippingTool.exe","WhatsApp.Root","Windows Shell Experience Host","SearchHost.exe","Visual Studio Code"]
[2026-05-27T06:27:12.013Z] [INFO] [StatsService] raw rows count: 11
[2026-05-27T06:27:12.013Z] [INFO] [StatsService] result — productive:29.249999999999996s distracting:126.08000000000001s idle:70.44999999999999s score:18.8%
[2026-05-27T06:27:12.853Z] [INFO] [Health] 9 apps today | 3351 total records
[2026-05-27T06:27:12.876Z] [INFO] [IPC] get-productive-stats | {"dateFilter":null,"mode":"single"}
[2026-05-27T06:27:12.877Z] [INFO] [StatsService] called — dateFilter: null, mode: single
[2026-05-27T06:27:12.878Z] [INFO] [StatsService] productive apps: ["Photos.exe","Electron","SnippingTool.exe","WhatsApp.Root","Windows Shell Experience Host","SearchHost.exe","Visual Studio Code"]
[2026-05-27T06:27:12.879Z] [INFO] [StatsService] raw rows count: 11
[2026-05-27T06:27:12.880Z] [INFO] [StatsService] result — productive:29.249999999999996s distracting:126.08000000000001s idle:70.44999999999999s score:18.8%
[2026-05-27T06:28:12.856Z] [INFO] [Health] 10 apps today | 3359 total records
[2026-05-27T06:28:53.574Z] [INFO] [IPC] get-productive-stats | {"dateFilter":"2026-05-27","mode":"single"}
[2026-05-27T06:28:53.574Z] [INFO] [StatsService] called — dateFilter: 2026-05-27, mode: single
[2026-05-27T06:28:53.575Z] [INFO] [StatsService] productive apps: ["Photos.exe","Electron","SnippingTool.exe","WhatsApp.Root","Windows Shell Experience Host","SearchHost.exe","Visual Studio Code"]
[2026-05-27T06:28:53.576Z] [INFO] [StatsService] raw rows count: 13
[2026-05-27T06:28:53.578Z] [INFO] [StatsService] result — productive:95.81s distracting:160.79000000000002s idle:70.44999999999999s score:37.3%
[2026-05-27T06:28:56.408Z] [INFO] [IPC] get-productive-stats | {"dateFilter":null,"mode":"single"}
[2026-05-27T06:28:56.409Z] [INFO] [StatsService] called — dateFilter: null, mode: single
[2026-05-27T06:28:56.410Z] [INFO] [StatsService] productive apps: ["Photos.exe","Electron","SnippingTool.exe","WhatsApp.Root","Windows Shell Experience Host","SearchHost.exe","Visual Studio Code"]
[2026-05-27T06:28:56.412Z] [INFO] [StatsService] raw rows count: 13
[2026-05-27T06:28:56.412Z] [INFO] [StatsService] result — productive:95.81s distracting:160.79000000000002s idle:70.44999999999999s score:37.3%
[2026-05-27T06:29:04.734Z] [INFO] [IPC] get-productive-stats | {"dateFilter":"2026-05-27","mode":"single"}
[2026-05-27T06:29:04.735Z] [INFO] [StatsService] called — dateFilter: 2026-05-27, mode: single
[2026-05-27T06:29:04.736Z] [INFO] [StatsService] productive apps: ["Photos.exe","Electron","SnippingTool.exe","WhatsApp.Root","Windows Shell Experience Host","SearchHost.exe","Visual Studio Code"]
[2026-05-27T06:29:04.740Z] [INFO] [StatsService] raw rows count: 13
[2026-05-27T06:29:04.741Z] [INFO] [StatsService] result — productive:95.81s distracting:160.79000000000002s idle:70.44999999999999s score:37.3%
[2026-05-27T06:29:05.937Z] [INFO] [IPC] get-productive-stats | {"dateFilter":"2026-05-21","mode":"range"}
[2026-05-27T06:29:05.938Z] [INFO] [StatsService] called — dateFilter: 2026-05-21, mode: range
[2026-05-27T06:29:05.939Z] [INFO] [StatsService] productive apps: ["Photos.exe","Electron","SnippingTool.exe","WhatsApp.Root","Windows Shell Experience Host","SearchHost.exe","Visual Studio Code"]
[2026-05-27T06:29:05.941Z] [INFO] [StatsService] raw rows count: 22
[2026-05-27T06:29:05.941Z] [INFO] [StatsService] result — productive:1070.1200000000001s distracting:5610.17s idle:7275.17s score:16.0%
[2026-05-27T06:29:07.588Z] [INFO] [IPC] get-productive-stats | {"dateFilter":"2026-04-28","mode":"range"}
[2026-05-27T06:29:07.589Z] [INFO] [StatsService] called — dateFilter: 2026-04-28, mode: range
[2026-05-27T06:29:07.590Z] [INFO] [StatsService] productive apps: ["Photos.exe","Electron","SnippingTool.exe","WhatsApp.Root","Windows Shell Experience Host","SearchHost.exe","Visual Studio Code"]
[2026-05-27T06:29:07.592Z] [INFO] [StatsService] raw rows count: 22
[2026-05-27T06:29:07.593Z] [INFO] [StatsService] result — productive:1070.1200000000001s distracting:5610.17s idle:7275.17s score:16.0%
[2026-05-27T06:29:10.007Z] [INFO] [IPC] get-productive-stats | {"dateFilter":null,"mode":"single"}
[2026-05-27T06:29:10.008Z] [INFO] [StatsService] called — dateFilter: null, mode: single
[2026-05-27T06:29:10.009Z] [INFO] [StatsService] productive apps: ["Photos.exe","Electron","SnippingTool.exe","WhatsApp.Root","Windows Shell Experience Host","SearchHost.exe","Visual Studio Code"]
[2026-05-27T06:29:10.010Z] [INFO] [StatsService] raw rows count: 13
[2026-05-27T06:29:10.011Z] [INFO] [StatsService] result — productive:95.81s distracting:160.79000000000002s idle:70.44999999999999s score:37.3%
[2026-05-27T06:29:12.870Z] [INFO] [Health] 11 apps today | 3364 total records
[2026-05-27T06:30:12.870Z] [INFO] [Health] 13 apps today | 3374 total records
[2026-05-27T06:31:10.909Z] [INFO] [IPC] get-productive-stats | {"dateFilter":null,"mode":"single"}
[2026-05-27T06:31:10.910Z] [INFO] [StatsService] called — dateFilter: null, mode: single
[2026-05-27T06:31:10.910Z] [INFO] [StatsService] productive apps: ["Photos.exe","Electron","SnippingTool.exe","WhatsApp.Root","Windows Shell Experience Host","SearchHost.exe","Visual Studio Code"]
[2026-05-27T06:31:10.911Z] [INFO] [StatsService] raw rows count: 15
[2026-05-27T06:31:10.912Z] [INFO] [StatsService] result — productive:118.07s distracting:271.42s idle:70.44999999999999s score:30.3%
[2026-05-27T06:31:12.886Z] [INFO] [Health] 13 apps today | 3379 total records
[2026-05-27T06:32:12.894Z] [INFO] [Health] 13 apps today | 3379 total records
[2026-05-27T06:33:10.917Z] [INFO] [IPC] get-productive-stats | {"dateFilter":null,"mode":"single"}
[2026-05-27T06:33:10.918Z] [INFO] [StatsService] called — dateFilter: null, mode: single
[2026-05-27T06:33:10.919Z] [INFO] [StatsService] productive apps: ["Photos.exe","Electron","SnippingTool.exe","WhatsApp.Root","Windows Shell Experience Host","SearchHost.exe","Visual Studio Code"]
[2026-05-27T06:33:10.921Z] [INFO] [StatsService] raw rows count: 16
[2026-05-27T06:33:10.923Z] [INFO] [StatsService] result — productive:118.07s distracting:271.42s idle:181.79999999999998s score:30.3%
[2026-05-27T06:33:12.894Z] [INFO] [Health] 13 apps today | 3380 total records
[2026-05-27T06:34:12.929Z] [INFO] [Health] 13 apps today | 3380 total records
[2026-05-27T06:35:10.913Z] [INFO] [IPC] get-productive-stats | {"dateFilter":null,"mode":"single"}
[2026-05-27T06:35:10.915Z] [INFO] [StatsService] called — dateFilter: null, mode: single
[2026-05-27T06:35:10.916Z] [INFO] [StatsService] productive apps: ["Photos.exe","Electron","SnippingTool.exe","WhatsApp.Root","Windows Shell Experience Host","SearchHost.exe","Visual Studio Code"]
[2026-05-27T06:35:10.918Z] [INFO] [StatsService] raw rows count: 16
[2026-05-27T06:35:10.918Z] [INFO] [StatsService] result — productive:118.07s distracting:271.42s idle:283.95s score:30.3%
[2026-05-27T06:35:12.930Z] [INFO] [Health] 13 apps today | 3381 total records
[2026-05-27T06:36:13.027Z] [INFO] [Health] 13 apps today | 3381 total records
[2026-05-27T06:37:10.917Z] [INFO] [IPC] get-productive-stats | {"dateFilter":null,"mode":"single"}
[2026-05-27T06:37:10.918Z] [INFO] [StatsService] called — dateFilter: null, mode: single
[2026-05-27T06:37:10.921Z] [INFO] [StatsService] productive apps: ["Photos.exe","Electron","SnippingTool.exe","WhatsApp.Root","Windows Shell Experience Host","SearchHost.exe","Visual Studio Code"]
[2026-05-27T06:37:10.923Z] [INFO] [StatsService] raw rows count: 16
[2026-05-27T06:37:10.923Z] [INFO] [StatsService] result — productive:118.07s distracting:339.21s idle:283.95s score:25.8%
[2026-05-27T06:37:13.048Z] [INFO] [Health] 13 apps today | 3384 total records
[2026-05-27T06:38:13.056Z] [INFO] [Health] 13 apps today | 3385 total records
[2026-05-27T06:39:10.907Z] [INFO] [IPC] get-productive-stats | {"dateFilter":null,"mode":"single"}
[2026-05-27T06:39:10.909Z] [INFO] [StatsService] called — dateFilter: null, mode: single
[2026-05-27T06:39:10.910Z] [INFO] [StatsService] productive apps: ["Photos.exe","Electron","SnippingTool.exe","WhatsApp.Root","Windows Shell Experience Host","SearchHost.exe","Visual Studio Code"]
[2026-05-27T06:39:10.912Z] [INFO] [StatsService] raw rows count: 17
[2026-05-27T06:39:10.914Z] [INFO] [StatsService] result — productive:118.07s distracting:405.91s idle:283.95s score:22.5%
[2026-05-27T06:39:13.060Z] [INFO] [Health] 14 apps today | 3387 total records
[2026-05-27T06:40:13.072Z] [INFO] [Health] 14 apps today | 3388 total records
[2026-05-27T06:41:10.905Z] [INFO] [IPC] get-productive-stats | {"dateFilter":null,"mode":"single"}
[2026-05-27T06:41:10.907Z] [INFO] [StatsService] called — dateFilter: null, mode: single
[2026-05-27T06:41:10.908Z] [INFO] [StatsService] productive apps: ["Photos.exe","Electron","SnippingTool.exe","WhatsApp.Root","Windows Shell Experience Host","SearchHost.exe","Visual Studio Code"]
[2026-05-27T06:41:10.909Z] [INFO] [StatsService] raw rows count: 17
[2026-05-27T06:41:10.910Z] [INFO] [StatsService] result — productive:118.07s distracting:548.43s idle:283.95s score:17.7%
[2026-05-27T06:41:13.087Z] [INFO] [Health] 14 apps today | 3391 total records
[2026-05-27T06:42:13.104Z] [INFO] [Health] 14 apps today | 3391 total records
[2026-05-27T06:43:13.111Z] [INFO] [Health] 14 apps today | 3391 total records
[2026-05-27T06:43:28.916Z] [INFO] [IPC] get-productive-stats | {"dateFilter":null,"mode":"single"}
[2026-05-27T06:43:28.918Z] [INFO] [StatsService] called — dateFilter: null, mode: single
[2026-05-27T06:43:28.925Z] [INFO] [StatsService] productive apps: ["Photos.exe","Electron","SnippingTool.exe","WhatsApp.Root","Windows Shell Experience Host","SearchHost.exe","Visual Studio Code"]
[2026-05-27T06:43:28.927Z] [INFO] [StatsService] raw rows count: 17
[2026-05-27T06:43:28.928Z] [INFO] [StatsService] result — productive:118.07s distracting:716.1499999999999s idle:283.95s score:14.2%
[2026-05-27T06:44:13.119Z] [INFO] [Health] 16 apps today | 3400 total records
[2026-05-27T06:45:13.124Z] [INFO] [Health] 17 apps today | 3403 total records
[2026-05-27T06:45:28.912Z] [INFO] [IPC] get-productive-stats | {"dateFilter":null,"mode":"single"}
[2026-05-27T06:45:28.914Z] [INFO] [StatsService] called — dateFilter: null, mode: single
[2026-05-27T06:45:28.915Z] [INFO] [StatsService] productive apps: ["Photos.exe","Electron","SnippingTool.exe","WhatsApp.Root","Windows Shell Experience Host","SearchHost.exe","Visual Studio Code"]
[2026-05-27T06:45:28.916Z] [INFO] [StatsService] raw rows count: 20
[2026-05-27T06:45:28.917Z] [INFO] [StatsService] result — productive:122.1s distracting:780.84s idle:283.95s score:13.5%
[2026-05-27T06:46:13.131Z] [INFO] [Health] 17 apps today | 3404 total records
[2026-05-27T06:47:13.143Z] [INFO] [Health] 17 apps today | 3407 total records
[2026-05-27T06:47:35.574Z] [INFO] [IPC] get-productive-stats | {"dateFilter":"2026-05-27","mode":"single"}
[2026-05-27T06:47:35.575Z] [INFO] [StatsService] called — dateFilter: 2026-05-27, mode: single
[2026-05-27T06:47:35.576Z] [INFO] [StatsService] productive apps: ["Photos.exe","Electron","SnippingTool.exe","WhatsApp.Root","Windows Shell Experience Host","SearchHost.exe","Visual Studio Code"]
[2026-05-27T06:47:35.576Z] [INFO] [StatsService] raw rows count: 20
[2026-05-27T06:47:35.577Z] [INFO] [StatsService] result — productive:127.15s distracting:922.34s idle:283.95s score:12.1%
[2026-05-27T06:47:49.657Z] [INFO] [IPC] get-productive-stats | {"dateFilter":"2026-05-26","mode":"single"}
[2026-05-27T06:47:49.658Z] [INFO] [StatsService] called — dateFilter: 2026-05-26, mode: single
[2026-05-27T06:47:49.659Z] [INFO] [StatsService] productive apps: ["Photos.exe","Electron","SnippingTool.exe","WhatsApp.Root","Windows Shell Experience Host","SearchHost.exe","Visual Studio Code"]
[2026-05-27T06:47:49.659Z] [INFO] [StatsService] raw rows count: 0
[2026-05-27T06:47:49.674Z] [INFO] [StatsService] result — productive:0s distracting:0s idle:0s score:0.0%
[2026-05-27T06:47:52.676Z] [INFO] [IPC] get-productive-stats | {"dateFilter":"2026-05-21","mode":"range"}
[2026-05-27T06:47:52.677Z] [INFO] [StatsService] called — dateFilter: 2026-05-21, mode: range
[2026-05-27T06:47:52.678Z] [INFO] [StatsService] productive apps: ["Photos.exe","Electron","SnippingTool.exe","WhatsApp.Root","Windows Shell Experience Host","SearchHost.exe","Visual Studio Code"]
[2026-05-27T06:47:52.680Z] [INFO] [StatsService] raw rows count: 28
[2026-05-27T06:47:52.680Z] [INFO] [StatsService] result — productive:1101.4600000000003s distracting:6371.72s idle:7488.67s score:14.7%
[2026-05-27T06:47:58.987Z] [INFO] [IPC] get-productive-stats | {"dateFilter":"2026-04-28","mode":"range"}
[2026-05-27T06:47:58.988Z] [INFO] [StatsService] called — dateFilter: 2026-04-28, mode: range
[2026-05-27T06:47:58.989Z] [INFO] [StatsService] productive apps: ["Photos.exe","Electron","SnippingTool.exe","WhatsApp.Root","Windows Shell Experience Host","SearchHost.exe","Visual Studio Code"]
[2026-05-27T06:47:58.991Z] [INFO] [StatsService] raw rows count: 28
[2026-05-27T06:47:58.992Z] [INFO] [StatsService] result — productive:1101.4600000000003s distracting:6371.72s idle:7488.67s score:14.7%
[2026-05-27T06:48:13.155Z] [INFO] [Health] 17 apps today | 3407 total records
[2026-05-27T06:48:39.670Z] [INFO] [IPC] get-productive-stats | {"dateFilter":null,"mode":"single"}
[2026-05-27T06:48:39.671Z] [INFO] [StatsService] called — dateFilter: null, mode: single
[2026-05-27T06:48:39.672Z] [INFO] [StatsService] productive apps: ["Photos.exe","Electron","SnippingTool.exe","WhatsApp.Root","Windows Shell Experience Host","SearchHost.exe","Visual Studio Code"]
[2026-05-27T06:48:39.672Z] [INFO] [StatsService] raw rows count: 20
[2026-05-27T06:48:39.673Z] [INFO] [StatsService] result — productive:223.06s distracting:922.34s idle:283.95s score:19.5%
[2026-05-27T06:49:13.158Z] [INFO] [Health] 17 apps today | 3409 total records
[2026-05-27T06:50:13.174Z] [INFO] [Health] 17 apps today | 3411 total records
[2026-05-27T06:50:17.564Z] [INFO] [IPC] get-productive-stats | {"dateFilter":null,"mode":"single"}
[2026-05-27T06:50:17.565Z] [INFO] [StatsService] called — dateFilter: null, mode: single
[2026-05-27T06:50:17.565Z] [INFO] [StatsService] productive apps: ["Photos.exe","Electron","SnippingTool.exe","WhatsApp.Root","Windows Shell Experience Host","SearchHost.exe","Visual Studio Code"]
[2026-05-27T06:50:17.566Z] [INFO] [StatsService] raw rows count: 20
[2026-05-27T06:50:17.567Z] [INFO] [StatsService] result — productive:298.91s distracting:922.34s idle:283.95s score:24.5%
[2026-05-27T06:50:42.376Z] [INFO] [IPC] get-productive-stats | {"dateFilter":"2026-05-27","mode":"single"}
[2026-05-27T06:50:42.377Z] [INFO] [StatsService] called — dateFilter: 2026-05-27, mode: single
[2026-05-27T06:50:42.378Z] [INFO] [StatsService] productive apps: ["Photos.exe","Electron","SnippingTool.exe","WhatsApp.Root","Windows Shell Experience Host","SearchHost.exe","Visual Studio Code"]
[2026-05-27T06:50:42.379Z] [INFO] [StatsService] raw rows count: 20
[2026-05-27T06:50:42.379Z] [INFO] [StatsService] result — productive:298.91s distracting:922.34s idle:283.95s score:24.5%
[2026-05-27T06:50:47.998Z] [INFO] [IPC] get-productive-stats | {"dateFilter":null,"mode":"single"}
[2026-05-27T06:50:47.999Z] [INFO] [StatsService] called — dateFilter: null, mode: single
[2026-05-27T06:50:48.000Z] [INFO] [StatsService] productive apps: ["Photos.exe","Electron","SnippingTool.exe","WhatsApp.Root","Windows Shell Experience Host","SearchHost.exe","Visual Studio Code"]
[2026-05-27T06:50:48.001Z] [INFO] [StatsService] raw rows count: 20
[2026-05-27T06:50:48.002Z] [INFO] [StatsService] result — productive:298.91s distracting:922.34s idle:283.95s score:24.5%
[2026-05-28T09:52:38.870Z] [INFO] [Main] All IPC handlers registered
[2026-05-28T09:52:38.877Z] [INFO] [Main] Creating window | preload exists: true
[2026-05-28T09:52:39.213Z] [INFO] [Main] Startup sync — 7 productive, 22 distracting
[2026-05-28T09:52:48.601Z] [INFO] [IPC] get-productive-stats | {"dateFilter":null,"mode":"single"}
[2026-05-28T09:52:48.602Z] [INFO] [StatsService] called — dateFilter: null, mode: single
[2026-05-28T09:52:48.605Z] [INFO] [StatsService] productive apps: ["Photos.exe","Electron","SnippingTool.exe","WhatsApp.Root","Windows Shell Experience Host","SearchHost.exe","Visual Studio Code"]
[2026-05-28T09:52:48.607Z] [INFO] [StatsService] raw rows count: 1
[2026-05-28T09:52:48.609Z] [INFO] [StatsService] result — productive:4.06s distracting:0s idle:0s score:100.0%
[2026-05-28T09:53:39.235Z] [INFO] [Health] 1 apps today | 3414 total records
[2026-05-28T09:54:39.236Z] [INFO] [Health] 1 apps today | 3415 total records
[2026-05-28T09:54:48.940Z] [INFO] [IPC] get-productive-stats | {"dateFilter":null,"mode":"single"}
[2026-05-28T09:54:48.942Z] [INFO] [StatsService] called — dateFilter: null, mode: single
[2026-05-28T09:54:48.945Z] [INFO] [StatsService] productive apps: ["Photos.exe","Electron","SnippingTool.exe","WhatsApp.Root","Windows Shell Experience Host","SearchHost.exe","Visual Studio Code"]
[2026-05-28T09:54:48.948Z] [INFO] [StatsService] raw rows count: 2
[2026-05-28T09:54:48.950Z] [INFO] [StatsService] result — productive:4.06s distracting:0s idle:69.77s score:100.0%
[2026-05-28T09:55:39.243Z] [INFO] [Health] 1 apps today | 3416 total records
[2026-05-28T09:56:39.259Z] [INFO] [Health] 1 apps today | 3416 total records
[2026-05-28T09:56:48.926Z] [INFO] [IPC] get-productive-stats | {"dateFilter":null,"mode":"single"}
[2026-05-28T09:56:48.927Z] [INFO] [StatsService] called — dateFilter: null, mode: single
[2026-05-28T09:56:48.929Z] [INFO] [StatsService] productive apps: ["Photos.exe","Electron","SnippingTool.exe","WhatsApp.Root","Windows Shell Experience Host","SearchHost.exe","Visual Studio Code"]
[2026-05-28T09:56:48.932Z] [INFO] [StatsService] raw rows count: 2
[2026-05-28T09:56:48.933Z] [INFO] [StatsService] result — productive:4.06s distracting:0s idle:158.76999999999998s score:100.0%
[2026-05-28T09:57:39.270Z] [INFO] [Health] 1 apps today | 3416 total records
[2026-05-28T09:58:39.277Z] [INFO] [Health] 3 apps today | 3418 total records
[2026-05-28T09:58:48.932Z] [INFO] [IPC] get-productive-stats | {"dateFilter":null,"mode":"single"}
[2026-05-28T09:58:48.933Z] [INFO] [StatsService] called — dateFilter: null, mode: single
[2026-05-28T09:58:48.935Z] [INFO] [StatsService] productive apps: ["Photos.exe","Electron","SnippingTool.exe","WhatsApp.Root","Windows Shell Experience Host","SearchHost.exe","Visual Studio Code"]
[2026-05-28T09:58:48.936Z] [INFO] [StatsService] raw rows count: 4
[2026-05-28T09:58:48.937Z] [INFO] [StatsService] result — productive:14.169999999999998s distracting:30.34s idle:158.76999999999998s score:31.8%
[2026-05-28T09:59:39.289Z] [INFO] [Health] 3 apps today | 3419 total records
[2026-05-28T10:00:39.295Z] [INFO] [Health] 3 apps today | 3419 total records
[2026-05-28T10:00:48.925Z] [INFO] [IPC] get-productive-stats | {"dateFilter":null,"mode":"single"}
[2026-05-28T10:00:48.928Z] [INFO] [StatsService] called — dateFilter: null, mode: single
[2026-05-28T10:00:48.930Z] [INFO] [StatsService] productive apps: ["Photos.exe","Electron","SnippingTool.exe","WhatsApp.Root","Windows Shell Experience Host","SearchHost.exe","Visual Studio Code"]
[2026-05-28T10:00:48.933Z] [INFO] [StatsService] raw rows count: 4
[2026-05-28T10:00:48.934Z] [INFO] [StatsService] result — productive:14.169999999999998s distracting:30.34s idle:221.44s score:31.8%
[2026-05-28T10:01:39.307Z] [INFO] [Health] 3 apps today | 3420 total records
[2026-05-28T10:02:39.312Z] [INFO] [Health] 3 apps today | 3420 total records
[2026-05-28T10:02:48.923Z] [INFO] [IPC] get-productive-stats | {"dateFilter":null,"mode":"single"}
[2026-05-28T10:02:48.926Z] [INFO] [StatsService] called — dateFilter: null, mode: single
[2026-05-28T10:02:48.928Z] [INFO] [StatsService] productive apps: ["Photos.exe","Electron","SnippingTool.exe","WhatsApp.Root","Windows Shell Experience Host","SearchHost.exe","Visual Studio Code"]
[2026-05-28T10:02:48.930Z] [INFO] [StatsService] raw rows count: 4
[2026-05-28T10:02:48.931Z] [INFO] [StatsService] result — productive:14.169999999999998s distracting:30.34s idle:317.40999999999997s score:31.8%
[2026-05-28T10:03:39.329Z] [INFO] [Health] 3 apps today | 3421 total records
[2026-05-28T10:04:39.344Z] [INFO] [Health] 3 apps today | 3422 total records
[2026-05-28T10:04:48.616Z] [INFO] [IPC] get-productive-stats | {"dateFilter":null,"mode":"single"}
[2026-05-28T10:04:48.616Z] [INFO] [StatsService] called — dateFilter: null, mode: single
[2026-05-28T10:04:48.617Z] [INFO] [StatsService] productive apps: ["Photos.exe","Electron","SnippingTool.exe","WhatsApp.Root","Windows Shell Experience Host","SearchHost.exe","Visual Studio Code"]
[2026-05-28T10:04:48.618Z] [INFO] [StatsService] raw rows count: 4
[2026-05-28T10:04:48.618Z] [INFO] [StatsService] result — productive:14.169999999999998s distracting:60.68s idle:382.13s score:18.9%
[2026-05-28T10:05:39.354Z] [INFO] [Health] 4 apps today | 3424 total records
[2026-05-28T10:06:39.370Z] [INFO] [Health] 4 apps today | 3424 total records
[2026-05-28T10:06:48.929Z] [INFO] [IPC] get-productive-stats | {"dateFilter":null,"mode":"single"}
[2026-05-28T10:06:48.930Z] [INFO] [StatsService] called — dateFilter: null, mode: single
[2026-05-28T10:06:48.932Z] [INFO] [StatsService] productive apps: ["Photos.exe","Electron","SnippingTool.exe","WhatsApp.Root","Windows Shell Experience Host","SearchHost.exe","Visual Studio Code"]
[2026-05-28T10:06:48.933Z] [INFO] [StatsService] raw rows count: 5
[2026-05-28T10:06:48.934Z] [INFO] [StatsService] result — productive:40.43s distracting:61.72s idle:382.13s score:39.6%
[2026-05-28T10:07:39.385Z] [INFO] [Health] 4 apps today | 3425 total records
[2026-05-28T10:08:39.388Z] [INFO] [Health] 4 apps today | 3425 total records
[2026-05-28T10:08:51.843Z] [INFO] [IPC] get-productive-stats | {"dateFilter":null,"mode":"single"}
[2026-05-28T10:08:51.845Z] [INFO] [StatsService] called — dateFilter: null, mode: single
[2026-05-28T10:08:51.847Z] [INFO] [StatsService] productive apps: ["Photos.exe","Electron","SnippingTool.exe","WhatsApp.Root","Windows Shell Experience Host","SearchHost.exe","Visual Studio Code"]
[2026-05-28T10:08:51.848Z] [INFO] [StatsService] raw rows count: 6
[2026-05-28T10:08:51.850Z] [INFO] [StatsService] result — productive:40.43s distracting:61.72s idle:492.31s score:39.6%
[2026-05-28T10:09:39.390Z] [INFO] [Health] 5 apps today | 3427 total records
[2026-05-28T10:10:39.392Z] [INFO] [Health] 5 apps today | 3427 total records
[2026-05-28T10:10:52.921Z] [INFO] [IPC] get-productive-stats | {"dateFilter":null,"mode":"single"}
[2026-05-28T10:10:52.923Z] [INFO] [StatsService] called — dateFilter: null, mode: single
[2026-05-28T10:10:52.924Z] [INFO] [StatsService] productive apps: ["Photos.exe","Electron","SnippingTool.exe","WhatsApp.Root","Windows Shell Experience Host","SearchHost.exe","Visual Studio Code"]
[2026-05-28T10:10:52.926Z] [INFO] [StatsService] raw rows count: 7
[2026-05-28T10:10:52.928Z] [INFO] [StatsService] result — productive:40.43s distracting:63.86s idle:492.31s score:38.8%
[2026-05-28T10:11:39.406Z] [INFO] [Health] 5 apps today | 3427 total records
[2026-05-28T10:12:39.416Z] [INFO] [Health] 5 apps today | 3428 total records
[2026-05-28T10:12:54.925Z] [INFO] [IPC] get-productive-stats | {"dateFilter":null,"mode":"single"}
[2026-05-28T10:12:54.926Z] [INFO] [StatsService] called — dateFilter: null, mode: single
[2026-05-28T10:12:54.927Z] [INFO] [StatsService] productive apps: ["Photos.exe","Electron","SnippingTool.exe","WhatsApp.Root","Windows Shell Experience Host","SearchHost.exe","Visual Studio Code"]
[2026-05-28T10:12:54.928Z] [INFO] [StatsService] raw rows count: 7
[2026-05-28T10:12:54.929Z] [INFO] [StatsService] result — productive:40.43s distracting:63.86s idle:687.47s score:38.8%
[2026-05-28T10:13:39.424Z] [INFO] [Health] 5 apps today | 3428 total records
[2026-05-28T10:14:39.433Z] [INFO] [Health] 5 apps today | 3428 total records
[2026-05-28T10:14:56.932Z] [INFO] [IPC] get-productive-stats | {"dateFilter":null,"mode":"single"}
[2026-05-28T10:14:56.934Z] [INFO] [StatsService] called — dateFilter: null, mode: single
[2026-05-28T10:14:56.934Z] [INFO] [StatsService] productive apps: ["Photos.exe","Electron","SnippingTool.exe","WhatsApp.Root","Windows Shell Experience Host","SearchHost.exe","Visual Studio Code"]
[2026-05-28T10:14:56.936Z] [INFO] [StatsService] raw rows count: 7
[2026-05-28T10:14:56.936Z] [INFO] [StatsService] result — productive:40.43s distracting:63.86s idle:792.69s score:38.8%
[2026-05-28T10:15:39.447Z] [INFO] [Health] 6 apps today | 3437 total records
[2026-05-28T10:16:39.466Z] [INFO] [Health] 6 apps today | 3445 total records
[2026-05-28T10:17:11.927Z] [INFO] [IPC] get-productive-stats | {"dateFilter":null,"mode":"single"}
[2026-05-28T10:17:11.929Z] [INFO] [StatsService] called — dateFilter: null, mode: single
[2026-05-28T10:17:11.932Z] [INFO] [StatsService] productive apps: ["Photos.exe","Electron","SnippingTool.exe","WhatsApp.Root","Windows Shell Experience Host","SearchHost.exe","Visual Studio Code"]
[2026-05-28T10:17:11.935Z] [INFO] [StatsService] raw rows count: 8
[2026-05-28T10:17:11.937Z] [INFO] [StatsService] result — productive:71.8s distracting:102.24000000000001s idle:792.69s score:41.3%
[2026-05-28T10:17:30.891Z] [INFO] [IPC] get-productive-stats | {"dateFilter":null,"mode":"single"}
[2026-05-28T10:17:30.891Z] [INFO] [StatsService] called — dateFilter: null, mode: single
[2026-05-28T10:17:30.892Z] [INFO] [StatsService] productive apps: ["Photos.exe","Electron","SnippingTool.exe","WhatsApp.Root","Windows Shell Experience Host","SearchHost.exe","Visual Studio Code"]
[2026-05-28T10:17:30.893Z] [INFO] [StatsService] raw rows count: 8
[2026-05-28T10:17:30.894Z] [INFO] [StatsService] result — productive:71.8s distracting:181.08999999999997s idle:792.69s score:28.4%
[2026-05-28T10:17:39.469Z] [INFO] [Health] 6 apps today | 3448 total records
[2026-05-28T10:18:39.478Z] [INFO] [Health] 7 apps today | 3451 total records
[2026-05-28T10:19:30.928Z] [INFO] [IPC] get-productive-stats | {"dateFilter":null,"mode":"single"}
[2026-05-28T10:19:30.929Z] [INFO] [StatsService] called — dateFilter: null, mode: single
[2026-05-28T10:19:30.931Z] [INFO] [StatsService] productive apps: ["Photos.exe","Electron","SnippingTool.exe","WhatsApp.Root","Windows Shell Experience Host","SearchHost.exe","Visual Studio Code"]
[2026-05-28T10:19:30.933Z] [INFO] [StatsService] raw rows count: 9
[2026-05-28T10:19:30.935Z] [INFO] [StatsService] result — productive:76.84s distracting:200.3s idle:852.4s score:27.7%
[2026-05-28T10:19:39.481Z] [INFO] [Health] 7 apps today | 3452 total records
[2026-05-28T10:20:39.493Z] [INFO] [Health] 7 apps today | 3452 total records
[2026-05-28T10:21:30.934Z] [INFO] [IPC] get-productive-stats | {"dateFilter":null,"mode":"single"}
[2026-05-28T10:21:30.935Z] [INFO] [StatsService] called — dateFilter: null, mode: single
[2026-05-28T10:21:30.937Z] [INFO] [StatsService] productive apps: ["Photos.exe","Electron","SnippingTool.exe","WhatsApp.Root","Windows Shell Experience Host","SearchHost.exe","Visual Studio Code"]
[2026-05-28T10:21:30.938Z] [INFO] [StatsService] raw rows count: 9
[2026-05-28T10:21:30.940Z] [INFO] [StatsService] result — productive:76.84s distracting:200.3s idle:852.4s score:27.7%
[2026-05-28T10:21:39.504Z] [INFO] [Health] 7 apps today | 3452 total records
[2026-05-28T10:22:39.508Z] [INFO] [Health] 7 apps today | 3452 total records
[2026-05-28T10:23:30.924Z] [INFO] [IPC] get-productive-stats | {"dateFilter":null,"mode":"single"}
[2026-05-28T10:23:30.926Z] [INFO] [StatsService] called — dateFilter: null, mode: single
[2026-05-28T10:23:30.927Z] [INFO] [StatsService] productive apps: ["Photos.exe","Electron","SnippingTool.exe","WhatsApp.Root","Windows Shell Experience Host","SearchHost.exe","Visual Studio Code"]
[2026-05-28T10:23:30.929Z] [INFO] [StatsService] raw rows count: 9
[2026-05-28T10:23:30.930Z] [INFO] [StatsService] result — productive:76.84s distracting:200.3s idle:852.4s score:27.7%
[2026-05-28T10:23:39.516Z] [INFO] [Health] 7 apps today | 3452 total records
[2026-05-28T10:24:39.521Z] [INFO] [Health] 7 apps today | 3452 total records
[2026-05-28T10:25:30.929Z] [INFO] [IPC] get-productive-stats | {"dateFilter":null,"mode":"single"}
[2026-05-28T10:25:30.930Z] [INFO] [StatsService] called — dateFilter: null, mode: single
[2026-05-28T10:25:30.932Z] [INFO] [StatsService] productive apps: ["Photos.exe","Electron","SnippingTool.exe","WhatsApp.Root","Windows Shell Experience Host","SearchHost.exe","Visual Studio Code"]
[2026-05-28T10:25:30.933Z] [INFO] [StatsService] raw rows count: 9
[2026-05-28T10:25:30.934Z] [INFO] [StatsService] result — productive:76.84s distracting:200.3s idle:852.4s score:27.7%
[2026-05-28T10:25:39.527Z] [INFO] [Health] 7 apps today | 3452 total records
[2026-05-28T10:26:39.535Z] [INFO] [Health] 7 apps today | 3452 total records
[2026-05-28T10:26:45.781Z] [INFO] [IPC] get-productive-stats | {"dateFilter":null,"mode":"single"}
[2026-05-28T10:26:45.781Z] [INFO] [StatsService] called — dateFilter: null, mode: single
[2026-05-28T10:26:45.782Z] [INFO] [StatsService] productive apps: ["Photos.exe","Electron","SnippingTool.exe","WhatsApp.Root","Windows Shell Experience Host","SearchHost.exe","Visual Studio Code"]
[2026-05-28T10:26:45.783Z] [INFO] [StatsService] raw rows count: 9
[2026-05-28T10:26:45.785Z] [INFO] [StatsService] result — productive:76.84s distracting:204.34999999999997s idle:852.4s score:27.3%
[2026-05-28T10:26:49.054Z] [INFO] [IPC] get-productive-stats | {"dateFilter":"2026-05-28","mode":"single"}
[2026-05-28T10:26:49.055Z] [INFO] [StatsService] called — dateFilter: 2026-05-28, mode: single
[2026-05-28T10:26:49.055Z] [INFO] [StatsService] productive apps: ["Photos.exe","Electron","SnippingTool.exe","WhatsApp.Root","Windows Shell Experience Host","SearchHost.exe","Visual Studio Code"]
[2026-05-28T10:26:49.056Z] [INFO] [StatsService] raw rows count: 9
[2026-05-28T10:26:49.056Z] [INFO] [StatsService] result — productive:76.84s distracting:204.34999999999997s idle:852.4s score:27.3%
[2026-05-28T10:26:50.393Z] [INFO] [IPC] get-productive-stats | {"dateFilter":null,"mode":"single"}
[2026-05-28T10:26:50.394Z] [INFO] [StatsService] called — dateFilter: null, mode: single
[2026-05-28T10:26:50.395Z] [INFO] [StatsService] productive apps: ["Photos.exe","Electron","SnippingTool.exe","WhatsApp.Root","Windows Shell Experience Host","SearchHost.exe","Visual Studio Code"]
[2026-05-28T10:26:50.396Z] [INFO] [StatsService] raw rows count: 9
[2026-05-28T10:26:50.397Z] [INFO] [StatsService] result — productive:76.84s distracting:204.34999999999997s idle:852.4s score:27.3%
[2026-05-28T10:27:39.546Z] [INFO] [Health] 7 apps today | 3453 total records
[2026-05-28T10:28:39.559Z] [INFO] [Health] 7 apps today | 3456 total records
[2026-05-28T10:28:50.185Z] [INFO] [IPC] get-productive-stats | {"dateFilter":"2026-05-28","mode":"single"}
[2026-05-28T10:28:50.186Z] [INFO] [StatsService] called — dateFilter: 2026-05-28, mode: single
[2026-05-28T10:28:50.186Z] [INFO] [StatsService] productive apps: ["Photos.exe","Electron","SnippingTool.exe","WhatsApp.Root","Windows Shell Experience Host","SearchHost.exe","Visual Studio Code"]
[2026-05-28T10:28:50.187Z] [INFO] [StatsService] raw rows count: 10
[2026-05-28T10:28:50.187Z] [INFO] [StatsService] result — productive:88.97000000000001s distracting:209.42999999999998s idle:926.1499999999999s score:29.8%
[2026-05-28T10:29:39.567Z] [INFO] [Health] 7 apps today | 3460 total records
[2026-05-28T10:30:39.576Z] [INFO] [Health] 7 apps today | 3460 total records
[2026-05-28T10:31:26.218Z] [INFO] [Main] All IPC handlers registered
[2026-05-28T10:31:26.219Z] [INFO] [Main] Creating window | preload exists: true
[2026-05-28T10:31:26.376Z] [INFO] [Main] Startup sync — 7 productive, 22 distracting
[2026-05-28T10:31:29.161Z] [INFO] [IPC] get-productive-stats | {"dateFilter":null,"mode":"single"}
[2026-05-28T10:31:29.162Z] [INFO] [StatsService] called — dateFilter: null, mode: single
[2026-05-28T10:31:29.163Z] [INFO] [StatsService] productive apps: ["Photos.exe","Electron","SnippingTool.exe","WhatsApp.Root","Windows Shell Experience Host","SearchHost.exe","Visual Studio Code"]
[2026-05-28T10:31:29.164Z] [INFO] [StatsService] raw rows count: 10
[2026-05-28T10:31:29.165Z] [INFO] [StatsService] result — productive:96.05s distracting:1136.6s idle:0s score:7.8%
[2026-05-28T10:32:26.385Z] [INFO] [Health] 7 apps today | 3465 total records
[2026-05-28T10:33:26.390Z] [INFO] [Health] 7 apps today | 3467 total records
[2026-05-28T10:33:29.943Z] [INFO] [IPC] get-productive-stats | {"dateFilter":null,"mode":"single"}
[2026-05-28T10:33:29.944Z] [INFO] [StatsService] called — dateFilter: null, mode: single
[2026-05-28T10:33:29.945Z] [INFO] [StatsService] productive apps: ["Photos.exe","Electron","SnippingTool.exe","WhatsApp.Root","Windows Shell Experience Host","SearchHost.exe","Visual Studio Code"]
[2026-05-28T10:33:29.947Z] [INFO] [StatsService] raw rows count: 10
[2026-05-28T10:33:29.949Z] [INFO] [StatsService] result — productive:126.27s distracting:1174.03s idle:0s score:9.7%
[2026-05-28T10:34:26.399Z] [INFO] [Health] 7 apps today | 3468 total records
[2026-05-28T10:35:26.415Z] [INFO] [Health] 7 apps today | 3468 total records
[2026-05-28T10:35:29.972Z] [INFO] [IPC] get-productive-stats | {"dateFilter":null,"mode":"single"}
[2026-05-28T10:35:29.973Z] [INFO] [StatsService] called — dateFilter: null, mode: single
[2026-05-28T10:35:29.975Z] [INFO] [StatsService] productive apps: ["Photos.exe","Electron","SnippingTool.exe","WhatsApp.Root","Windows Shell Experience Host","SearchHost.exe","Visual Studio Code"]
[2026-05-28T10:35:29.976Z] [INFO] [StatsService] raw rows count: 10
[2026-05-28T10:35:29.978Z] [INFO] [StatsService] result — productive:126.27s distracting:1235.69s idle:0s score:9.3%
[2026-05-28T10:36:26.424Z] [INFO] [Health] 7 apps today | 3468 total records
[2026-05-28T10:37:26.440Z] [INFO] [Health] 7 apps today | 3468 total records
[2026-05-28T10:37:29.932Z] [INFO] [IPC] get-productive-stats | {"dateFilter":null,"mode":"single"}
[2026-05-28T10:37:29.934Z] [INFO] [StatsService] called — dateFilter: null, mode: single
[2026-05-28T10:37:29.935Z] [INFO] [StatsService] productive apps: ["Photos.exe","Electron","SnippingTool.exe","WhatsApp.Root","Windows Shell Experience Host","SearchHost.exe","Visual Studio Code"]
[2026-05-28T10:37:29.937Z] [INFO] [StatsService] raw rows count: 10
[2026-05-28T10:37:29.938Z] [INFO] [StatsService] result — productive:126.27s distracting:1235.69s idle:0s score:9.3%
[2026-05-28T10:38:26.456Z] [INFO] [Health] 7 apps today | 3468 total records
[2026-05-28T10:39:26.469Z] [INFO] [Health] 7 apps today | 3468 total records
[2026-05-28T10:39:29.928Z] [INFO] [IPC] get-productive-stats | {"dateFilter":null,"mode":"single"}
[2026-05-28T10:39:29.930Z] [INFO] [StatsService] called — dateFilter: null, mode: single
[2026-05-28T10:39:29.933Z] [INFO] [StatsService] productive apps: ["Photos.exe","Electron","SnippingTool.exe","WhatsApp.Root","Windows Shell Experience Host","SearchHost.exe","Visual Studio Code"]
[2026-05-28T10:39:29.935Z] [INFO] [StatsService] raw rows count: 10
[2026-05-28T10:39:29.937Z] [INFO] [StatsService] result — productive:126.27s distracting:1235.69s idle:0s score:9.3%
[2026-05-28T10:40:26.472Z] [INFO] [Health] 7 apps today | 3468 total records
[2026-05-28T10:41:26.479Z] [INFO] [Health] 7 apps today | 3468 total records
[2026-05-28T10:41:29.933Z] [INFO] [IPC] get-productive-stats | {"dateFilter":null,"mode":"single"}
[2026-05-28T10:41:29.935Z] [INFO] [StatsService] called — dateFilter: null, mode: single
[2026-05-28T10:41:29.936Z] [INFO] [StatsService] productive apps: ["Photos.exe","Electron","SnippingTool.exe","WhatsApp.Root","Windows Shell Experience Host","SearchHost.exe","Visual Studio Code"]
[2026-05-28T10:41:29.937Z] [INFO] [StatsService] raw rows count: 10
[2026-05-28T10:41:29.939Z] [INFO] [StatsService] result — productive:126.27s distracting:1235.69s idle:0s score:9.3%
[2026-05-28T10:42:26.493Z] [INFO] [Health] 7 apps today | 3468 total records
[2026-05-28T10:43:26.506Z] [INFO] [Health] 7 apps today | 3468 total records
[2026-05-28T10:43:29.933Z] [INFO] [IPC] get-productive-stats | {"dateFilter":null,"mode":"single"}
[2026-05-28T10:43:29.934Z] [INFO] [StatsService] called — dateFilter: null, mode: single
[2026-05-28T10:43:29.935Z] [INFO] [StatsService] productive apps: ["Photos.exe","Electron","SnippingTool.exe","WhatsApp.Root","Windows Shell Experience Host","SearchHost.exe","Visual Studio Code"]
[2026-05-28T10:43:29.937Z] [INFO] [StatsService] raw rows count: 10
[2026-05-28T10:43:29.938Z] [INFO] [StatsService] result — productive:126.27s distracting:1235.69s idle:0s score:9.3%
[2026-05-28T10:44:26.512Z] [INFO] [Health] 7 apps today | 3468 total records
[2026-05-28T10:44:56.359Z] [INFO] [IPC] get-productive-stats | {"dateFilter":null,"mode":"single"}
[2026-05-28T10:44:56.360Z] [INFO] [StatsService] called — dateFilter: null, mode: single
[2026-05-28T10:44:56.361Z] [INFO] [StatsService] productive apps: ["Photos.exe","Electron","SnippingTool.exe","WhatsApp.Root","Windows Shell Experience Host","SearchHost.exe","Visual Studio Code"]
[2026-05-28T10:44:56.362Z] [INFO] [StatsService] raw rows count: 11
[2026-05-28T10:44:56.363Z] [INFO] [StatsService] result — productive:126.27s distracting:1911.2s idle:0s score:6.2%
[2026-05-28T10:45:26.524Z] [INFO] [Health] 7 apps today | 3471 total records
[2026-05-28T10:46:26.536Z] [INFO] [Health] 7 apps today | 3472 total records
[2026-05-28T10:46:56.930Z] [INFO] [IPC] get-productive-stats | {"dateFilter":null,"mode":"single"}
[2026-05-28T10:46:56.932Z] [INFO] [StatsService] called — dateFilter: null, mode: single
[2026-05-28T10:46:56.933Z] [INFO] [StatsService] productive apps: ["Photos.exe","Electron","SnippingTool.exe","WhatsApp.Root","Windows Shell Experience Host","SearchHost.exe","Visual Studio Code"]
[2026-05-28T10:46:56.935Z] [INFO] [StatsService] raw rows count: 11
[2026-05-28T10:46:56.936Z] [INFO] [StatsService] result — productive:135.36s distracting:1971.8500000000001s idle:0s score:6.4%
[2026-05-28T10:47:26.552Z] [INFO] [Health] 7 apps today | 3472 total records
[2026-05-28T10:47:56.255Z] [INFO] [IPC] get-productive-stats | {"dateFilter":"2026-05-28","mode":"single"}
[2026-05-28T10:47:56.256Z] [INFO] [StatsService] called — dateFilter: 2026-05-28, mode: single
[2026-05-28T10:47:56.256Z] [INFO] [StatsService] productive apps: ["Photos.exe","Electron","SnippingTool.exe","WhatsApp.Root","Windows Shell Experience Host","SearchHost.exe","Visual Studio Code"]
[2026-05-28T10:47:56.257Z] [INFO] [StatsService] raw rows count: 11
[2026-05-28T10:47:56.257Z] [INFO] [StatsService] result — productive:135.36s distracting:2065.88s idle:0s score:6.1%
[2026-05-28T10:47:57.938Z] [INFO] [IPC] get-productive-stats | {"dateFilter":null,"mode":"single"}
[2026-05-28T10:47:57.939Z] [INFO] [StatsService] called — dateFilter: null, mode: single
[2026-05-28T10:47:57.940Z] [INFO] [StatsService] productive apps: ["Photos.exe","Electron","SnippingTool.exe","WhatsApp.Root","Windows Shell Experience Host","SearchHost.exe","Visual Studio Code"]
[2026-05-28T10:47:57.940Z] [INFO] [StatsService] raw rows count: 11
[2026-05-28T10:47:57.941Z] [INFO] [StatsService] result — productive:135.36s distracting:2065.88s idle:0s score:6.1%
[2026-05-28T10:48:06.339Z] [INFO] [IPC] get-productive-stats | {"dateFilter":null,"mode":"single"}
[2026-05-28T10:48:06.340Z] [INFO] [StatsService] called — dateFilter: null, mode: single
[2026-05-28T10:48:06.341Z] [INFO] [StatsService] productive apps: ["Photos.exe","Electron","SnippingTool.exe","WhatsApp.Root","Windows Shell Experience Host","SearchHost.exe","Visual Studio Code"]
[2026-05-28T10:48:06.342Z] [INFO] [StatsService] raw rows count: 11
[2026-05-28T10:48:06.343Z] [INFO] [StatsService] result — productive:135.36s distracting:2065.88s idle:0s score:6.1%
[2026-05-28T10:48:26.557Z] [INFO] [Health] 7 apps today | 3475 total records
[2026-05-28T10:49:26.561Z] [INFO] [Health] 7 apps today | 3477 total records
[2026-05-28T10:49:35.228Z] [INFO] [IPC] get-productive-stats | {"dateFilter":null,"mode":"single"}
[2026-05-28T10:49:35.229Z] [INFO] [StatsService] called — dateFilter: null, mode: single
[2026-05-28T10:49:35.229Z] [INFO] [StatsService] productive apps: ["Photos.exe","Electron","SnippingTool.exe","WhatsApp.Root","Windows Shell Experience Host","SearchHost.exe","Visual Studio Code"]
[2026-05-28T10:49:35.230Z] [INFO] [StatsService] raw rows count: 11
[2026-05-28T10:49:35.231Z] [INFO] [StatsService] result — productive:249.68s distracting:2066.8900000000003s idle:0s score:10.8%
[2026-05-28T10:49:39.747Z] [INFO] [Main] All windows closed
[2026-05-28T10:49:54.724Z] [INFO] [Main] All IPC handlers registered
[2026-05-28T10:49:54.726Z] [INFO] [Main] Creating window | preload exists: true
[2026-05-28T10:49:54.884Z] [INFO] [Main] Startup sync — 7 productive, 23 distracting
[2026-05-28T10:49:58.651Z] [INFO] [IPC] get-productive-stats | {"dateFilter":null,"mode":"single"}
[2026-05-28T10:49:58.652Z] [INFO] [StatsService] called — dateFilter: null, mode: single
[2026-05-28T10:49:58.653Z] [INFO] [StatsService] productive apps: ["Photos.exe","Electron","SnippingTool.exe","WhatsApp.Root","Windows Shell Experience Host","SearchHost.exe","Visual Studio Code"]
[2026-05-28T10:49:58.655Z] [INFO] [StatsService] raw rows count: 11
[2026-05-28T10:49:58.656Z] [INFO] [StatsService] result — productive:249.68s distracting:2066.8900000000003s idle:0s score:10.8%
[2026-05-28T10:50:54.890Z] [INFO] [Health] 7 apps today | 3484 total records
[2026-05-28T10:51:54.903Z] [INFO] [Health] 7 apps today | 3484 total records
[2026-05-28T10:51:58.930Z] [INFO] [IPC] get-productive-stats | {"dateFilter":null,"mode":"single"}
[2026-05-28T10:51:58.931Z] [INFO] [StatsService] called — dateFilter: null, mode: single
[2026-05-28T10:51:58.932Z] [INFO] [StatsService] productive apps: ["Photos.exe","Electron","SnippingTool.exe","WhatsApp.Root","Windows Shell Experience Host","SearchHost.exe","Visual Studio Code"]
[2026-05-28T10:51:58.933Z] [INFO] [StatsService] raw rows count: 11
[2026-05-28T10:51:58.934Z] [INFO] [StatsService] result — productive:367.89s distracting:2067.8900000000003s idle:0s score:15.1%
[2026-05-28T10:52:54.913Z] [INFO] [Health] 7 apps today | 3485 total records
[2026-05-28T10:53:54.917Z] [INFO] [Health] 7 apps today | 3485 total records
[2026-05-28T10:53:58.928Z] [INFO] [IPC] get-productive-stats | {"dateFilter":null,"mode":"single"}
[2026-05-28T10:53:58.929Z] [INFO] [StatsService] called — dateFilter: null, mode: single
[2026-05-28T10:53:58.930Z] [INFO] [StatsService] productive apps: ["Photos.exe","Electron","SnippingTool.exe","WhatsApp.Root","Windows Shell Experience Host","SearchHost.exe","Visual Studio Code"]
[2026-05-28T10:53:58.932Z] [INFO] [StatsService] raw rows count: 11
[2026-05-28T10:53:58.933Z] [INFO] [StatsService] result — productive:367.89s distracting:2067.8900000000003s idle:0s score:15.1%
[2026-05-28T10:54:54.927Z] [INFO] [Health] 7 apps today | 3485 total records
[2026-05-28T10:55:54.940Z] [INFO] [Health] 7 apps today | 3490 total records
[2026-05-28T10:55:58.925Z] [INFO] [IPC] get-productive-stats | {"dateFilter":null,"mode":"single"}
[2026-05-28T10:55:58.927Z] [INFO] [StatsService] called — dateFilter: null, mode: single
[2026-05-28T10:55:58.928Z] [INFO] [StatsService] productive apps: ["Photos.exe","Electron","SnippingTool.exe","WhatsApp.Root","Windows Shell Experience Host","SearchHost.exe","Visual Studio Code"]
[2026-05-28T10:55:58.929Z] [INFO] [StatsService] raw rows count: 11
[2026-05-28T10:55:58.930Z] [INFO] [StatsService] result — productive:386.34000000000003s distracting:2284.38s idle:0s score:14.5%
[2026-05-28T10:56:30.071Z] [INFO] [IPC] get-productive-stats | {"dateFilter":"2026-05-28","mode":"single"}
[2026-05-28T10:56:30.071Z] [INFO] [StatsService] called — dateFilter: 2026-05-28, mode: single
[2026-05-28T10:56:30.072Z] [INFO] [StatsService] productive apps: ["Photos.exe","Electron","SnippingTool.exe","WhatsApp.Root","Windows Shell Experience Host","SearchHost.exe","Visual Studio Code"]
[2026-05-28T10:56:30.073Z] [INFO] [StatsService] raw rows count: 11
[2026-05-28T10:56:30.075Z] [INFO] [StatsService] result — productive:419.67s distracting:2285.39s idle:0s score:15.5%
[2026-05-28T10:56:36.322Z] [INFO] [IPC] get-productive-stats | {"dateFilter":null,"mode":"single"}
[2026-05-28T10:56:36.323Z] [INFO] [StatsService] called — dateFilter: null, mode: single
[2026-05-28T10:56:36.324Z] [INFO] [StatsService] productive apps: ["Photos.exe","Electron","SnippingTool.exe","WhatsApp.Root","Windows Shell Experience Host","SearchHost.exe","Visual Studio Code"]
[2026-05-28T10:56:36.326Z] [INFO] [StatsService] raw rows count: 11
[2026-05-28T10:56:36.327Z] [INFO] [StatsService] result — productive:419.67s distracting:2285.39s idle:0s score:15.5%
[2026-05-28T10:58:13.910Z] [INFO] [Main] All IPC handlers registered
[2026-05-28T10:58:13.911Z] [INFO] [Main] Creating window | preload exists: true
[2026-05-28T10:58:14.057Z] [INFO] [Main] Startup sync — 7 productive, 23 distracting
[2026-05-28T10:58:15.499Z] [INFO] [IPC] get-productive-stats | {"dateFilter":null,"mode":"single"}
[2026-05-28T10:58:15.502Z] [INFO] [StatsService] called — dateFilter: null, mode: single
[2026-05-28T10:58:15.505Z] [INFO] [StatsService] productive apps: ["Photos.exe","Electron","SnippingTool.exe","WhatsApp.Root","Windows Shell Experience Host","SearchHost.exe","Visual Studio Code"]
[2026-05-28T10:58:15.508Z] [INFO] [StatsService] raw rows count: 11
[2026-05-28T10:58:15.509Z] [INFO] [StatsService] result — productive:433.83000000000004s distracting:2289.44s idle:0s score:15.9%
[2026-05-28T10:58:29.639Z] [INFO] [IPC] get-productive-stats | {"dateFilter":"2026-05-28","mode":"single"}
[2026-05-28T10:58:29.640Z] [INFO] [StatsService] called — dateFilter: 2026-05-28, mode: single
[2026-05-28T10:58:29.640Z] [INFO] [StatsService] productive apps: ["Photos.exe","Electron","SnippingTool.exe","WhatsApp.Root","Windows Shell Experience Host","SearchHost.exe","Visual Studio Code"]
[2026-05-28T10:58:29.641Z] [INFO] [StatsService] raw rows count: 11
[2026-05-28T10:58:29.641Z] [INFO] [StatsService] result — productive:433.83000000000004s distracting:2289.44s idle:0s score:15.9%
[2026-05-28T10:58:40.867Z] [INFO] [IPC] get-productive-stats | {"dateFilter":"2026-05-28","mode":"single"}
[2026-05-28T10:58:40.868Z] [INFO] [StatsService] called — dateFilter: 2026-05-28, mode: single
[2026-05-28T10:58:40.869Z] [INFO] [StatsService] productive apps: ["Photos.exe","Electron","SnippingTool.exe","WhatsApp.Root","Windows Shell Experience Host","SearchHost.exe","Visual Studio Code"]
[2026-05-28T10:58:40.869Z] [INFO] [StatsService] raw rows count: 11
[2026-05-28T10:58:40.870Z] [INFO] [StatsService] result — productive:433.83000000000004s distracting:2289.44s idle:0s score:15.9%
[2026-05-28T10:58:43.772Z] [INFO] [IPC] get-productive-stats | {"dateFilter":null,"mode":"single"}
[2026-05-28T10:58:43.773Z] [INFO] [StatsService] called — dateFilter: null, mode: single
[2026-05-28T10:58:43.773Z] [INFO] [StatsService] productive apps: ["Photos.exe","Electron","SnippingTool.exe","WhatsApp.Root","Windows Shell Experience Host","SearchHost.exe","Visual Studio Code"]
[2026-05-28T10:58:43.774Z] [INFO] [StatsService] raw rows count: 11
[2026-05-28T10:58:43.775Z] [INFO] [StatsService] result — productive:433.83000000000004s distracting:2289.44s idle:0s score:15.9%
[2026-05-28T10:58:45.083Z] [INFO] [IPC] get-productive-stats | {"dateFilter":"2026-05-28","mode":"single"}
[2026-05-28T10:58:45.083Z] [INFO] [StatsService] called — dateFilter: 2026-05-28, mode: single
[2026-05-28T10:58:45.084Z] [INFO] [StatsService] productive apps: ["Photos.exe","Electron","SnippingTool.exe","WhatsApp.Root","Windows Shell Experience Host","SearchHost.exe","Visual Studio Code"]
[2026-05-28T10:58:45.084Z] [INFO] [StatsService] raw rows count: 11
[2026-05-28T10:58:45.085Z] [INFO] [StatsService] result — productive:433.83000000000004s distracting:2289.44s idle:0s score:15.9%
[2026-05-28T10:58:50.302Z] [INFO] [IPC] get-productive-stats | {"dateFilter":"2026-05-27","mode":"single"}
[2026-05-28T10:58:50.303Z] [INFO] [StatsService] called — dateFilter: 2026-05-27, mode: single
[2026-05-28T10:58:50.303Z] [INFO] [StatsService] productive apps: ["Photos.exe","Electron","SnippingTool.exe","WhatsApp.Root","Windows Shell Experience Host","SearchHost.exe","Visual Studio Code"]
[2026-05-28T10:58:50.304Z] [INFO] [StatsService] raw rows count: 20
[2026-05-28T10:58:50.304Z] [INFO] [StatsService] result — productive:360.51s distracting:1206.29s idle:0s score:23.0%
[2026-05-28T10:58:52.774Z] [INFO] [IPC] get-productive-stats | {"dateFilter":"2026-05-28","mode":"single"}
[2026-05-28T10:58:52.775Z] [INFO] [StatsService] called — dateFilter: 2026-05-28, mode: single
[2026-05-28T10:58:52.776Z] [INFO] [StatsService] productive apps: ["Photos.exe","Electron","SnippingTool.exe","WhatsApp.Root","Windows Shell Experience Host","SearchHost.exe","Visual Studio Code"]
[2026-05-28T10:58:52.777Z] [INFO] [StatsService] raw rows count: 11
[2026-05-28T10:58:52.777Z] [INFO] [StatsService] result — productive:433.83000000000004s distracting:2289.44s idle:0s score:15.9%
[2026-05-28T10:58:58.536Z] [INFO] [IPC] get-productive-stats | {"dateFilter":"2026-05-28","mode":"single"}
[2026-05-28T10:58:58.537Z] [INFO] [StatsService] called — dateFilter: 2026-05-28, mode: single
[2026-05-28T10:58:58.538Z] [INFO] [StatsService] productive apps: ["Photos.exe","Electron","SnippingTool.exe","WhatsApp.Root","Windows Shell Experience Host","SearchHost.exe","Visual Studio Code"]
[2026-05-28T10:58:58.538Z] [INFO] [StatsService] raw rows count: 11
[2026-05-28T10:58:58.539Z] [INFO] [StatsService] result — productive:433.83000000000004s distracting:2289.44s idle:0s score:15.9%
[2026-05-28T10:59:14.073Z] [INFO] [Health] 7 apps today | 3495 total records
[2026-05-28T10:59:16.288Z] [INFO] [IPC] get-productive-stats | {"dateFilter":null,"mode":"single"}
[2026-05-28T10:59:16.288Z] [INFO] [StatsService] called — dateFilter: null, mode: single
[2026-05-28T10:59:16.289Z] [INFO] [StatsService] productive apps: ["Photos.exe","Electron","SnippingTool.exe","WhatsApp.Root","Windows Shell Experience Host","SearchHost.exe","Visual Studio Code"]
[2026-05-28T10:59:16.289Z] [INFO] [StatsService] raw rows count: 11
[2026-05-28T10:59:16.290Z] [INFO] [StatsService] result — productive:433.83000000000004s distracting:2289.44s idle:0s score:15.9%
[2026-05-28T10:59:36.551Z] [INFO] [IPC] get-productive-stats | {"dateFilter":"2026-05-28","mode":"single"}
[2026-05-28T10:59:36.551Z] [INFO] [StatsService] called — dateFilter: 2026-05-28, mode: single
[2026-05-28T10:59:36.552Z] [INFO] [StatsService] productive apps: ["Photos.exe","Electron","SnippingTool.exe","WhatsApp.Root","Windows Shell Experience Host","SearchHost.exe","Visual Studio Code"]
[2026-05-28T10:59:36.559Z] [INFO] [StatsService] raw rows count: 11
[2026-05-28T10:59:36.560Z] [INFO] [StatsService] result — productive:511.5s distracting:2292.46s idle:0s score:18.2%
[2026-05-28T11:00:14.082Z] [INFO] [Health] 9 apps today | 3504 total records
[2026-05-28T11:01:14.084Z] [INFO] [Health] 9 apps today | 3506 total records
[2026-05-28T11:02:14.097Z] [INFO] [Health] 9 apps today | 3506 total records
[2026-05-28T11:03:14.101Z] [INFO] [Health] 9 apps today | 3506 total records
[2026-05-28T11:03:27.256Z] [INFO] [IPC] get-productive-stats | {"dateFilter":null,"mode":"single"}
[2026-05-28T11:03:27.256Z] [INFO] [StatsService] called — dateFilter: null, mode: single
[2026-05-28T11:03:27.257Z] [INFO] [StatsService] productive apps: ["Photos.exe","Electron","SnippingTool.exe","WhatsApp.Root","Windows Shell Experience Host","SearchHost.exe","Visual Studio Code"]
[2026-05-28T11:03:27.258Z] [INFO] [StatsService] raw rows count: 13
[2026-05-28T11:03:27.258Z] [INFO] [StatsService] result — productive:740.09s distracting:2292.46s idle:0s score:24.4%
[2026-05-28T11:03:30.476Z] [INFO] [IPC] get-productive-stats | {"dateFilter":"2026-05-28","mode":"single"}
[2026-05-28T11:03:30.477Z] [INFO] [StatsService] called — dateFilter: 2026-05-28, mode: single
[2026-05-28T11:03:30.477Z] [INFO] [StatsService] productive apps: ["Photos.exe","Electron","SnippingTool.exe","WhatsApp.Root","Windows Shell Experience Host","SearchHost.exe","Visual Studio Code"]
[2026-05-28T11:03:30.478Z] [INFO] [StatsService] raw rows count: 13
[2026-05-28T11:03:30.478Z] [INFO] [StatsService] result — productive:740.09s distracting:2292.46s idle:0s score:24.4%
[2026-05-28T11:03:34.812Z] [INFO] [IPC] get-productive-stats | {"dateFilter":null,"mode":"single"}
[2026-05-28T11:03:34.813Z] [INFO] [StatsService] called — dateFilter: null, mode: single
[2026-05-28T11:03:34.813Z] [INFO] [StatsService] productive apps: ["Photos.exe","Electron","SnippingTool.exe","WhatsApp.Root","Windows Shell Experience Host","SearchHost.exe","Visual Studio Code"]
[2026-05-28T11:03:34.814Z] [INFO] [StatsService] raw rows count: 13
[2026-05-28T11:03:34.814Z] [INFO] [StatsService] result — productive:740.09s distracting:2292.46s idle:0s score:24.4%
[2026-05-28T11:03:35.682Z] [INFO] [IPC] get-productive-stats | {"dateFilter":"2026-05-28","mode":"single"}
[2026-05-28T11:03:35.683Z] [INFO] [StatsService] called — dateFilter: 2026-05-28, mode: single
[2026-05-28T11:03:35.684Z] [INFO] [StatsService] productive apps: ["Photos.exe","Electron","SnippingTool.exe","WhatsApp.Root","Windows Shell Experience Host","SearchHost.exe","Visual Studio Code"]
[2026-05-28T11:03:35.684Z] [INFO] [StatsService] raw rows count: 13
[2026-05-28T11:03:35.685Z] [INFO] [StatsService] result — productive:740.09s distracting:2292.46s idle:0s score:24.4%
[2026-05-28T11:04:14.110Z] [INFO] [Health] 9 apps today | 3513 total records
[2026-05-28T11:05:14.119Z] [INFO] [Health] 9 apps today | 3517 total records
[2026-05-28T11:06:14.121Z] [INFO] [Health] 9 apps today | 3518 total records
[2026-05-28T11:07:14.127Z] [INFO] [Health] 9 apps today | 3519 total records
[2026-05-28T11:08:14.142Z] [INFO] [Health] 9 apps today | 3519 total records
[2026-05-28T11:09:05.151Z] [INFO] [IPC] get-productive-stats | {"dateFilter":"2026-05-28","mode":"single"}
[2026-05-28T11:09:05.151Z] [INFO] [StatsService] called — dateFilter: 2026-05-28, mode: single
[2026-05-28T11:09:05.152Z] [INFO] [StatsService] productive apps: ["Photos.exe","Electron","SnippingTool.exe","WhatsApp.Root","Windows Shell Experience Host","SearchHost.exe","Visual Studio Code"]
[2026-05-28T11:09:05.153Z] [INFO] [StatsService] raw rows count: 13
[2026-05-28T11:09:05.153Z] [INFO] [StatsService] result — productive:960.5500000000001s distracting:2410.8599999999997s idle:0s score:28.5%
[2026-05-28T11:09:06.870Z] [INFO] [Main] All windows closed
[2026-05-28T11:09:22.025Z] [INFO] [Main] All IPC handlers registered
[2026-05-28T11:09:22.027Z] [INFO] [Main] Creating window | preload exists: true
[2026-05-28T11:09:22.192Z] [INFO] [Main] Startup sync — 7 productive, 23 distracting
[2026-05-28T11:09:24.951Z] [INFO] [IPC] get-productive-stats | {"dateFilter":null,"mode":"single"}
[2026-05-28T11:09:24.953Z] [INFO] [StatsService] called — dateFilter: null, mode: single
[2026-05-28T11:09:24.954Z] [INFO] [StatsService] productive apps: ["Photos.exe","Electron","SnippingTool.exe","WhatsApp.Root","Windows Shell Experience Host","SearchHost.exe","Visual Studio Code"]
[2026-05-28T11:09:24.956Z] [INFO] [StatsService] raw rows count: 13
[2026-05-28T11:09:24.956Z] [INFO] [StatsService] result — productive:960.5500000000001s distracting:2410.8599999999997s idle:2018.4699999999998s score:28.5%
[2026-05-28T11:09:29.038Z] [INFO] [IPC] get-productive-stats | {"dateFilter":"2026-05-28","mode":"single"}
[2026-05-28T11:09:29.039Z] [INFO] [StatsService] called — dateFilter: 2026-05-28, mode: single
[2026-05-28T11:09:29.040Z] [INFO] [StatsService] productive apps: ["Photos.exe","Electron","SnippingTool.exe","WhatsApp.Root","Windows Shell Experience Host","SearchHost.exe","Visual Studio Code"]
[2026-05-28T11:09:29.042Z] [INFO] [StatsService] raw rows count: 13
[2026-05-28T11:09:29.042Z] [INFO] [StatsService] result — productive:960.5500000000001s distracting:2410.8599999999997s idle:2018.4699999999998s score:28.5%
[2026-05-28T11:10:22.202Z] [INFO] [Health] 9 apps today | 3527 total records
[2026-05-28T11:11:22.215Z] [INFO] [Health] 9 apps today | 3528 total records
[2026-05-28T11:12:22.226Z] [INFO] [Health] 9 apps today | 3528 total records
[2026-05-28T11:13:22.233Z] [INFO] [Health] 9 apps today | 3529 total records
[2026-05-28T11:13:28.417Z] [INFO] [Main] All windows closed
[2026-05-28T11:13:45.934Z] [INFO] [Main] All IPC handlers registered
[2026-05-28T11:13:45.936Z] [INFO] [Main] Creating window | preload exists: true
[2026-05-28T11:13:46.094Z] [INFO] [Main] Startup sync — 7 productive, 23 distracting
[2026-05-28T11:13:48.961Z] [INFO] [IPC] get-productive-stats | {"dateFilter":null,"mode":"single"}
[2026-05-28T11:13:48.963Z] [INFO] [StatsService] called — dateFilter: null, mode: single
[2026-05-28T11:13:48.965Z] [INFO] [StatsService] productive apps: ["Photos.exe","Electron","SnippingTool.exe","WhatsApp.Root","Windows Shell Experience Host","SearchHost.exe","Visual Studio Code"]
[2026-05-28T11:13:48.967Z] [INFO] [StatsService] raw rows count: 13
[2026-05-28T11:13:48.968Z] [INFO] [StatsService] result — productive:1132.2699999999998s distracting:2483.6800000000003s idle:2090.27s score:31.3%
[2026-05-28T11:14:16.695Z] [INFO] [IPC] get-productive-stats | {"dateFilter":"2026-05-28","mode":"single"}
[2026-05-28T11:14:16.696Z] [INFO] [StatsService] called — dateFilter: 2026-05-28, mode: single
[2026-05-28T11:14:16.697Z] [INFO] [StatsService] productive apps: ["Photos.exe","Electron","SnippingTool.exe","WhatsApp.Root","Windows Shell Experience Host","SearchHost.exe","Visual Studio Code"]
[2026-05-28T11:14:16.697Z] [INFO] [StatsService] raw rows count: 13
[2026-05-28T11:14:16.698Z] [INFO] [StatsService] result — productive:1132.2699999999998s distracting:2483.6800000000003s idle:2090.27s score:31.3%
[2026-05-28T11:14:25.870Z] [INFO] [IPC] get-productive-stats | {"dateFilter":"2026-05-28","mode":"single"}
[2026-05-28T11:14:25.871Z] [INFO] [StatsService] called — dateFilter: 2026-05-28, mode: single
[2026-05-28T11:14:25.873Z] [INFO] [StatsService] productive apps: ["Photos.exe","Electron","SnippingTool.exe","WhatsApp.Root","Windows Shell Experience Host","SearchHost.exe","Visual Studio Code"]
[2026-05-28T11:14:25.874Z] [INFO] [StatsService] raw rows count: 13
[2026-05-28T11:14:25.874Z] [INFO] [StatsService] result — productive:1132.2699999999998s distracting:2483.6800000000003s idle:2090.27s score:31.3%
[2026-05-28T11:14:45.496Z] [INFO] [IPC] get-productive-stats | {"dateFilter":null,"mode":"single"}
[2026-05-28T11:14:45.497Z] [INFO] [StatsService] called — dateFilter: null, mode: single
[2026-05-28T11:14:45.498Z] [INFO] [StatsService] productive apps: ["Photos.exe","Electron","SnippingTool.exe","WhatsApp.Root","Windows Shell Experience Host","SearchHost.exe","Visual Studio Code"]
[2026-05-28T11:14:45.499Z] [INFO] [StatsService] raw rows count: 13
[2026-05-28T11:14:45.500Z] [INFO] [StatsService] result — productive:1132.2699999999998s distracting:2483.6800000000003s idle:2090.27s score:31.3%
[2026-05-28T11:14:46.106Z] [INFO] [Health] 9 apps today | 3532 total records
[2026-05-28T11:15:46.107Z] [INFO] [Health] 9 apps today | 3533 total records
[2026-05-28T11:16:45.924Z] [INFO] [IPC] get-productive-stats | {"dateFilter":null,"mode":"single"}
[2026-05-28T11:16:45.925Z] [INFO] [StatsService] called — dateFilter: null, mode: single
[2026-05-28T11:16:45.927Z] [INFO] [StatsService] productive apps: ["Photos.exe","Electron","SnippingTool.exe","WhatsApp.Root","Windows Shell Experience Host","SearchHost.exe","Visual Studio Code"]
[2026-05-28T11:16:45.929Z] [INFO] [StatsService] raw rows count: 14
[2026-05-28T11:16:45.930Z] [INFO] [StatsService] result — productive:1259.58s distracting:2494.79s idle:2092.29s score:33.5%
[2026-05-28T11:16:46.111Z] [INFO] [Health] 10 apps today | 3539 total records
[2026-05-28T11:17:46.113Z] [INFO] [Health] 10 apps today | 3540 total records
[2026-05-28T11:18:45.936Z] [INFO] [IPC] get-productive-stats | {"dateFilter":null,"mode":"single"}
[2026-05-28T11:18:45.937Z] [INFO] [StatsService] called — dateFilter: null, mode: single
[2026-05-28T11:18:45.938Z] [INFO] [StatsService] productive apps: ["Photos.exe","Electron","SnippingTool.exe","WhatsApp.Root","Windows Shell Experience Host","SearchHost.exe","Visual Studio Code"]
[2026-05-28T11:18:45.940Z] [INFO] [StatsService] raw rows count: 14
[2026-05-28T11:18:45.941Z] [INFO] [StatsService] result — productive:1259.58s distracting:2551.38s idle:2092.29s score:33.1%
[2026-05-28T11:18:46.123Z] [INFO] [Health] 10 apps today | 3540 total records
[2026-05-28T11:20:49.325Z] [INFO] [Health] 10 apps today | 3540 total records
[2026-05-28T11:20:51.054Z] [INFO] [IPC] get-productive-stats | {"dateFilter":null,"mode":"single"}
[2026-05-28T11:20:51.055Z] [INFO] [StatsService] called — dateFilter: null, mode: single
[2026-05-28T11:20:51.057Z] [INFO] [StatsService] productive apps: ["Photos.exe","Electron","SnippingTool.exe","WhatsApp.Root","Windows Shell Experience Host","SearchHost.exe","Visual Studio Code"]
[2026-05-28T11:20:51.058Z] [INFO] [StatsService] raw rows count: 14
[2026-05-28T11:20:51.059Z] [INFO] [StatsService] result — productive:1259.58s distracting:2551.38s idle:2092.29s score:33.1%
[2026-05-28T11:20:58.054Z] [INFO] [IPC] get-productive-stats | {"dateFilter":null,"mode":"single"}
[2026-05-28T11:20:58.055Z] [INFO] [StatsService] called — dateFilter: null, mode: single
[2026-05-28T11:20:58.062Z] [INFO] [StatsService] productive apps: ["Photos.exe","Electron","SnippingTool.exe","WhatsApp.Root","Windows Shell Experience Host","SearchHost.exe","Visual Studio Code"]
[2026-05-28T11:20:58.064Z] [INFO] [StatsService] raw rows count: 14
[2026-05-28T11:20:58.067Z] [INFO] [StatsService] result — productive:1259.58s distracting:2786.67s idle:2322.46s score:31.1%
[2026-05-28T11:21:06.627Z] [INFO] [IPC] get-productive-stats | {"dateFilter":"2026-05-28","mode":"single"}
[2026-05-28T11:21:06.627Z] [INFO] [StatsService] called — dateFilter: 2026-05-28, mode: single
[2026-05-28T11:21:06.628Z] [INFO] [StatsService] productive apps: ["Photos.exe","Electron","SnippingTool.exe","WhatsApp.Root","Windows Shell Experience Host","SearchHost.exe","Visual Studio Code"]
[2026-05-28T11:21:06.629Z] [INFO] [StatsService] raw rows count: 14
[2026-05-28T11:21:06.630Z] [INFO] [StatsService] result — productive:1259.58s distracting:2791.73s idle:2322.46s score:31.1%
[2026-05-28T11:21:09.429Z] [INFO] [IPC] get-productive-stats | {"dateFilter":null,"mode":"single"}
[2026-05-28T11:21:09.430Z] [INFO] [StatsService] called — dateFilter: null, mode: single
[2026-05-28T11:21:09.431Z] [INFO] [StatsService] productive apps: ["Photos.exe","Electron","SnippingTool.exe","WhatsApp.Root","Windows Shell Experience Host","SearchHost.exe","Visual Studio Code"]
[2026-05-28T11:21:09.432Z] [INFO] [StatsService] raw rows count: 14
[2026-05-28T11:21:09.432Z] [INFO] [StatsService] result — productive:1259.58s distracting:2791.73s idle:2322.46s score:31.1%
[2026-05-28T11:22:31.038Z] [INFO] [Main] All IPC handlers registered
[2026-05-28T11:22:31.040Z] [INFO] [Main] Creating window | preload exists: true
[2026-05-28T11:22:31.202Z] [INFO] [Main] Startup sync — 7 productive, 23 distracting
[2026-05-28T11:22:33.964Z] [INFO] [IPC] get-productive-stats | {"dateFilter":null,"mode":"single"}
[2026-05-28T11:22:33.966Z] [INFO] [StatsService] called — dateFilter: null, mode: single
[2026-05-28T11:22:33.967Z] [INFO] [StatsService] productive apps: ["Photos.exe","Electron","SnippingTool.exe","WhatsApp.Root","Windows Shell Experience Host","SearchHost.exe","Visual Studio Code"]
[2026-05-28T11:22:33.968Z] [INFO] [StatsService] raw rows count: 14
[2026-05-28T11:22:33.968Z] [INFO] [StatsService] result — productive:1300.9899999999998s distracting:2792.74s idle:2322.46s score:31.8%
[2026-05-28T11:22:46.578Z] [INFO] [IPC] get-productive-stats | {"dateFilter":"2026-05-28","mode":"single"}
[2026-05-28T11:22:46.579Z] [INFO] [StatsService] called — dateFilter: 2026-05-28, mode: single
[2026-05-28T11:22:46.580Z] [INFO] [StatsService] productive apps: ["Photos.exe","Electron","SnippingTool.exe","WhatsApp.Root","Windows Shell Experience Host","SearchHost.exe","Visual Studio Code"]
[2026-05-28T11:22:46.580Z] [INFO] [StatsService] raw rows count: 14
[2026-05-28T11:22:46.581Z] [INFO] [StatsService] result — productive:1300.9899999999998s distracting:2792.74s idle:2322.46s score:31.8%
[2026-05-28T11:23:31.214Z] [INFO] [Health] 10 apps today | 3554 total records
[2026-05-28T11:24:31.223Z] [INFO] [Health] 10 apps today | 3554 total records
[2026-05-28T11:25:31.236Z] [INFO] [Health] 10 apps today | 3555 total records
[2026-05-28T11:26:31.237Z] [INFO] [Health] 10 apps today | 3556 total records
[2026-05-28T11:27:31.250Z] [INFO] [Health] 10 apps today | 3558 total records
[2026-05-28T11:28:31.252Z] [INFO] [Health] 10 apps today | 3558 total records
[2026-05-28T11:29:31.259Z] [INFO] [Health] 10 apps today | 3558 total records
[2026-05-28T11:30:31.261Z] [INFO] [Health] 10 apps today | 3558 total records
[2026-05-28T11:31:31.266Z] [INFO] [Health] 10 apps today | 3560 total records
[2026-05-28T11:32:15.463Z] [INFO] [Main] All IPC handlers registered
[2026-05-28T11:32:15.465Z] [INFO] [Main] Creating window | preload exists: true
[2026-05-28T11:32:15.644Z] [INFO] [Main] Startup sync — 7 productive, 23 distracting
[2026-05-28T11:32:18.362Z] [INFO] [IPC] get-productive-stats | {"dateFilter":null,"mode":"single"}
[2026-05-28T11:32:18.363Z] [INFO] [StatsService] called — dateFilter: null, mode: single
[2026-05-28T11:32:18.364Z] [INFO] [StatsService] productive apps: ["Photos.exe","Electron","SnippingTool.exe","WhatsApp.Root","Windows Shell Experience Host","SearchHost.exe","Visual Studio Code"]
[2026-05-28T11:32:18.365Z] [INFO] [StatsService] raw rows count: 14
[2026-05-28T11:32:18.366Z] [INFO] [StatsService] result — productive:1764.8199999999997s distracting:2900.8599999999997s idle:2423.5s score:37.8%
[2026-05-28T11:32:28.971Z] [INFO] [IPC] get-productive-stats | {"dateFilter":"2026-05-28","mode":"single"}
[2026-05-28T11:32:28.972Z] [INFO] [StatsService] called — dateFilter: 2026-05-28, mode: single
[2026-05-28T11:32:28.973Z] [INFO] [StatsService] productive apps: ["Photos.exe","Electron","SnippingTool.exe","WhatsApp.Root","Windows Shell Experience Host","SearchHost.exe","Visual Studio Code"]
[2026-05-28T11:32:28.974Z] [INFO] [StatsService] raw rows count: 14
[2026-05-28T11:32:28.974Z] [INFO] [StatsService] result — productive:1764.8199999999997s distracting:2900.8599999999997s idle:2423.5s score:37.8%
[2026-05-28T11:33:15.651Z] [INFO] [Health] 10 apps today | 3564 total records
[2026-05-28T11:34:15.654Z] [INFO] [Health] 10 apps today | 3564 total records
[2026-05-28T11:35:15.669Z] [INFO] [Health] 10 apps today | 3568 total records
[2026-05-28T11:36:15.672Z] [INFO] [Health] 10 apps today | 3569 total records
[2026-05-28T11:37:15.680Z] [INFO] [Health] 10 apps today | 3569 total records
[2026-05-28T11:38:15.683Z] [INFO] [Health] 10 apps today | 3569 total records
[2026-05-28T11:39:15.692Z] [INFO] [Health] 10 apps today | 3569 total records
[2026-05-28T11:40:15.705Z] [INFO] [Health] 10 apps today | 3569 total records
[2026-05-28T11:41:15.715Z] [INFO] [Health] 10 apps today | 3569 total records
[2026-05-28T11:42:15.722Z] [INFO] [Health] 10 apps today | 3569 total records
[2026-05-28T11:43:15.736Z] [INFO] [Health] 10 apps today | 3569 total records
[2026-05-28T11:44:15.750Z] [INFO] [Health] 10 apps today | 3569 total records
[2026-05-28T11:45:15.760Z] [INFO] [Health] 10 apps today | 3569 total records
[2026-05-28T11:46:15.771Z] [INFO] [Health] 10 apps today | 3569 total records
[2026-05-28T11:47:00.331Z] [INFO] [IPC] get-productive-stats | {"dateFilter":null,"mode":"single"}
[2026-05-28T11:47:00.332Z] [INFO] [StatsService] called — dateFilter: null, mode: single
[2026-05-28T11:47:00.333Z] [INFO] [StatsService] productive apps: ["Photos.exe","Electron","SnippingTool.exe","WhatsApp.Root","Windows Shell Experience Host","SearchHost.exe","Visual Studio Code"]
[2026-05-28T11:47:00.333Z] [INFO] [StatsService] raw rows count: 14
[2026-05-28T11:47:00.334Z] [INFO] [StatsService] result — productive:1893.1699999999998s distracting:3620.58s idle:3068.4099999999994s score:34.3%
[2026-05-28T11:47:04.800Z] [INFO] [IPC] get-productive-stats | {"dateFilter":"2026-05-28","mode":"single"}
[2026-05-28T11:47:04.800Z] [INFO] [StatsService] called — dateFilter: 2026-05-28, mode: single
[2026-05-28T11:47:04.801Z] [INFO] [StatsService] productive apps: ["Photos.exe","Electron","SnippingTool.exe","WhatsApp.Root","Windows Shell Experience Host","SearchHost.exe","Visual Studio Code"]
[2026-05-28T11:47:04.802Z] [INFO] [StatsService] raw rows count: 14
[2026-05-28T11:47:04.802Z] [INFO] [StatsService] result — productive:1893.1699999999998s distracting:3620.58s idle:3068.4099999999994s score:34.3%
[2026-05-28T11:47:15.786Z] [INFO] [Health] 10 apps today | 3574 total records
[2026-05-28T11:48:15.789Z] [INFO] [Health] 11 apps today | 3583 total records
[2026-05-28T11:49:15.804Z] [INFO] [Health] 11 apps today | 3583 total records
[2026-05-28T11:50:15.818Z] [INFO] [Health] 11 apps today | 3583 total records
[2026-05-28T11:51:15.829Z] [INFO] [Health] 11 apps today | 3585 total records
[2026-05-28T11:52:15.839Z] [INFO] [Health] 11 apps today | 3586 total records
[2026-05-28T11:53:15.848Z] [INFO] [Health] 11 apps today | 3587 total records
[2026-05-28T11:54:15.852Z] [INFO] [Health] 11 apps today | 3589 total records
[2026-05-28T11:55:15.858Z] [INFO] [Health] 11 apps today | 3590 total records
[2026-05-28T11:55:50.202Z] [INFO] [IPC] get-productive-stats | {"dateFilter":null,"mode":"single"}
[2026-05-28T11:55:50.203Z] [INFO] [StatsService] called — dateFilter: null, mode: single
[2026-05-28T11:55:50.204Z] [INFO] [StatsService] productive apps: ["Photos.exe","Electron","SnippingTool.exe","WhatsApp.Root","Windows Shell Experience Host","SearchHost.exe","Visual Studio Code"]
[2026-05-28T11:55:50.205Z] [INFO] [StatsService] raw rows count: 15
[2026-05-28T11:55:50.206Z] [INFO] [StatsService] result — productive:2327.85s distracting:3749.98s idle:3190.7599999999998s score:38.3%
[2026-05-28T11:55:54.334Z] [INFO] [IPC] get-productive-stats | {"dateFilter":"2026-05-28","mode":"single"}
[2026-05-28T11:55:54.334Z] [INFO] [StatsService] called — dateFilter: 2026-05-28, mode: single
[2026-05-28T11:55:54.335Z] [INFO] [StatsService] productive apps: ["Photos.exe","Electron","SnippingTool.exe","WhatsApp.Root","Windows Shell Experience Host","SearchHost.exe","Visual Studio Code"]
[2026-05-28T11:55:54.335Z] [INFO] [StatsService] raw rows count: 15
[2026-05-28T11:55:54.336Z] [INFO] [StatsService] result — productive:2327.85s distracting:3749.98s idle:3190.7599999999998s score:38.3%
[2026-05-28T11:55:55.683Z] [INFO] [IPC] get-productive-stats | {"dateFilter":null,"mode":"single"}
[2026-05-28T11:55:55.683Z] [INFO] [StatsService] called — dateFilter: null, mode: single
[2026-05-28T11:55:55.684Z] [INFO] [StatsService] productive apps: ["Photos.exe","Electron","SnippingTool.exe","WhatsApp.Root","Windows Shell Experience Host","SearchHost.exe","Visual Studio Code"]
[2026-05-28T11:55:55.684Z] [INFO] [StatsService] raw rows count: 15
[2026-05-28T11:55:55.685Z] [INFO] [StatsService] result — productive:2327.85s distracting:3749.98s idle:3190.7599999999998s score:38.3%
[2026-05-28T11:55:57.824Z] [INFO] [IPC] get-productive-stats | {"dateFilter":"2026-05-28","mode":"single"}
[2026-05-28T11:55:57.825Z] [INFO] [StatsService] called — dateFilter: 2026-05-28, mode: single
[2026-05-28T11:55:57.825Z] [INFO] [StatsService] productive apps: ["Photos.exe","Electron","SnippingTool.exe","WhatsApp.Root","Windows Shell Experience Host","SearchHost.exe","Visual Studio Code"]
[2026-05-28T11:55:57.826Z] [INFO] [StatsService] raw rows count: 15
[2026-05-28T11:55:57.826Z] [INFO] [StatsService] result — productive:2327.85s distracting:3749.98s idle:3190.7599999999998s score:38.3%
[2026-05-28T11:56:15.868Z] [INFO] [Health] 11 apps today | 3595 total records
[2026-05-28T11:56:49.236Z] [INFO] [IPC] get-productive-stats | {"dateFilter":null,"mode":"single"}
[2026-05-28T11:56:49.236Z] [INFO] [StatsService] called — dateFilter: null, mode: single
[2026-05-28T11:56:49.237Z] [INFO] [StatsService] productive apps: ["Photos.exe","Electron","SnippingTool.exe","WhatsApp.Root","Windows Shell Experience Host","SearchHost.exe","Visual Studio Code"]
[2026-05-28T11:56:49.238Z] [INFO] [StatsService] raw rows count: 15
[2026-05-28T11:56:49.238Z] [INFO] [StatsService] result — productive:2381.42s distracting:3756.0200000000004s idle:3190.7599999999998s score:38.8%
[2026-05-28T11:57:15.885Z] [INFO] [Health] 11 apps today | 3599 total records
[2026-05-28T11:58:15.899Z] [INFO] [Health] 11 apps today | 3599 total records
[2026-05-28T11:58:49.928Z] [INFO] [IPC] get-productive-stats | {"dateFilter":null,"mode":"single"}
[2026-05-28T11:58:49.929Z] [INFO] [StatsService] called — dateFilter: null, mode: single
[2026-05-28T11:58:49.931Z] [INFO] [StatsService] productive apps: ["Photos.exe","Electron","SnippingTool.exe","WhatsApp.Root","Windows Shell Experience Host","SearchHost.exe","Visual Studio Code"]
[2026-05-28T11:58:49.932Z] [INFO] [StatsService] raw rows count: 15
[2026-05-28T11:58:49.932Z] [INFO] [StatsService] result — productive:2398.6200000000003s distracting:3766.120000000001s idle:3190.7599999999998s score:38.9%
[2026-05-28T11:59:15.903Z] [INFO] [Health] 11 apps today | 3600 total records
[2026-05-28T12:00:15.915Z] [INFO] [Health] 11 apps today | 3600 total records
[2026-05-28T12:00:49.928Z] [INFO] [IPC] get-productive-stats | {"dateFilter":null,"mode":"single"}
[2026-05-28T12:00:49.929Z] [INFO] [StatsService] called — dateFilter: null, mode: single
[2026-05-28T12:00:49.930Z] [INFO] [StatsService] productive apps: ["Photos.exe","Electron","SnippingTool.exe","WhatsApp.Root","Windows Shell Experience Host","SearchHost.exe","Visual Studio Code"]
[2026-05-28T12:00:49.931Z] [INFO] [StatsService] raw rows count: 15
[2026-05-28T12:00:49.933Z] [INFO] [StatsService] result — productive:2398.6200000000003s distracting:3870.3200000000006s idle:3190.7599999999998s score:38.3%
[2026-05-28T12:01:15.933Z] [INFO] [Health] 11 apps today | 3600 total records
[2026-05-28T12:02:15.942Z] [INFO] [Health] 11 apps today | 3600 total records
[2026-05-28T12:02:32.936Z] [INFO] [IPC] get-productive-stats | {"dateFilter":"2026-05-28","mode":"single"}
[2026-05-28T12:02:32.937Z] [INFO] [StatsService] called — dateFilter: 2026-05-28, mode: single
[2026-05-28T12:02:32.937Z] [INFO] [StatsService] productive apps: ["Photos.exe","Electron","SnippingTool.exe","WhatsApp.Root","Windows Shell Experience Host","SearchHost.exe","Visual Studio Code"]
[2026-05-28T12:02:32.938Z] [INFO] [StatsService] raw rows count: 15
[2026-05-28T12:02:32.938Z] [INFO] [StatsService] result — productive:2398.6200000000003s distracting:4080.5700000000006s idle:3397.98s score:37.0%
[2026-05-28T12:02:33.809Z] [INFO] [IPC] get-productive-stats | {"dateFilter":null,"mode":"single"}
[2026-05-28T12:02:33.810Z] [INFO] [StatsService] called — dateFilter: null, mode: single
[2026-05-28T12:02:33.811Z] [INFO] [StatsService] productive apps: ["Photos.exe","Electron","SnippingTool.exe","WhatsApp.Root","Windows Shell Experience Host","SearchHost.exe","Visual Studio Code"]
[2026-05-28T12:02:33.812Z] [INFO] [StatsService] raw rows count: 15
[2026-05-28T12:02:33.812Z] [INFO] [StatsService] result — productive:2398.6200000000003s distracting:4080.5700000000006s idle:3397.98s score:37.0%
[2026-05-28T12:02:38.263Z] [INFO] [IPC] get-productive-stats | {"dateFilter":"2026-05-28","mode":"single"}
[2026-05-28T12:02:38.264Z] [INFO] [StatsService] called — dateFilter: 2026-05-28, mode: single
[2026-05-28T12:02:38.264Z] [INFO] [StatsService] productive apps: ["Photos.exe","Electron","SnippingTool.exe","WhatsApp.Root","Windows Shell Experience Host","SearchHost.exe","Visual Studio Code"]
[2026-05-28T12:02:38.265Z] [INFO] [StatsService] raw rows count: 15
[2026-05-28T12:02:38.265Z] [INFO] [StatsService] result — productive:2398.6200000000003s distracting:4080.5700000000006s idle:3397.98s score:37.0%
[2026-05-28T12:03:15.955Z] [INFO] [Health] 11 apps today | 3608 total records
[2026-05-28T12:04:15.962Z] [INFO] [Health] 11 apps today | 3608 total records
[2026-05-28T12:05:15.968Z] [INFO] [Health] 11 apps today | 3613 total records
[2026-05-28T12:06:15.975Z] [INFO] [Health] 11 apps today | 3613 total records
[2026-05-28T12:07:13.345Z] [INFO] [IPC] get-productive-stats | {"dateFilter":null,"mode":"single"}
[2026-05-28T12:07:13.346Z] [INFO] [StatsService] called — dateFilter: null, mode: single
[2026-05-28T12:07:13.346Z] [INFO] [StatsService] productive apps: ["Photos.exe","Electron","SnippingTool.exe","WhatsApp.Root","Windows Shell Experience Host","SearchHost.exe","Visual Studio Code"]
[2026-05-28T12:07:13.347Z] [INFO] [StatsService] raw rows count: 15
[2026-05-28T12:07:13.348Z] [INFO] [StatsService] result — productive:2671.65s distracting:4083.5900000000006s idle:3397.98s score:39.5%
[2026-05-28T12:07:15.989Z] [INFO] [Health] 11 apps today | 3614 total records
[2026-05-28T12:07:20.371Z] [INFO] [IPC] get-productive-stats | {"dateFilter":"2026-05-28","mode":"single"}
[2026-05-28T12:07:20.372Z] [INFO] [StatsService] called — dateFilter: 2026-05-28, mode: single
[2026-05-28T12:07:20.373Z] [INFO] [StatsService] productive apps: ["Photos.exe","Electron","SnippingTool.exe","WhatsApp.Root","Windows Shell Experience Host","SearchHost.exe","Visual Studio Code"]
[2026-05-28T12:07:20.373Z] [INFO] [StatsService] raw rows count: 15
[2026-05-28T12:07:20.374Z] [INFO] [StatsService] result — productive:2671.65s distracting:4083.5900000000006s idle:3397.98s score:39.5%
[2026-05-28T12:07:24.826Z] [INFO] [IPC] get-productive-stats | {"dateFilter":null,"mode":"single"}
[2026-05-28T12:07:24.827Z] [INFO] [StatsService] called — dateFilter: null, mode: single
[2026-05-28T12:07:24.827Z] [INFO] [StatsService] productive apps: ["Photos.exe","Electron","SnippingTool.exe","WhatsApp.Root","Windows Shell Experience Host","SearchHost.exe","Visual Studio Code"]
[2026-05-28T12:07:24.828Z] [INFO] [StatsService] raw rows count: 15
[2026-05-28T12:07:24.828Z] [INFO] [StatsService] result — productive:2671.65s distracting:4083.5900000000006s idle:3397.98s score:39.5%
[2026-05-28T12:07:32.457Z] [INFO] [IPC] get-productive-stats | {"dateFilter":"2026-05-28","mode":"single"}
[2026-05-28T12:07:32.457Z] [INFO] [StatsService] called — dateFilter: 2026-05-28, mode: single
[2026-05-28T12:07:32.458Z] [INFO] [StatsService] productive apps: ["Photos.exe","Electron","SnippingTool.exe","WhatsApp.Root","Windows Shell Experience Host","SearchHost.exe","Visual Studio Code"]
[2026-05-28T12:07:32.459Z] [INFO] [StatsService] raw rows count: 15
[2026-05-28T12:07:32.459Z] [INFO] [StatsService] result — productive:2671.65s distracting:4083.5900000000006s idle:3397.98s score:39.5%
[2026-05-28T12:07:59.389Z] [INFO] [IPC] get-productive-stats | {"dateFilter":null,"mode":"single"}
[2026-05-28T12:07:59.390Z] [INFO] [StatsService] called — dateFilter: null, mode: single
[2026-05-28T12:07:59.391Z] [INFO] [StatsService] productive apps: ["Photos.exe","Electron","SnippingTool.exe","WhatsApp.Root","Windows Shell Experience Host","SearchHost.exe","Visual Studio Code"]
[2026-05-28T12:07:59.392Z] [INFO] [StatsService] raw rows count: 15
[2026-05-28T12:07:59.392Z] [INFO] [StatsService] result — productive:2723.19s distracting:4083.5900000000006s idle:3397.98s score:40.0%
[2026-05-28T12:08:16.000Z] [INFO] [Health] 11 apps today | 3620 total records
[2026-05-28T12:08:45.708Z] [INFO] [IPC] get-productive-stats | {"dateFilter":null,"mode":"single"}
[2026-05-28T12:08:45.708Z] [INFO] [StatsService] called — dateFilter: null, mode: single
[2026-05-28T12:08:45.709Z] [INFO] [StatsService] productive apps: ["Photos.exe","Electron","SnippingTool.exe","WhatsApp.Root","Windows Shell Experience Host","SearchHost.exe","Visual Studio Code"]
[2026-05-28T12:08:45.709Z] [INFO] [StatsService] raw rows count: 15
[2026-05-28T12:08:45.710Z] [INFO] [StatsService] result — productive:2769.6400000000003s distracting:4083.5900000000006s idle:3397.98s score:40.4%
[2026-05-28T12:09:16.006Z] [INFO] [Health] 11 apps today | 3626 total records
[2026-05-28T12:10:16.007Z] [INFO] [Health] 11 apps today | 3626 total records
[2026-05-28T12:10:45.919Z] [INFO] [IPC] get-productive-stats | {"dateFilter":null,"mode":"single"}
[2026-05-28T12:10:45.920Z] [INFO] [StatsService] called — dateFilter: null, mode: single
[2026-05-28T12:10:45.921Z] [INFO] [StatsService] productive apps: ["Photos.exe","Electron","SnippingTool.exe","WhatsApp.Root","Windows Shell Experience Host","SearchHost.exe","Visual Studio Code"]
[2026-05-28T12:10:45.923Z] [INFO] [StatsService] raw rows count: 15
[2026-05-28T12:10:45.924Z] [INFO] [StatsService] result — productive:2776.7300000000005s distracting:4085.6100000000006s idle:3397.98s score:40.5%
[2026-05-28T12:11:16.016Z] [INFO] [Health] 11 apps today | 3626 total records
[2026-05-28T12:12:16.029Z] [INFO] [Health] 11 apps today | 3626 total records
[2026-05-28T12:12:45.931Z] [INFO] [IPC] get-productive-stats | {"dateFilter":null,"mode":"single"}
[2026-05-28T12:12:45.933Z] [INFO] [StatsService] called — dateFilter: null, mode: single
[2026-05-28T12:12:45.934Z] [INFO] [StatsService] productive apps: ["Photos.exe","Electron","SnippingTool.exe","WhatsApp.Root","Windows Shell Experience Host","SearchHost.exe","Visual Studio Code"]
[2026-05-28T12:12:45.936Z] [INFO] [StatsService] raw rows count: 15
[2026-05-28T12:12:45.937Z] [INFO] [StatsService] result — productive:2776.7300000000005s distracting:4085.6100000000006s idle:3397.98s score:40.5%
[2026-05-28T12:13:16.029Z] [INFO] [Health] 11 apps today | 3626 total records
[2026-05-28T12:14:16.038Z] [INFO] [Health] 11 apps today | 3627 total records
[2026-05-28T12:14:45.931Z] [INFO] [IPC] get-productive-stats | {"dateFilter":null,"mode":"single"}
[2026-05-28T12:14:45.932Z] [INFO] [StatsService] called — dateFilter: null, mode: single
[2026-05-28T12:14:45.933Z] [INFO] [StatsService] productive apps: ["Photos.exe","Electron","SnippingTool.exe","WhatsApp.Root","Windows Shell Experience Host","SearchHost.exe","Visual Studio Code"]
[2026-05-28T12:14:45.935Z] [INFO] [StatsService] raw rows count: 15
[2026-05-28T12:14:45.936Z] [INFO] [StatsService] result — productive:3093.3s distracting:4094.7000000000007s idle:3407.07s score:43.0%
[2026-05-28T12:15:16.048Z] [INFO] [Health] 11 apps today | 3628 total records
[2026-05-28T12:16:16.061Z] [INFO] [Health] 11 apps today | 3630 total records
[2026-05-28T12:16:31.120Z] [INFO] [IPC] get-productive-stats | {"dateFilter":"2026-05-28","mode":"single"}
[2026-05-28T12:16:31.121Z] [INFO] [StatsService] called — dateFilter: 2026-05-28, mode: single
[2026-05-28T12:16:31.122Z] [INFO] [StatsService] productive apps: ["Photos.exe","Electron","SnippingTool.exe","WhatsApp.Root","Windows Shell Experience Host","SearchHost.exe","Visual Studio Code"]
[2026-05-28T12:16:31.123Z] [INFO] [StatsService] raw rows count: 15
[2026-05-28T12:16:31.124Z] [INFO] [StatsService] result — productive:3201.4700000000003s distracting:4115.92s idle:3428.2899999999995s score:43.8%
[2026-05-28T12:16:33.565Z] [INFO] [IPC] get-productive-stats | {"dateFilter":null,"mode":"single"}
[2026-05-28T12:16:33.566Z] [INFO] [StatsService] called — dateFilter: null, mode: single
[2026-05-28T12:16:33.567Z] [INFO] [StatsService] productive apps: ["Photos.exe","Electron","SnippingTool.exe","WhatsApp.Root","Windows Shell Experience Host","SearchHost.exe","Visual Studio Code"]
[2026-05-28T12:16:33.567Z] [INFO] [StatsService] raw rows count: 15
[2026-05-28T12:16:33.568Z] [INFO] [StatsService] result — productive:3201.4700000000003s distracting:4115.92s idle:3428.2899999999995s score:43.8%
[2026-05-28T12:17:01.948Z] [INFO] [Main] All IPC handlers registered
[2026-05-28T12:17:01.950Z] [INFO] [Main] Creating window | preload exists: true
[2026-05-28T12:17:02.180Z] [INFO] [Main] Startup sync — 7 productive, 23 distracting
[2026-05-28T12:17:04.990Z] [INFO] [IPC] get-productive-stats | {"dateFilter":null,"mode":"single"}
[2026-05-28T12:17:04.992Z] [INFO] [StatsService] called — dateFilter: null, mode: single
[2026-05-28T12:17:04.993Z] [INFO] [StatsService] productive apps: ["Photos.exe","Electron","SnippingTool.exe","WhatsApp.Root","Windows Shell Experience Host","SearchHost.exe","Visual Studio Code"]
[2026-05-28T12:17:04.994Z] [INFO] [StatsService] raw rows count: 15
[2026-05-28T12:17:04.995Z] [INFO] [StatsService] result — productive:3213.6s distracting:4116.93s idle:3428.2899999999995s score:43.8%
[2026-05-28T12:17:12.122Z] [INFO] [IPC] get-productive-stats | {"dateFilter":null,"mode":"single"}
[2026-05-28T12:17:12.123Z] [INFO] [StatsService] called — dateFilter: null, mode: single
[2026-05-28T12:17:12.123Z] [INFO] [StatsService] productive apps: ["Photos.exe","Electron","SnippingTool.exe","WhatsApp.Root","Windows Shell Experience Host","SearchHost.exe","Visual Studio Code"]
[2026-05-28T12:17:12.124Z] [INFO] [StatsService] raw rows count: 15
[2026-05-28T12:17:12.124Z] [INFO] [StatsService] result — productive:3213.6s distracting:4116.93s idle:3428.2899999999995s score:43.8%
[2026-05-28T12:18:02.191Z] [INFO] [Health] 11 apps today | 3635 total records
[2026-05-28T12:19:02.201Z] [INFO] [Health] 11 apps today | 3636 total records
[2026-05-28T12:19:12.930Z] [INFO] [IPC] get-productive-stats | {"dateFilter":null,"mode":"single"}
[2026-05-28T12:19:12.931Z] [INFO] [StatsService] called — dateFilter: null, mode: single
[2026-05-28T12:19:12.932Z] [INFO] [StatsService] productive apps: ["Photos.exe","Electron","SnippingTool.exe","WhatsApp.Root","Windows Shell Experience Host","SearchHost.exe","Visual Studio Code"]
[2026-05-28T12:19:12.934Z] [INFO] [StatsService] raw rows count: 15
[2026-05-28T12:19:12.936Z] [INFO] [StatsService] result — productive:3225.59s distracting:4185.64s idle:3428.2899999999995s score:43.5%
[2026-05-28T12:20:02.206Z] [INFO] [Health] 11 apps today | 3636 total records
[2026-05-28T12:21:02.214Z] [INFO] [Health] 11 apps today | 3636 total records
[2026-05-28T12:21:12.936Z] [INFO] [IPC] get-productive-stats | {"dateFilter":null,"mode":"single"}
[2026-05-28T12:21:12.937Z] [INFO] [StatsService] called — dateFilter: null, mode: single
[2026-05-28T12:21:12.938Z] [INFO] [StatsService] productive apps: ["Photos.exe","Electron","SnippingTool.exe","WhatsApp.Root","Windows Shell Experience Host","SearchHost.exe","Visual Studio Code"]
[2026-05-28T12:21:12.940Z] [INFO] [StatsService] raw rows count: 15
[2026-05-28T12:21:12.941Z] [INFO] [StatsService] result — productive:3225.59s distracting:4185.64s idle:3428.2899999999995s score:43.5%
[2026-05-28T12:22:02.216Z] [INFO] [Health] 11 apps today | 3637 total records
[2026-05-28T12:23:02.225Z] [INFO] [Health] 11 apps today | 3639 total records
[2026-05-28T12:23:05.263Z] [INFO] [IPC] get-productive-stats | {"dateFilter":null,"mode":"single"}
[2026-05-28T12:23:05.264Z] [INFO] [StatsService] called — dateFilter: null, mode: single
[2026-05-28T12:23:05.264Z] [INFO] [StatsService] productive apps: ["Photos.exe","Electron","SnippingTool.exe","WhatsApp.Root","Windows Shell Experience Host","SearchHost.exe","Visual Studio Code"]
[2026-05-28T12:23:05.265Z] [INFO] [StatsService] raw rows count: 15
[2026-05-28T12:23:05.266Z] [INFO] [StatsService] result — productive:3225.59s distracting:4455.490000000001s idle:3635.4599999999996s score:42.0%
[2026-05-28T12:23:08.979Z] [INFO] [IPC] get-productive-stats | {"dateFilter":null,"mode":"single"}
[2026-05-28T12:23:08.980Z] [INFO] [StatsService] called — dateFilter: null, mode: single
[2026-05-28T12:23:08.980Z] [INFO] [StatsService] productive apps: ["Photos.exe","Electron","SnippingTool.exe","WhatsApp.Root","Windows Shell Experience Host","SearchHost.exe","Visual Studio Code"]
[2026-05-28T12:23:08.981Z] [INFO] [StatsService] raw rows count: 15
[2026-05-28T12:23:08.981Z] [INFO] [StatsService] result — productive:3225.59s distracting:4455.490000000001s idle:3635.4599999999996s score:42.0%
[2026-05-28T12:24:02.239Z] [INFO] [Health] 11 apps today | 3645 total records
[2026-05-28T12:25:02.252Z] [INFO] [Health] 11 apps today | 3646 total records
[2026-05-28T12:25:09.933Z] [INFO] [IPC] get-productive-stats | {"dateFilter":null,"mode":"single"}
[2026-05-28T12:25:09.935Z] [INFO] [StatsService] called — dateFilter: null, mode: single
[2026-05-28T12:25:09.937Z] [INFO] [StatsService] productive apps: ["Photos.exe","Electron","SnippingTool.exe","WhatsApp.Root","Windows Shell Experience Host","SearchHost.exe","Visual Studio Code"]
[2026-05-28T12:25:09.938Z] [INFO] [StatsService] raw rows count: 15
[2026-05-28T12:25:09.940Z] [INFO] [StatsService] result — productive:3242.77s distracting:4519.18s idle:3635.4599999999996s score:41.8%
[2026-05-28T12:26:02.256Z] [INFO] [Health] 11 apps today | 3646 total records
[2026-05-28T12:27:02.266Z] [INFO] [Health] 11 apps today | 3647 total records
[2026-05-28T12:27:09.938Z] [INFO] [IPC] get-productive-stats | {"dateFilter":null,"mode":"single"}
[2026-05-28T12:27:09.940Z] [INFO] [StatsService] called — dateFilter: null, mode: single
[2026-05-28T12:27:09.941Z] [INFO] [StatsService] productive apps: ["Photos.exe","Electron","SnippingTool.exe","WhatsApp.Root","Windows Shell Experience Host","SearchHost.exe","Visual Studio Code"]
[2026-05-28T12:27:09.942Z] [INFO] [StatsService] raw rows count: 15
[2026-05-28T12:27:09.944Z] [INFO] [StatsService] result — productive:3242.77s distracting:4633.46s idle:3749.74s score:41.2%
[2026-05-28T12:28:02.269Z] [INFO] [Health] 11 apps today | 3647 total records
[2026-05-28T12:29:02.286Z] [INFO] [Health] 11 apps today | 3647 total records
[2026-05-28T12:29:09.932Z] [INFO] [IPC] get-productive-stats | {"dateFilter":null,"mode":"single"}
[2026-05-28T12:29:09.934Z] [INFO] [StatsService] called — dateFilter: null, mode: single
[2026-05-28T12:29:09.935Z] [INFO] [StatsService] productive apps: ["Photos.exe","Electron","SnippingTool.exe","WhatsApp.Root","Windows Shell Experience Host","SearchHost.exe","Visual Studio Code"]
[2026-05-28T12:29:09.936Z] [INFO] [StatsService] raw rows count: 15
[2026-05-28T12:29:09.937Z] [INFO] [StatsService] result — productive:3242.77s distracting:4633.46s idle:3749.74s score:41.2%
[2026-05-28T12:30:02.294Z] [INFO] [Health] 11 apps today | 3647 total records
[2026-05-28T12:31:02.297Z] [INFO] [Health] 11 apps today | 3648 total records
[2026-05-28T12:31:09.931Z] [INFO] [IPC] get-productive-stats | {"dateFilter":null,"mode":"single"}
[2026-05-28T12:31:09.933Z] [INFO] [StatsService] called — dateFilter: null, mode: single
[2026-05-28T12:31:09.934Z] [INFO] [StatsService] productive apps: ["Photos.exe","Electron","SnippingTool.exe","WhatsApp.Root","Windows Shell Experience Host","SearchHost.exe","Visual Studio Code"]
[2026-05-28T12:31:09.935Z] [INFO] [StatsService] raw rows count: 15
[2026-05-28T12:31:09.936Z] [INFO] [StatsService] result — productive:3242.77s distracting:4890.22s idle:3749.74s score:39.9%
[2026-05-28T12:32:02.305Z] [INFO] [Health] 11 apps today | 3648 total records
[2026-05-28T12:33:02.306Z] [INFO] [Health] 11 apps today | 3648 total records
[2026-05-28T12:33:09.929Z] [INFO] [IPC] get-productive-stats | {"dateFilter":null,"mode":"single"}
[2026-05-28T12:33:09.930Z] [INFO] [StatsService] called — dateFilter: null, mode: single
[2026-05-28T12:33:09.931Z] [INFO] [StatsService] productive apps: ["Photos.exe","Electron","SnippingTool.exe","WhatsApp.Root","Windows Shell Experience Host","SearchHost.exe","Visual Studio Code"]
[2026-05-28T12:33:09.933Z] [INFO] [StatsService] raw rows count: 15
[2026-05-28T12:33:09.934Z] [INFO] [StatsService] result — productive:3242.77s distracting:4890.22s idle:3749.74s score:39.9%
[2026-05-28T12:34:02.315Z] [INFO] [Health] 11 apps today | 3649 total records
[2026-05-28T12:35:02.324Z] [INFO] [Health] 11 apps today | 3650 total records
[2026-05-28T12:35:09.945Z] [INFO] [IPC] get-productive-stats | {"dateFilter":null,"mode":"single"}
[2026-05-28T12:35:09.946Z] [INFO] [StatsService] called — dateFilter: null, mode: single
[2026-05-28T12:35:09.947Z] [INFO] [StatsService] productive apps: ["Photos.exe","Electron","SnippingTool.exe","WhatsApp.Root","Windows Shell Experience Host","SearchHost.exe","Visual Studio Code"]
[2026-05-28T12:35:09.949Z] [INFO] [StatsService] raw rows count: 15
[2026-05-28T12:35:09.950Z] [INFO] [StatsService] result — productive:3242.77s distracting:5150.0199999999995s idle:3948.94s score:38.6%
[2026-05-28T12:36:02.333Z] [INFO] [Health] 11 apps today | 3651 total records
[2026-05-28T12:36:42.116Z] [INFO] [IPC] get-productive-stats | {"dateFilter":"2026-05-28","mode":"single"}
[2026-05-28T12:36:42.116Z] [INFO] [StatsService] called — dateFilter: 2026-05-28, mode: single
[2026-05-28T12:36:42.117Z] [INFO] [StatsService] productive apps: ["Photos.exe","Electron","SnippingTool.exe","WhatsApp.Root","Windows Shell Experience Host","SearchHost.exe","Visual Studio Code"]
[2026-05-28T12:36:42.117Z] [INFO] [StatsService] raw rows count: 15
[2026-05-28T12:36:42.118Z] [INFO] [StatsService] result — productive:3242.77s distracting:5263.260000000001s idle:4014.68s score:38.1%
[2026-05-28T12:37:02.344Z] [INFO] [Health] 11 apps today | 3653 total records
[2026-05-28T12:37:07.718Z] [INFO] [IPC] get-productive-stats | {"dateFilter":null,"mode":"single"}
[2026-05-28T12:37:07.718Z] [INFO] [StatsService] called — dateFilter: null, mode: single
[2026-05-28T12:37:07.719Z] [INFO] [StatsService] productive apps: ["Photos.exe","Electron","SnippingTool.exe","WhatsApp.Root","Windows Shell Experience Host","SearchHost.exe","Visual Studio Code"]
[2026-05-28T12:37:07.720Z] [INFO] [StatsService] raw rows count: 15
[2026-05-28T12:37:07.721Z] [INFO] [StatsService] result — productive:3242.77s distracting:5263.260000000001s idle:4014.68s score:38.1%
[2026-05-28T12:37:59.680Z] [INFO] [IPC] get-productive-stats | {"dateFilter":"2026-05-28","mode":"single"}
[2026-05-28T12:37:59.681Z] [INFO] [StatsService] called — dateFilter: 2026-05-28, mode: single
[2026-05-28T12:37:59.681Z] [INFO] [StatsService] productive apps: ["Photos.exe","Electron","SnippingTool.exe","WhatsApp.Root","Windows Shell Experience Host","SearchHost.exe","Visual Studio Code"]
[2026-05-28T12:37:59.684Z] [INFO] [StatsService] raw rows count: 15
[2026-05-28T12:37:59.685Z] [INFO] [StatsService] result — productive:3323.59s distracting:5263.260000000001s idle:4014.68s score:38.7%
[2026-05-28T12:38:02.361Z] [INFO] [Health] 11 apps today | 3662 total records
[2026-05-28T12:38:50.149Z] [INFO] [IPC] get-productive-stats | {"dateFilter":null,"mode":"single"}
[2026-05-28T12:38:50.149Z] [INFO] [StatsService] called — dateFilter: null, mode: single
[2026-05-28T12:38:50.150Z] [INFO] [StatsService] productive apps: ["Photos.exe","Electron","SnippingTool.exe","WhatsApp.Root","Windows Shell Experience Host","SearchHost.exe","Visual Studio Code"]
[2026-05-28T12:38:50.150Z] [INFO] [StatsService] raw rows count: 15
[2026-05-28T12:38:50.151Z] [INFO] [StatsService] result — productive:3372.08s distracting:5263.260000000001s idle:4014.68s score:39.0%
[2026-05-28T12:38:58.726Z] [INFO] [IPC] get-productive-stats | {"dateFilter":null,"mode":"single"}
[2026-05-28T12:38:58.727Z] [INFO] [StatsService] called — dateFilter: null, mode: single
[2026-05-28T12:38:58.728Z] [INFO] [StatsService] productive apps: ["Photos.exe","Electron","SnippingTool.exe","WhatsApp.Root","Windows Shell Experience Host","SearchHost.exe","Visual Studio Code"]
[2026-05-28T12:38:58.729Z] [INFO] [StatsService] raw rows count: 15
[2026-05-28T12:38:58.729Z] [INFO] [StatsService] result — productive:3379.1600000000003s distracting:5263.260000000001s idle:4014.68s score:39.1%
[2026-05-28T12:39:02.367Z] [INFO] [Health] 11 apps today | 3679 total records
[2026-05-28T12:40:02.378Z] [INFO] [Health] 11 apps today | 3680 total records
[2026-05-28T12:40:58.737Z] [INFO] [IPC] get-productive-stats | {"dateFilter":null,"mode":"single"}
[2026-05-28T12:40:58.738Z] [INFO] [StatsService] called — dateFilter: null, mode: single
[2026-05-28T12:40:58.739Z] [INFO] [StatsService] productive apps: ["Photos.exe","Electron","SnippingTool.exe","WhatsApp.Root","Windows Shell Experience Host","SearchHost.exe","Visual Studio Code"]
[2026-05-28T12:40:58.740Z] [INFO] [StatsService] raw rows count: 15
[2026-05-28T12:40:58.740Z] [INFO] [StatsService] result — productive:3449.8500000000004s distracting:5305.650000000001s idle:4057.07s score:39.4%
[2026-05-28T12:41:02.393Z] [INFO] [Health] 11 apps today | 3682 total records
[2026-05-28T12:42:02.408Z] [INFO] [Health] 11 apps today | 3683 total records
[2026-05-28T12:42:58.735Z] [INFO] [IPC] get-productive-stats | {"dateFilter":null,"mode":"single"}
[2026-05-28T12:42:58.736Z] [INFO] [StatsService] called — dateFilter: null, mode: single
[2026-05-28T12:42:58.737Z] [INFO] [StatsService] productive apps: ["Photos.exe","Electron","SnippingTool.exe","WhatsApp.Root","Windows Shell Experience Host","SearchHost.exe","Visual Studio Code"]
[2026-05-28T12:42:58.738Z] [INFO] [StatsService] raw rows count: 15
[2026-05-28T12:42:58.739Z] [INFO] [StatsService] result — productive:3510.4300000000003s distracting:5305.650000000001s idle:4057.07s score:39.8%
[2026-05-28T12:43:02.412Z] [INFO] [Health] 11 apps today | 3683 total records
[2026-05-28T12:44:02.427Z] [INFO] [Health] 11 apps today | 3686 total records
[2026-05-28T12:44:10.678Z] [INFO] [IPC] get-productive-stats | {"dateFilter":"2026-05-28","mode":"single"}
[2026-05-28T12:44:10.678Z] [INFO] [StatsService] called — dateFilter: 2026-05-28, mode: single
[2026-05-28T12:44:10.679Z] [INFO] [StatsService] productive apps: ["Photos.exe","Electron","SnippingTool.exe","WhatsApp.Root","Windows Shell Experience Host","SearchHost.exe","Visual Studio Code"]
[2026-05-28T12:44:10.681Z] [INFO] [StatsService] raw rows count: 15
[2026-05-28T12:44:10.681Z] [INFO] [StatsService] result — productive:3520.5s distracting:5424.400000000001s idle:4175.82s score:39.4%
[2026-05-28T12:45:02.438Z] [INFO] [Health] 11 apps today | 3686 total records
[2026-05-28T12:45:10.696Z] [INFO] [IPC] get-productive-stats | {"dateFilter":"2026-05-28","mode":"single"}
[2026-05-28T12:45:10.697Z] [INFO] [StatsService] called — dateFilter: 2026-05-28, mode: single
[2026-05-28T12:45:10.698Z] [INFO] [StatsService] productive apps: ["Photos.exe","Electron","SnippingTool.exe","WhatsApp.Root","Windows Shell Experience Host","SearchHost.exe","Visual Studio Code"]
[2026-05-28T12:45:10.699Z] [INFO] [StatsService] raw rows count: 15
[2026-05-28T12:45:10.700Z] [INFO] [StatsService] result — productive:3520.5s distracting:5424.400000000001s idle:4175.82s score:39.4%
[2026-05-28T12:46:02.442Z] [INFO] [Health] 11 apps today | 3687 total records
[2026-05-28T12:46:10.692Z] [INFO] [IPC] get-productive-stats | {"dateFilter":"2026-05-28","mode":"single"}
[2026-05-28T12:46:10.693Z] [INFO] [StatsService] called — dateFilter: 2026-05-28, mode: single
[2026-05-28T12:46:10.693Z] [INFO] [StatsService] productive apps: ["Photos.exe","Electron","SnippingTool.exe","WhatsApp.Root","Windows Shell Experience Host","SearchHost.exe","Visual Studio Code"]
[2026-05-28T12:46:10.695Z] [INFO] [StatsService] raw rows count: 15
[2026-05-28T12:46:10.695Z] [INFO] [StatsService] result — productive:3597.29s distracting:5424.400000000001s idle:4175.82s score:39.9%
[2026-05-28T12:47:02.445Z] [INFO] [Health] 11 apps today | 3687 total records
[2026-05-28T12:47:12.550Z] [INFO] [IPC] get-productive-stats | {"dateFilter":"2026-05-28","mode":"single"}
[2026-05-28T12:47:12.551Z] [INFO] [StatsService] called — dateFilter: 2026-05-28, mode: single
[2026-05-28T12:47:12.552Z] [INFO] [StatsService] productive apps: ["Photos.exe","Electron","SnippingTool.exe","WhatsApp.Root","Windows Shell Experience Host","SearchHost.exe","Visual Studio Code"]
[2026-05-28T12:47:12.554Z] [INFO] [StatsService] raw rows count: 15
[2026-05-28T12:47:12.555Z] [INFO] [StatsService] result — productive:3597.29s distracting:5424.400000000001s idle:4175.82s score:39.9%
[2026-05-28T12:48:02.450Z] [INFO] [Health] 11 apps today | 3690 total records
[2026-05-28T12:48:10.695Z] [INFO] [IPC] get-productive-stats | {"dateFilter":"2026-05-28","mode":"single"}
[2026-05-28T12:48:10.696Z] [INFO] [StatsService] called — dateFilter: 2026-05-28, mode: single
[2026-05-28T12:48:10.697Z] [INFO] [StatsService] productive apps: ["Photos.exe","Electron","SnippingTool.exe","WhatsApp.Root","Windows Shell Experience Host","SearchHost.exe","Visual Studio Code"]
[2026-05-28T12:48:10.698Z] [INFO] [StatsService] raw rows count: 15
[2026-05-28T12:48:10.698Z] [INFO] [StatsService] result — productive:3597.29s distracting:5549.0599999999995s idle:4297.45s score:39.3%
[2026-05-28T12:49:02.459Z] [INFO] [Health] 11 apps today | 3690 total records
[2026-05-28T12:50:02.472Z] [INFO] [Health] 11 apps today | 3691 total records
[2026-05-28T12:51:02.485Z] [INFO] [Health] 11 apps today | 3691 total records
[2026-05-28T12:52:02.501Z] [INFO] [Health] 11 apps today | 3692 total records
[2026-05-28T12:53:02.509Z] [INFO] [Health] 11 apps today | 3692 total records
[2026-05-28T12:54:02.524Z] [INFO] [Health] 11 apps today | 3693 total records
[2026-05-28T12:55:02.538Z] [INFO] [Health] 11 apps today | 3693 total records
[2026-05-28T12:56:02.541Z] [INFO] [Health] 11 apps today | 3694 total records
[2026-05-28T12:57:02.557Z] [INFO] [Health] 11 apps today | 3696 total records
[2026-05-28T12:58:02.561Z] [INFO] [Health] 11 apps today | 3697 total records
[2026-05-28T12:59:02.564Z] [INFO] [Health] 11 apps today | 3698 total records
[2026-05-28T13:00:02.578Z] [INFO] [Health] 11 apps today | 3699 total records
[2026-05-28T13:01:02.580Z] [INFO] [Health] 11 apps today | 3699 total records
[2026-05-28T13:02:02.581Z] [INFO] [Health] 11 apps today | 3700 total records
[2026-05-28T13:03:02.593Z] [INFO] [Health] 11 apps today | 3701 total records
[2026-05-28T13:04:02.601Z] [INFO] [Health] 11 apps today | 3701 total records
[2026-05-28T13:05:02.613Z] [INFO] [Health] 11 apps today | 3702 total records
[2026-05-28T13:05:47.173Z] [INFO] [Main] All windows closed
[2026-06-02T11:16:24.589Z] [INFO] [Main] All IPC handlers registered
[2026-06-02T11:16:24.597Z] [INFO] [Main] Creating window | preload exists: true
[2026-06-02T11:16:24.964Z] [INFO] [Main] Startup sync — 7 productive, 23 distracting
[2026-06-02T11:16:34.894Z] [INFO] [IPC] get-productive-stats | {"dateFilter":null,"mode":"single"}
[2026-06-02T11:16:34.896Z] [INFO] [StatsService] called — dateFilter: null, mode: single
[2026-06-02T11:16:34.897Z] [INFO] [StatsService] productive apps: ["Photos.exe","Electron","SnippingTool.exe","WhatsApp.Root","Windows Shell Experience Host","SearchHost.exe","Visual Studio Code"]
[2026-06-02T11:16:34.899Z] [INFO] [StatsService] raw rows count: 1
[2026-06-02T11:16:34.900Z] [INFO] [StatsService] result — productive:4.08s distracting:0s idle:0s score:100.0%
[2026-06-02T11:17:25.035Z] [INFO] [Health] 2 apps today | 3711 total records
[2026-06-02T11:18:25.067Z] [INFO] [Health] 4 apps today | 3724 total records
[2026-06-02T11:18:34.918Z] [INFO] [IPC] get-productive-stats | {"dateFilter":null,"mode":"single"}
[2026-06-02T11:18:34.921Z] [INFO] [StatsService] called — dateFilter: null, mode: single
[2026-06-02T11:18:34.924Z] [INFO] [StatsService] productive apps: ["Photos.exe","Electron","SnippingTool.exe","WhatsApp.Root","Windows Shell Experience Host","SearchHost.exe","Visual Studio Code"]
[2026-06-02T11:18:34.928Z] [INFO] [StatsService] raw rows count: 4
[2026-06-02T11:18:34.932Z] [INFO] [StatsService] result — productive:121.77s distracting:2.1399999999999997s idle:0s score:98.3%
[2026-06-02T11:19:25.084Z] [INFO] [Health] 4 apps today | 3733 total records
[2026-06-02T11:20:25.215Z] [INFO] [Health] 4 apps today | 3733 total records
[2026-06-02T11:20:34.926Z] [INFO] [IPC] get-productive-stats | {"dateFilter":null,"mode":"single"}
[2026-06-02T11:20:34.927Z] [INFO] [StatsService] called — dateFilter: null, mode: single
[2026-06-02T11:20:34.928Z] [INFO] [StatsService] productive apps: ["Photos.exe","Electron","SnippingTool.exe","WhatsApp.Root","Windows Shell Experience Host","SearchHost.exe","Visual Studio Code"]
[2026-06-02T11:20:34.930Z] [INFO] [StatsService] raw rows count: 4
[2026-06-02T11:20:34.931Z] [INFO] [StatsService] result — productive:123.79s distracting:14.37s idle:0s score:89.6%
[2026-06-02T11:21:25.220Z] [INFO] [Health] 4 apps today | 3734 total records
[2026-06-02T11:22:25.245Z] [INFO] [Health] 4 apps today | 3734 total records
[2026-06-02T11:22:34.920Z] [INFO] [IPC] get-productive-stats | {"dateFilter":null,"mode":"single"}
[2026-06-02T11:22:34.921Z] [INFO] [StatsService] called — dateFilter: null, mode: single
[2026-06-02T11:22:34.922Z] [INFO] [StatsService] productive apps: ["Photos.exe","Electron","SnippingTool.exe","WhatsApp.Root","Windows Shell Experience Host","SearchHost.exe","Visual Studio Code"]
[2026-06-02T11:22:34.923Z] [INFO] [StatsService] raw rows count: 4
[2026-06-02T11:22:34.925Z] [INFO] [StatsService] result — productive:268.77000000000004s distracting:14.37s idle:0s score:94.9%
[2026-06-02T11:23:25.248Z] [INFO] [Health] 4 apps today | 3734 total records
[2026-06-02T11:25:11.649Z] [INFO] [Health] 4 apps today | 3734 total records
[2026-06-02T11:25:13.729Z] [INFO] [IPC] get-productive-stats | {"dateFilter":null,"mode":"single"}
[2026-06-02T11:25:13.730Z] [INFO] [StatsService] called — dateFilter: null, mode: single
[2026-06-02T11:25:13.733Z] [INFO] [StatsService] productive apps: ["Photos.exe","Electron","SnippingTool.exe","WhatsApp.Root","Windows Shell Experience Host","SearchHost.exe","Visual Studio Code"]
[2026-06-02T11:25:13.735Z] [INFO] [StatsService] raw rows count: 4
[2026-06-02T11:25:13.737Z] [INFO] [StatsService] result — productive:268.77000000000004s distracting:14.37s idle:0s score:94.9%
[2026-06-02T11:25:23.968Z] [INFO] [IPC] get-productive-stats | {"dateFilter":null,"mode":"single"}
[2026-06-02T11:25:23.970Z] [INFO] [StatsService] called — dateFilter: null, mode: single
[2026-06-02T11:25:23.971Z] [INFO] [StatsService] productive apps: ["Photos.exe","Electron","SnippingTool.exe","WhatsApp.Root","Windows Shell Experience Host","SearchHost.exe","Visual Studio Code"]
[2026-06-02T11:25:23.973Z] [INFO] [StatsService] raw rows count: 6
[2026-06-02T11:25:23.974Z] [INFO] [StatsService] result — productive:268.77000000000004s distracting:263.14s idle:240.21s score:50.5%
[2026-06-02T11:26:11.661Z] [INFO] [Health] 6 apps today | 3743 total records
[2026-06-02T14:25:39.183Z] [INFO] [Main] All IPC handlers registered
[2026-06-02T14:25:39.189Z] [INFO] [Main] Creating window | preload exists: true
[2026-06-02T14:25:39.606Z] [INFO] [Main] Startup sync — 7 productive, 23 distracting
[2026-06-02T14:25:47.509Z] [INFO] [IPC] get-productive-stats | {"dateFilter":null,"mode":"single"}
[2026-06-02T14:25:47.511Z] [INFO] [StatsService] called — dateFilter: null, mode: single
[2026-06-02T14:25:47.512Z] [INFO] [StatsService] productive apps: ["Photos.exe","Electron","SnippingTool.exe","WhatsApp.Root","Windows Shell Experience Host","SearchHost.exe","Visual Studio Code"]
[2026-06-02T14:25:47.515Z] [INFO] [StatsService] raw rows count: 7
[2026-06-02T14:25:47.516Z] [INFO] [StatsService] result — productive:315.24s distracting:291.59000000000003s idle:240.21s score:51.9%
[2026-06-02T14:26:39.622Z] [INFO] [Health] 6 apps today | 3750 total records
[2026-06-02T14:27:39.633Z] [INFO] [Health] 7 apps today | 3764 total records
[2026-06-02T14:27:47.907Z] [INFO] [IPC] get-productive-stats | {"dateFilter":null,"mode":"single"}
[2026-06-02T14:27:47.909Z] [INFO] [StatsService] called — dateFilter: null, mode: single
[2026-06-02T14:27:47.910Z] [INFO] [StatsService] productive apps: ["Photos.exe","Electron","SnippingTool.exe","WhatsApp.Root","Windows Shell Experience Host","SearchHost.exe","Visual Studio Code"]
[2026-06-02T14:27:47.912Z] [INFO] [StatsService] raw rows count: 8
[2026-06-02T14:27:47.912Z] [INFO] [StatsService] result — productive:376.90000000000003s distracting:323.7s idle:240.21s score:53.8%
[2026-06-02T14:28:39.636Z] [INFO] [Health] 7 apps today | 3764 total records
[2026-06-02T14:29:39.638Z] [INFO] [Health] 7 apps today | 3765 total records
[2026-06-02T14:29:47.961Z] [INFO] [IPC] get-productive-stats | {"dateFilter":null,"mode":"single"}
[2026-06-02T14:29:47.963Z] [INFO] [StatsService] called — dateFilter: null, mode: single
[2026-06-02T14:29:47.964Z] [INFO] [StatsService] productive apps: ["Photos.exe","Electron","SnippingTool.exe","WhatsApp.Root","Windows Shell Experience Host","SearchHost.exe","Visual Studio Code"]
[2026-06-02T14:29:47.965Z] [INFO] [StatsService] raw rows count: 8
[2026-06-02T14:29:47.966Z] [INFO] [StatsService] result — productive:376.90000000000003s distracting:432.89s idle:240.21s score:46.5%
[2026-06-02T14:30:39.645Z] [INFO] [Health] 7 apps today | 3765 total records
[2026-06-02T14:31:39.652Z] [INFO] [Health] 7 apps today | 3766 total records
[2026-06-02T14:31:47.912Z] [INFO] [IPC] get-productive-stats | {"dateFilter":null,"mode":"single"}
[2026-06-02T14:31:47.913Z] [INFO] [StatsService] called — dateFilter: null, mode: single
[2026-06-02T14:31:47.915Z] [INFO] [StatsService] productive apps: ["Photos.exe","Electron","SnippingTool.exe","WhatsApp.Root","Windows Shell Experience Host","SearchHost.exe","Visual Studio Code"]
[2026-06-02T14:31:47.916Z] [INFO] [StatsService] raw rows count: 9
[2026-06-02T14:31:47.917Z] [INFO] [StatsService] result — productive:376.90000000000003s distracting:553.25s idle:360.57s score:40.5%
[2026-06-02T14:32:39.657Z] [INFO] [Health] 7 apps today | 3767 total records
[2026-06-02T14:33:39.671Z] [INFO] [Health] 7 apps today | 3767 total records
[2026-06-02T14:33:47.916Z] [INFO] [IPC] get-productive-stats | {"dateFilter":null,"mode":"single"}
[2026-06-02T14:33:47.917Z] [INFO] [StatsService] called — dateFilter: null, mode: single
[2026-06-02T14:33:47.918Z] [INFO] [StatsService] productive apps: ["Photos.exe","Electron","SnippingTool.exe","WhatsApp.Root","Windows Shell Experience Host","SearchHost.exe","Visual Studio Code"]
[2026-06-02T14:33:47.920Z] [INFO] [StatsService] raw rows count: 9
[2026-06-02T14:33:47.921Z] [INFO] [StatsService] result — productive:376.90000000000003s distracting:613.86s idle:360.57s score:38.0%
[2026-06-02T14:43:13.189Z] [INFO] [Health] 7 apps today | 3767 total records
[2026-06-02T14:43:16.982Z] [INFO] [IPC] get-productive-stats | {"dateFilter":null,"mode":"single"}
[2026-06-02T14:43:16.983Z] [INFO] [StatsService] called — dateFilter: null, mode: single
[2026-06-02T14:43:16.988Z] [INFO] [StatsService] productive apps: ["Photos.exe","Electron","SnippingTool.exe","WhatsApp.Root","Windows Shell Experience Host","SearchHost.exe","Visual Studio Code"]
[2026-06-02T14:43:16.990Z] [INFO] [StatsService] raw rows count: 9
[2026-06-02T14:43:16.991Z] [INFO] [StatsService] result — productive:376.90000000000003s distracting:1282.23s idle:1028.94s score:22.7%
[2026-06-02T14:43:29.091Z] [INFO] [IPC] get-productive-stats | {"dateFilter":null,"mode":"single"}
[2026-06-02T14:43:29.093Z] [INFO] [StatsService] called — dateFilter: null, mode: single
[2026-06-02T14:43:29.095Z] [INFO] [StatsService] productive apps: ["Photos.exe","Electron","SnippingTool.exe","WhatsApp.Root","Windows Shell Experience Host","SearchHost.exe","Visual Studio Code"]
[2026-06-02T14:43:29.097Z] [INFO] [StatsService] raw rows count: 9
[2026-06-02T14:43:29.098Z] [INFO] [StatsService] result — productive:376.90000000000003s distracting:1284.4500000000003s idle:1028.94s score:22.7%
[2026-06-02T14:44:13.196Z] [INFO] [Health] 7 apps today | 3777 total records
[2026-06-02T14:45:13.208Z] [INFO] [Health] 7 apps today | 3781 total records
[2026-06-02T14:45:29.906Z] [INFO] [IPC] get-productive-stats | {"dateFilter":null,"mode":"single"}
[2026-06-02T14:45:29.907Z] [INFO] [StatsService] called — dateFilter: null, mode: single
[2026-06-02T14:45:29.909Z] [INFO] [StatsService] productive apps: ["Photos.exe","Electron","SnippingTool.exe","WhatsApp.Root","Windows Shell Experience Host","SearchHost.exe","Visual Studio Code"]
[2026-06-02T14:45:29.911Z] [INFO] [StatsService] raw rows count: 9
[2026-06-02T14:45:29.912Z] [INFO] [StatsService] result — productive:387.18s distracting:1376.89s idle:1028.94s score:21.9%
[2026-06-02T14:46:13.221Z] [INFO] [Health] 7 apps today | 3782 total records
[2026-06-02T14:47:13.228Z] [INFO] [Health] 7 apps today | 3786 total records
[2026-06-02T14:47:29.913Z] [INFO] [IPC] get-productive-stats | {"dateFilter":null,"mode":"single"}
[2026-06-02T14:47:29.914Z] [INFO] [StatsService] called — dateFilter: null, mode: single
[2026-06-02T14:47:29.916Z] [INFO] [StatsService] productive apps: ["Photos.exe","Electron","SnippingTool.exe","WhatsApp.Root","Windows Shell Experience Host","SearchHost.exe","Visual Studio Code"]
[2026-06-02T14:47:29.918Z] [INFO] [StatsService] raw rows count: 9
[2026-06-02T14:47:29.919Z] [INFO] [StatsService] result — productive:387.18s distracting:1511.3999999999999s idle:1028.94s score:20.4%
[2026-06-02T14:48:13.239Z] [INFO] [Health] 7 apps today | 3788 total records
[2026-06-02T14:49:13.254Z] [INFO] [Health] 7 apps today | 3788 total records
[2026-06-02T14:49:29.952Z] [INFO] [IPC] get-productive-stats | {"dateFilter":null,"mode":"single"}
[2026-06-02T14:49:29.953Z] [INFO] [StatsService] called — dateFilter: null, mode: single
[2026-06-02T14:49:29.954Z] [INFO] [StatsService] productive apps: ["Photos.exe","Electron","SnippingTool.exe","WhatsApp.Root","Windows Shell Experience Host","SearchHost.exe","Visual Studio Code"]
[2026-06-02T14:49:29.955Z] [INFO] [StatsService] raw rows count: 9
[2026-06-02T14:49:29.956Z] [INFO] [StatsService] result — productive:387.18s distracting:1643.88s idle:1028.94s score:19.1%
[2026-06-02T14:49:59.286Z] [INFO] [Main] All windows closed
[2026-06-03T06:22:16.591Z] [INFO] [Main] All IPC handlers registered
[2026-06-03T06:22:16.598Z] [INFO] [Main] Creating window | preload exists: true
[2026-06-03T06:22:16.975Z] [INFO] [Main] Startup sync — 7 productive, 23 distracting
[2026-06-03T06:22:27.645Z] [INFO] [IPC] get-productive-stats | {"dateFilter":null,"mode":"single"}
[2026-06-03T06:22:27.646Z] [INFO] [StatsService] called — dateFilter: null, mode: single
[2026-06-03T06:22:27.647Z] [INFO] [StatsService] productive apps: ["Photos.exe","Electron","SnippingTool.exe","WhatsApp.Root","Windows Shell Experience Host","SearchHost.exe","Visual Studio Code"]
[2026-06-03T06:22:27.649Z] [INFO] [StatsService] raw rows count: 0
[2026-06-03T06:22:27.650Z] [INFO] [StatsService] result — productive:0s distracting:0s idle:0s score:0.0%
[2026-06-03T06:22:38.074Z] [INFO] [IPC] get-productive-stats | {"dateFilter":null,"mode":"single"}
[2026-06-03T06:22:38.075Z] [INFO] [StatsService] called — dateFilter: null, mode: single
[2026-06-03T06:22:38.076Z] [INFO] [StatsService] productive apps: ["Photos.exe","Electron","SnippingTool.exe","WhatsApp.Root","Windows Shell Experience Host","SearchHost.exe","Visual Studio Code"]
[2026-06-03T06:22:38.076Z] [INFO] [StatsService] raw rows count: 1
[2026-06-03T06:22:38.077Z] [INFO] [StatsService] result — productive:10.13s distracting:0s idle:0s score:100.0%
[2026-06-03T06:22:40.162Z] [INFO] [IPC] get-productive-stats | {"dateFilter":null,"mode":"single"}
[2026-06-03T06:22:40.163Z] [INFO] [StatsService] called — dateFilter: null, mode: single
[2026-06-03T06:22:40.164Z] [INFO] [StatsService] productive apps: ["Photos.exe","Electron","SnippingTool.exe","WhatsApp.Root","Windows Shell Experience Host","SearchHost.exe","Visual Studio Code"]
[2026-06-03T06:22:40.165Z] [INFO] [StatsService] raw rows count: 1
[2026-06-03T06:22:40.166Z] [INFO] [StatsService] result — productive:10.13s distracting:0s idle:0s score:100.0%
[2026-06-03T06:22:55.535Z] [INFO] [IPC] get-productive-stats | {"dateFilter":null,"mode":"single"}
[2026-06-03T06:22:55.535Z] [INFO] [StatsService] called — dateFilter: null, mode: single
[2026-06-03T06:22:55.536Z] [INFO] [StatsService] productive apps: ["Photos.exe","Electron","SnippingTool.exe","WhatsApp.Root","Windows Shell Experience Host","SearchHost.exe","Visual Studio Code"]
[2026-06-03T06:22:55.536Z] [INFO] [StatsService] raw rows count: 3
[2026-06-03T06:22:55.537Z] [INFO] [StatsService] result — productive:21.25s distracting:2.02s idle:0s score:91.3%
[2026-06-03T06:23:16.986Z] [INFO] [Health] 3 apps today | 3795 total records
[2026-06-03T06:24:16.991Z] [INFO] [Health] 3 apps today | 3796 total records
[2026-06-03T06:24:32.288Z] [INFO] [IPC] get-productive-stats | {"dateFilter":null,"mode":"single"}
[2026-06-03T06:24:32.288Z] [INFO] [StatsService] called — dateFilter: null, mode: single
[2026-06-03T06:24:32.289Z] [INFO] [StatsService] productive apps: ["Photos.exe","Electron","SnippingTool.exe","WhatsApp.Root","Windows Shell Experience Host","SearchHost.exe","Visual Studio Code"]
[2026-06-03T06:24:32.289Z] [INFO] [StatsService] raw rows count: 4
[2026-06-03T06:24:32.290Z] [INFO] [StatsService] result — productive:108.14s distracting:16.17s idle:14.15s score:87.0%
[2026-06-03T06:25:16.993Z] [INFO] [Health] 4 apps today | 3804 total records
[2026-06-03T06:26:17.004Z] [INFO] [Health] 4 apps today | 3804 total records
[2026-06-03T06:26:32.922Z] [INFO] [IPC] get-productive-stats | {"dateFilter":null,"mode":"single"}
[2026-06-03T06:26:32.923Z] [INFO] [StatsService] called — dateFilter: null, mode: single
[2026-06-03T06:26:32.924Z] [INFO] [StatsService] productive apps: ["Photos.exe","Electron","SnippingTool.exe","WhatsApp.Root","Windows Shell Experience Host","SearchHost.exe","Visual Studio Code"]
[2026-06-03T06:26:32.925Z] [INFO] [StatsService] raw rows count: 5
[2026-06-03T06:26:32.926Z] [INFO] [StatsService] result — productive:127.34s distracting:32.33s idle:14.15s score:79.8%
[2026-06-03T06:27:17.010Z] [INFO] [Health] 4 apps today | 3805 total records
[2026-06-03T06:28:17.018Z] [INFO] [Health] 4 apps today | 3805 total records
[2026-06-03T06:28:32.921Z] [INFO] [IPC] get-productive-stats | {"dateFilter":null,"mode":"single"}
[2026-06-03T06:28:32.923Z] [INFO] [StatsService] called — dateFilter: null, mode: single
[2026-06-03T06:28:32.924Z] [INFO] [StatsService] productive apps: ["Photos.exe","Electron","SnippingTool.exe","WhatsApp.Root","Windows Shell Experience Host","SearchHost.exe","Visual Studio Code"]
[2026-06-03T06:28:32.925Z] [INFO] [StatsService] raw rows count: 6
[2026-06-03T06:28:32.926Z] [INFO] [StatsService] result — productive:127.34s distracting:240.55s idle:122.27000000000001s score:34.6%
[2026-06-03T06:29:17.025Z] [INFO] [Health] 4 apps today | 3806 total records
[2026-06-03T06:30:17.033Z] [INFO] [Health] 4 apps today | 3807 total records
[2026-06-03T06:30:32.923Z] [INFO] [IPC] get-productive-stats | {"dateFilter":null,"mode":"single"}
[2026-06-03T06:30:32.925Z] [INFO] [StatsService] called — dateFilter: null, mode: single
[2026-06-03T06:30:32.926Z] [INFO] [StatsService] productive apps: ["Photos.exe","Electron","SnippingTool.exe","WhatsApp.Root","Windows Shell Experience Host","SearchHost.exe","Visual Studio Code"]
[2026-06-03T06:30:32.927Z] [INFO] [StatsService] raw rows count: 6
[2026-06-03T06:30:32.928Z] [INFO] [StatsService] result — productive:127.34s distracting:301.15s idle:122.27000000000001s score:29.7%
[2026-06-03T06:31:17.037Z] [INFO] [Health] 4 apps today | 3807 total records
[2026-06-03T06:32:17.043Z] [INFO] [Health] 4 apps today | 3808 total records
[2026-06-03T06:32:32.925Z] [INFO] [IPC] get-productive-stats | {"dateFilter":null,"mode":"single"}
[2026-06-03T06:32:32.927Z] [INFO] [StatsService] called — dateFilter: null, mode: single
[2026-06-03T06:32:32.928Z] [INFO] [StatsService] productive apps: ["Photos.exe","Electron","SnippingTool.exe","WhatsApp.Root","Windows Shell Experience Host","SearchHost.exe","Visual Studio Code"]
[2026-06-03T06:32:32.929Z] [INFO] [StatsService] raw rows count: 6
[2026-06-03T06:32:32.930Z] [INFO] [StatsService] result — productive:127.34s distracting:470.85999999999996s idle:229.27s score:21.3%
[2026-06-03T06:33:17.058Z] [INFO] [Health] 4 apps today | 3809 total records
[2026-06-03T06:34:19.424Z] [INFO] [Health] 4 apps today | 3809 total records
[2026-06-03T06:34:32.926Z] [INFO] [IPC] get-productive-stats | {"dateFilter":null,"mode":"single"}
[2026-06-03T06:34:32.927Z] [INFO] [StatsService] called — dateFilter: null, mode: single
[2026-06-03T06:34:32.927Z] [INFO] [StatsService] productive apps: ["Photos.exe","Electron","SnippingTool.exe","WhatsApp.Root","Windows Shell Experience Host","SearchHost.exe","Visual Studio Code"]
[2026-06-03T06:34:32.928Z] [INFO] [StatsService] raw rows count: 6
[2026-06-03T06:34:32.929Z] [INFO] [StatsService] result — productive:127.34s distracting:470.85999999999996s idle:229.27s score:21.3%
[2026-06-03T06:35:16.914Z] [INFO] [Health] 5 apps today | 3811 total records
[2026-06-03T06:36:16.923Z] [INFO] [Health] 5 apps today | 3812 total records
[2026-06-03T06:36:30.394Z] [INFO] [IPC] get-productive-stats | {"dateFilter":null,"mode":"single"}
[2026-06-03T06:36:30.395Z] [INFO] [StatsService] called — dateFilter: null, mode: single
[2026-06-03T06:36:30.396Z] [INFO] [StatsService] productive apps: ["Photos.exe","Electron","SnippingTool.exe","WhatsApp.Root","Windows Shell Experience Host","SearchHost.exe","Visual Studio Code"]
[2026-06-03T06:36:30.399Z] [INFO] [StatsService] raw rows count: 7
[2026-06-03T06:36:30.400Z] [INFO] [StatsService] result — productive:127.34s distracting:683.7199999999999s idle:378.92999999999995s score:15.7%
[2026-06-03T06:37:16.941Z] [INFO] [Health] 5 apps today | 3812 total records
[2026-06-03T06:38:16.944Z] [INFO] [Health] 5 apps today | 3813 total records
[2026-06-03T06:38:44.395Z] [INFO] [IPC] get-productive-stats | {"dateFilter":null,"mode":"single"}
[2026-06-03T06:38:44.396Z] [INFO] [StatsService] called — dateFilter: null, mode: single
[2026-06-03T06:38:44.397Z] [INFO] [StatsService] productive apps: ["Photos.exe","Electron","SnippingTool.exe","WhatsApp.Root","Windows Shell Experience Host","SearchHost.exe","Visual Studio Code"]
[2026-06-03T06:38:44.399Z] [INFO] [StatsService] raw rows count: 7
[2026-06-03T06:38:44.400Z] [INFO] [StatsService] result — productive:127.34s distracting:841.61s idle:476.12s score:13.1%
[2026-06-03T06:39:16.949Z] [INFO] [Health] 5 apps today | 3814 total records
[2026-06-03T06:40:16.965Z] [INFO] [Health] 5 apps today | 3814 total records
[2026-06-03T06:40:44.386Z] [INFO] [IPC] get-productive-stats | {"dateFilter":null,"mode":"single"}
[2026-06-03T06:40:44.387Z] [INFO] [StatsService] called — dateFilter: null, mode: single
[2026-06-03T06:40:44.388Z] [INFO] [StatsService] productive apps: ["Photos.exe","Electron","SnippingTool.exe","WhatsApp.Root","Windows Shell Experience Host","SearchHost.exe","Visual Studio Code"]
[2026-06-03T06:40:44.389Z] [INFO] [StatsService] raw rows count: 7
[2026-06-03T06:40:44.390Z] [INFO] [StatsService] result — productive:127.34s distracting:959.5699999999998s idle:594.0799999999999s score:11.7%
[2026-06-03T06:41:16.971Z] [INFO] [Health] 5 apps today | 3815 total records
[2026-06-03T06:42:16.972Z] [INFO] [Health] 5 apps today | 3816 total records
[2026-06-03T06:42:44.380Z] [INFO] [IPC] get-productive-stats | {"dateFilter":null,"mode":"single"}
[2026-06-03T06:42:44.381Z] [INFO] [StatsService] called — dateFilter: null, mode: single
[2026-06-03T06:42:44.383Z] [INFO] [StatsService] productive apps: ["Photos.exe","Electron","SnippingTool.exe","WhatsApp.Root","Windows Shell Experience Host","SearchHost.exe","Visual Studio Code"]
[2026-06-03T06:42:44.384Z] [INFO] [StatsService] raw rows count: 7
[2026-06-03T06:42:44.392Z] [INFO] [StatsService] result — productive:127.34s distracting:1073.83s idle:647.7099999999999s score:10.6%
[2026-06-03T06:43:16.975Z] [INFO] [Health] 5 apps today | 3817 total records
[2026-06-03T06:44:16.984Z] [INFO] [Health] 5 apps today | 3817 total records
[2026-06-03T06:44:44.397Z] [INFO] [IPC] get-productive-stats | {"dateFilter":null,"mode":"single"}
[2026-06-03T06:44:44.397Z] [INFO] [StatsService] called — dateFilter: null, mode: single
[2026-06-03T06:44:44.399Z] [INFO] [StatsService] productive apps: ["Photos.exe","Electron","SnippingTool.exe","WhatsApp.Root","Windows Shell Experience Host","SearchHost.exe","Visual Studio Code"]
[2026-06-03T06:44:44.400Z] [INFO] [StatsService] raw rows count: 7
[2026-06-03T06:44:44.403Z] [INFO] [StatsService] result — productive:127.34s distracting:1073.83s idle:647.7099999999999s score:10.6%
[2026-06-03T06:45:16.995Z] [INFO] [Health] 5 apps today | 3817 total records
[2026-06-03T06:46:16.999Z] [INFO] [Health] 5 apps today | 3817 total records
[2026-06-03T06:46:44.389Z] [INFO] [IPC] get-productive-stats | {"dateFilter":null,"mode":"single"}
[2026-06-03T06:46:44.390Z] [INFO] [StatsService] called — dateFilter: null, mode: single
[2026-06-03T06:46:44.391Z] [INFO] [StatsService] productive apps: ["Photos.exe","Electron","SnippingTool.exe","WhatsApp.Root","Windows Shell Experience Host","SearchHost.exe","Visual Studio Code"]
[2026-06-03T06:46:44.393Z] [INFO] [StatsService] raw rows count: 8
[2026-06-03T06:46:44.394Z] [INFO] [StatsService] result — productive:129.34s distracting:1318.56s idle:647.7099999999999s score:8.9%
[2026-06-03T06:47:17.007Z] [INFO] [Health] 6 apps today | 3819 total records
[2026-06-03T06:48:17.015Z] [INFO] [Health] 6 apps today | 3821 total records
[2026-06-03T06:48:44.386Z] [INFO] [IPC] get-productive-stats | {"dateFilter":null,"mode":"single"}
[2026-06-03T06:48:44.387Z] [INFO] [StatsService] called — dateFilter: null, mode: single
[2026-06-03T06:48:44.388Z] [INFO] [StatsService] productive apps: ["Photos.exe","Electron","SnippingTool.exe","WhatsApp.Root","Windows Shell Experience Host","SearchHost.exe","Visual Studio Code"]
[2026-06-03T06:48:44.390Z] [INFO] [StatsService] raw rows count: 8
[2026-06-03T06:48:44.391Z] [INFO] [StatsService] result — productive:152.57s distracting:1425.77s idle:647.7099999999999s score:9.7%
[2026-06-03T06:49:17.019Z] [INFO] [Health] 6 apps today | 3827 total records
[2026-06-03T06:50:17.022Z] [INFO] [Health] 6 apps today | 3828 total records
[2026-06-03T06:50:44.384Z] [INFO] [IPC] get-productive-stats | {"dateFilter":null,"mode":"single"}
[2026-06-03T06:50:44.385Z] [INFO] [StatsService] called — dateFilter: null, mode: single
[2026-06-03T06:50:44.387Z] [INFO] [StatsService] productive apps: ["Photos.exe","Electron","SnippingTool.exe","WhatsApp.Root","Windows Shell Experience Host","SearchHost.exe","Visual Studio Code"]
[2026-06-03T06:50:44.388Z] [INFO] [StatsService] raw rows count: 8
[2026-06-03T06:50:44.389Z] [INFO] [StatsService] result — productive:155.6s distracting:1505.58s idle:647.7099999999999s score:9.4%
[2026-06-03T06:51:17.031Z] [INFO] [Health] 6 apps today | 3832 total records
[2026-06-03T06:52:17.050Z] [INFO] [Health] 6 apps today | 3836 total records
[2026-06-03T06:52:44.393Z] [INFO] [IPC] get-productive-stats | {"dateFilter":null,"mode":"single"}
[2026-06-03T06:52:44.395Z] [INFO] [StatsService] called — dateFilter: null, mode: single
[2026-06-03T06:52:44.396Z] [INFO] [StatsService] productive apps: ["Photos.exe","Electron","SnippingTool.exe","WhatsApp.Root","Windows Shell Experience Host","SearchHost.exe","Visual Studio Code"]
[2026-06-03T06:52:44.398Z] [INFO] [StatsService] raw rows count: 8
[2026-06-03T06:52:44.399Z] [INFO] [StatsService] result — productive:189.95999999999998s distracting:1623.95s idle:701.34s score:10.5%
[2026-06-03T06:53:17.052Z] [INFO] [Health] 6 apps today | 3837 total records
[2026-06-03T06:54:17.066Z] [INFO] [Health] 6 apps today | 3837 total records
[2026-06-03T06:54:44.394Z] [INFO] [IPC] get-productive-stats | {"dateFilter":null,"mode":"single"}
[2026-06-03T06:54:44.395Z] [INFO] [StatsService] called — dateFilter: null, mode: single
[2026-06-03T06:54:44.397Z] [INFO] [StatsService] productive apps: ["Photos.exe","Electron","SnippingTool.exe","WhatsApp.Root","Windows Shell Experience Host","SearchHost.exe","Visual Studio Code"]
[2026-06-03T06:54:44.399Z] [INFO] [StatsService] raw rows count: 9
[2026-06-03T06:54:44.400Z] [INFO] [StatsService] result — productive:189.95999999999998s distracting:1746.87s idle:819.22s score:9.8%
[2026-06-03T06:55:17.084Z] [INFO] [Health] 6 apps today | 3845 total records
[2026-06-03T06:56:17.090Z] [INFO] [Health] 6 apps today | 3848 total records
[2026-06-03T06:56:44.380Z] [INFO] [IPC] get-productive-stats | {"dateFilter":null,"mode":"single"}
[2026-06-03T06:56:44.381Z] [INFO] [StatsService] called — dateFilter: null, mode: single
[2026-06-03T06:56:44.383Z] [INFO] [StatsService] productive apps: ["Photos.exe","Electron","SnippingTool.exe","WhatsApp.Root","Windows Shell Experience Host","SearchHost.exe","Visual Studio Code"]
[2026-06-03T06:56:44.385Z] [INFO] [StatsService] raw rows count: 9
[2026-06-03T06:56:44.386Z] [INFO] [StatsService] result — productive:190.98s distracting:1866.2000000000003s idle:819.22s score:9.3%
[2026-06-03T06:57:17.098Z] [INFO] [Health] 6 apps today | 3850 total records
[2026-06-03T06:58:17.104Z] [INFO] [Health] 6 apps today | 3851 total records
[2026-06-03T06:58:44.384Z] [INFO] [IPC] get-productive-stats | {"dateFilter":null,"mode":"single"}
[2026-06-03T06:58:44.386Z] [INFO] [StatsService] called — dateFilter: null, mode: single
[2026-06-03T06:58:44.387Z] [INFO] [StatsService] productive apps: ["Photos.exe","Electron","SnippingTool.exe","WhatsApp.Root","Windows Shell Experience Host","SearchHost.exe","Visual Studio Code"]
[2026-06-03T06:58:44.389Z] [INFO] [StatsService] raw rows count: 9
[2026-06-03T06:58:44.391Z] [INFO] [StatsService] result — productive:190.98s distracting:1925.88s idle:819.22s score:9.0%
[2026-06-03T06:59:17.114Z] [INFO] [Health] 6 apps today | 3851 total records
[2026-06-03T07:00:17.127Z] [INFO] [Health] 6 apps today | 3852 total records
[2026-06-03T07:00:44.382Z] [INFO] [IPC] get-productive-stats | {"dateFilter":null,"mode":"single"}
[2026-06-03T07:00:44.383Z] [INFO] [StatsService] called — dateFilter: null, mode: single
[2026-06-03T07:00:44.384Z] [INFO] [StatsService] productive apps: ["Photos.exe","Electron","SnippingTool.exe","WhatsApp.Root","Windows Shell Experience Host","SearchHost.exe","Visual Studio Code"]
[2026-06-03T07:00:44.386Z] [INFO] [StatsService] raw rows count: 9
[2026-06-03T07:00:44.387Z] [INFO] [StatsService] result — productive:190.98s distracting:2092.75s idle:926.49s score:8.4%
[2026-06-03T07:01:17.136Z] [INFO] [Health] 6 apps today | 3854 total records
[2026-06-03T07:02:17.153Z] [INFO] [Health] 6 apps today | 3855 total records
[2026-06-03T07:02:44.382Z] [INFO] [IPC] get-productive-stats | {"dateFilter":null,"mode":"single"}
[2026-06-03T07:02:44.384Z] [INFO] [StatsService] called — dateFilter: null, mode: single
[2026-06-03T07:02:44.385Z] [INFO] [StatsService] productive apps: ["Photos.exe","Electron","SnippingTool.exe","WhatsApp.Root","Windows Shell Experience Host","SearchHost.exe","Visual Studio Code"]
[2026-06-03T07:02:44.387Z] [INFO] [StatsService] raw rows count: 9
[2026-06-03T07:02:44.389Z] [INFO] [StatsService] result — productive:190.98s distracting:2213.1600000000003s idle:984.14s score:7.9%
[2026-06-03T07:03:17.160Z] [INFO] [Health] 6 apps today | 3856 total records
[2026-06-03T07:04:17.171Z] [INFO] [Health] 6 apps today | 3857 total records
[2026-06-03T07:04:44.390Z] [INFO] [IPC] get-productive-stats | {"dateFilter":null,"mode":"single"}
[2026-06-03T07:04:44.391Z] [INFO] [StatsService] called — dateFilter: null, mode: single
[2026-06-03T07:04:44.393Z] [INFO] [StatsService] productive apps: ["Photos.exe","Electron","SnippingTool.exe","WhatsApp.Root","Windows Shell Experience Host","SearchHost.exe","Visual Studio Code"]
[2026-06-03T07:04:44.395Z] [INFO] [StatsService] raw rows count: 9
[2026-06-03T07:04:44.397Z] [INFO] [StatsService] result — productive:190.98s distracting:2277.8400000000006s idle:984.14s score:7.7%
[2026-06-03T07:05:17.183Z] [INFO] [Health] 6 apps today | 3857 total records
[2026-06-03T07:06:17.196Z] [INFO] [Health] 6 apps today | 3858 total records
[2026-06-03T07:06:44.393Z] [INFO] [IPC] get-productive-stats | {"dateFilter":null,"mode":"single"}
[2026-06-03T07:06:44.395Z] [INFO] [StatsService] called — dateFilter: null, mode: single
[2026-06-03T07:06:44.396Z] [INFO] [StatsService] productive apps: ["Photos.exe","Electron","SnippingTool.exe","WhatsApp.Root","Windows Shell Experience Host","SearchHost.exe","Visual Studio Code"]
[2026-06-03T07:06:44.397Z] [INFO] [StatsService] raw rows count: 9
[2026-06-03T07:06:44.399Z] [INFO] [StatsService] result — productive:190.98s distracting:2444.6300000000006s idle:1090.29s score:7.2%
[2026-06-03T07:07:17.211Z] [INFO] [Health] 6 apps today | 3859 total records
[2026-06-03T07:08:17.219Z] [INFO] [Health] 6 apps today | 3863 total records
[2026-06-03T07:08:30.392Z] [INFO] [IPC] get-productive-stats | {"dateFilter":null,"mode":"single"}
[2026-06-03T07:08:30.394Z] [INFO] [StatsService] called — dateFilter: null, mode: single
[2026-06-03T07:08:30.395Z] [INFO] [StatsService] productive apps: ["Photos.exe","Electron","SnippingTool.exe","WhatsApp.Root","Windows Shell Experience Host","SearchHost.exe","Visual Studio Code"]
[2026-06-03T07:08:30.397Z] [INFO] [StatsService] raw rows count: 9
[2026-06-03T07:08:30.398Z] [INFO] [StatsService] result — productive:194.01s distracting:2551.870000000001s idle:1191.4900000000002s score:7.1%
[2026-06-03T07:09:17.220Z] [INFO] [Health] 6 apps today | 3863 total records
[2026-06-03T07:10:17.228Z] [INFO] [Health] 6 apps today | 3864 total records
[2026-06-03T07:10:44.393Z] [INFO] [IPC] get-productive-stats | {"dateFilter":null,"mode":"single"}
[2026-06-03T07:10:44.396Z] [INFO] [StatsService] called — dateFilter: null, mode: single
[2026-06-03T07:10:44.398Z] [INFO] [StatsService] productive apps: ["Photos.exe","Electron","SnippingTool.exe","WhatsApp.Root","Windows Shell Experience Host","SearchHost.exe","Visual Studio Code"]
[2026-06-03T07:10:44.399Z] [INFO] [StatsService] raw rows count: 9
[2026-06-03T07:10:44.401Z] [INFO] [StatsService] result — productive:194.01s distracting:2621.6100000000006s idle:1191.4900000000002s score:6.9%
[2026-06-03T07:11:17.235Z] [INFO] [Health] 6 apps today | 3864 total records
[2026-06-03T07:25:08.860Z] [INFO] [Health] 6 apps today | 3864 total records
[2026-06-03T07:25:24.573Z] [INFO] [IPC] get-productive-stats | {"dateFilter":null,"mode":"single"}
[2026-06-03T07:25:24.575Z] [INFO] [StatsService] called — dateFilter: null, mode: single
[2026-06-03T07:25:24.576Z] [INFO] [StatsService] productive apps: ["Photos.exe","Electron","SnippingTool.exe","WhatsApp.Root","Windows Shell Experience Host","SearchHost.exe","Visual Studio Code"]
[2026-06-03T07:25:24.578Z] [INFO] [StatsService] raw rows count: 9
[2026-06-03T07:25:24.580Z] [INFO] [StatsService] result — productive:194.01s distracting:3579.3s idle:2144.14s score:5.1%
[2026-06-03T07:26:02.660Z] [INFO] [IPC] get-productive-stats | {"dateFilter":null,"mode":"single"}
[2026-06-03T07:26:02.661Z] [INFO] [StatsService] called — dateFilter: null, mode: single
[2026-06-03T07:26:02.664Z] [INFO] [StatsService] productive apps: ["Photos.exe","Electron","SnippingTool.exe","WhatsApp.Root","Windows Shell Experience Host","SearchHost.exe","Visual Studio Code"]
[2026-06-03T07:26:02.666Z] [INFO] [StatsService] raw rows count: 11
[2026-06-03T07:26:02.667Z] [INFO] [StatsService] result — productive:219.22s distracting:3588.3700000000003s idle:2144.14s score:5.8%
[2026-06-03T07:26:08.861Z] [INFO] [Health] 8 apps today | 3873 total records
[2026-06-03T07:27:08.866Z] [INFO] [Health] 8 apps today | 3877 total records
[2026-06-03T07:28:08.880Z] [INFO] [Health] 8 apps today | 3880 total records
[2026-06-03T07:29:08.893Z] [INFO] [Health] 8 apps today | 3886 total records
[2026-06-03T07:30:08.898Z] [INFO] [Health] 9 apps today | 3901 total records
[2026-06-03T07:30:59.423Z] [INFO] [IPC] get-productive-stats | {"dateFilter":null,"mode":"single"}
[2026-06-03T07:30:59.424Z] [INFO] [StatsService] called — dateFilter: null, mode: single
[2026-06-03T07:30:59.425Z] [INFO] [StatsService] productive apps: ["Photos.exe","Electron","SnippingTool.exe","WhatsApp.Root","Windows Shell Experience Host","SearchHost.exe","Visual Studio Code"]
[2026-06-03T07:30:59.426Z] [INFO] [StatsService] raw rows count: 12
[2026-06-03T07:30:59.427Z] [INFO] [StatsService] result — productive:250.54000000000002s distracting:3855.02s idle:2144.14s score:6.1%
[2026-06-03T07:31:08.905Z] [INFO] [Health] 9 apps today | 3904 total records
[2026-06-03T07:31:50.040Z] [INFO] [Main] All windows closed
[2026-06-03T08:52:52.341Z] [INFO] [Main] All IPC handlers registered
[2026-06-03T08:52:52.344Z] [INFO] [Main] Creating window | preload exists: true
[2026-06-03T08:52:52.537Z] [INFO] [Main] Startup sync — 7 productive, 24 distracting
[2026-06-03T08:53:01.395Z] [INFO] [IPC] get-productive-stats | {"dateFilter":null,"mode":"single"}
[2026-06-03T08:53:01.396Z] [INFO] [StatsService] called — dateFilter: null, mode: single
[2026-06-03T08:53:01.398Z] [INFO] [StatsService] productive apps: ["Photos.exe","Electron","SnippingTool.exe","WhatsApp.Root","Windows Shell Experience Host","SearchHost.exe","Visual Studio Code"]
[2026-06-03T08:53:01.401Z] [INFO] [StatsService] raw rows count: 12
[2026-06-03T08:53:01.402Z] [INFO] [StatsService] result — productive:263.64s distracting:3901.5s idle:2144.14s score:6.3%
[2026-06-03T08:53:52.550Z] [INFO] [Health] 9 apps today | 3909 total records
[2026-06-03T08:54:52.553Z] [INFO] [Health] 9 apps today | 3913 total records
[2026-06-03T08:55:01.407Z] [INFO] [IPC] get-productive-stats | {"dateFilter":null,"mode":"single"}
[2026-06-03T08:55:01.407Z] [INFO] [StatsService] called — dateFilter: null, mode: single
[2026-06-03T08:55:01.408Z] [INFO] [StatsService] productive apps: ["Photos.exe","Electron","SnippingTool.exe","WhatsApp.Root","Windows Shell Experience Host","SearchHost.exe","Visual Studio Code"]
[2026-06-03T08:55:01.412Z] [INFO] [StatsService] raw rows count: 12
[2026-06-03T08:55:01.413Z] [INFO] [StatsService] result — productive:266.67s distracting:4017.71s idle:2144.14s score:6.2%
[2026-06-03T08:55:45.654Z] [INFO] [IPC] get-productive-stats | {"dateFilter":null,"mode":"single"}
[2026-06-03T08:55:45.655Z] [INFO] [StatsService] called — dateFilter: null, mode: single
[2026-06-03T08:55:45.655Z] [INFO] [StatsService] productive apps: ["Photos.exe","Electron","SnippingTool.exe","WhatsApp.Root","Windows Shell Experience Host","SearchHost.exe","Visual Studio Code"]
[2026-06-03T08:55:45.656Z] [INFO] [StatsService] raw rows count: 12
[2026-06-03T08:55:45.656Z] [INFO] [StatsService] result — productive:272.73s distracting:4058.11s idle:2144.14s score:6.3%
[2026-06-03T08:55:52.554Z] [INFO] [Health] 9 apps today | 3918 total records
[2026-06-03T08:56:39.755Z] [INFO] [IPC] get-productive-stats | {"dateFilter":"2026-06-03","mode":"single"}
[2026-06-03T08:56:39.756Z] [INFO] [StatsService] called — dateFilter: 2026-06-03, mode: single
[2026-06-03T08:56:39.756Z] [INFO] [StatsService] productive apps: ["Photos.exe","Electron","SnippingTool.exe","WhatsApp.Root","Windows Shell Experience Host","SearchHost.exe","Visual Studio Code"]
[2026-06-03T08:56:39.757Z] [INFO] [StatsService] raw rows count: 12
[2026-06-03T08:56:39.757Z] [INFO] [StatsService] result — productive:272.73s distracting:4058.11s idle:2144.14s score:6.3%
[2026-06-03T08:56:52.564Z] [INFO] [Health] 9 apps today | 3918 total records
[2026-06-03T08:57:10.048Z] [INFO] [IPC] get-productive-stats | {"dateFilter":null,"mode":"single"}
[2026-06-03T08:57:10.049Z] [INFO] [StatsService] called — dateFilter: null, mode: single
[2026-06-03T08:57:10.050Z] [INFO] [StatsService] productive apps: ["Photos.exe","Electron","SnippingTool.exe","WhatsApp.Root","Windows Shell Experience Host","SearchHost.exe","Visual Studio Code"]
[2026-06-03T08:57:10.050Z] [INFO] [StatsService] raw rows count: 12
[2026-06-03T08:57:10.051Z] [INFO] [StatsService] result — productive:272.73s distracting:4058.11s idle:2144.14s score:6.3%
[2026-06-03T08:57:43.675Z] [INFO] [IPC] get-productive-stats | {"dateFilter":null,"mode":"single"}
[2026-06-03T08:57:43.676Z] [INFO] [StatsService] called — dateFilter: null, mode: single
[2026-06-03T08:57:43.676Z] [INFO] [StatsService] productive apps: ["Photos.exe","Electron","SnippingTool.exe","WhatsApp.Root","Windows Shell Experience Host","SearchHost.exe","Visual Studio Code"]
[2026-06-03T08:57:43.678Z] [INFO] [StatsService] raw rows count: 12
[2026-06-03T08:57:43.678Z] [INFO] [StatsService] result — productive:368.66999999999996s distracting:4066.18s idle:2144.14s score:8.3%
[2026-06-03T08:57:52.571Z] [INFO] [Health] 9 apps today | 3922 total records
[2026-06-03T08:58:52.583Z] [INFO] [Health] 9 apps today | 3923 total records
[2026-06-03T08:59:29.043Z] [INFO] [Main] All IPC handlers registered
[2026-06-03T08:59:29.045Z] [INFO] [Main] Creating window | preload exists: true
[2026-06-03T08:59:29.190Z] [INFO] [Main] Startup sync — 7 productive, 24 distracting
[2026-06-03T08:59:32.087Z] [INFO] [IPC] get-productive-stats | {"dateFilter":null,"mode":"single"}
[2026-06-03T08:59:32.089Z] [INFO] [StatsService] called — dateFilter: null, mode: single
[2026-06-03T08:59:32.091Z] [INFO] [StatsService] productive apps: ["Photos.exe","Electron","SnippingTool.exe","WhatsApp.Root","Windows Shell Experience Host","SearchHost.exe","Visual Studio Code"]
[2026-06-03T08:59:32.093Z] [INFO] [StatsService] raw rows count: 12
[2026-06-03T08:59:32.095Z] [INFO] [StatsService] result — productive:379.78s distracting:4155.179999999999s idle:2144.14s score:8.4%
[2026-06-03T09:00:39.365Z] [INFO] [Main] All IPC handlers registered
[2026-06-03T09:00:39.367Z] [INFO] [Main] Creating window | preload exists: true
[2026-06-03T09:00:42.331Z] [INFO] [IPC] get-productive-stats | {"dateFilter":null,"mode":"single"}
[2026-06-03T09:00:42.333Z] [INFO] [StatsService] called — dateFilter: null, mode: single
[2026-06-03T09:00:42.334Z] [INFO] [StatsService] productive apps: []
[2026-06-03T09:00:42.336Z] [INFO] [StatsService] raw rows count: 0
[2026-06-03T09:00:42.337Z] [INFO] [StatsService] result — productive:0s distracting:0s idle:0s score:0.0%
[2026-06-03T09:01:38.411Z] [INFO] [IPC] get-productive-stats | {"dateFilter":null,"mode":"single"}
[2026-06-03T09:01:38.412Z] [INFO] [StatsService] called — dateFilter: null, mode: single
[2026-06-03T09:01:38.412Z] [INFO] [StatsService] productive apps: []
[2026-06-03T09:01:38.418Z] [INFO] [StatsService] raw rows count: 4
[2026-06-03T09:01:38.419Z] [INFO] [StatsService] result — productive:0s distracting:54.35s idle:0s score:0.0%
[2026-06-03T09:01:39.515Z] [INFO] [Health] 5 apps today | 13 total records
[2026-06-03T09:01:47.307Z] [INFO] [IPC] get-productive-stats | {"dateFilter":null,"mode":"single"}
[2026-06-03T09:01:47.308Z] [INFO] [StatsService] called — dateFilter: null, mode: single
[2026-06-03T09:01:47.309Z] [INFO] [StatsService] productive apps: []
[2026-06-03T09:01:47.310Z] [INFO] [StatsService] raw rows count: 5
[2026-06-03T09:01:47.311Z] [INFO] [StatsService] result — productive:0s distracting:58.4s idle:0s score:0.0%
[2026-06-03T09:02:39.525Z] [INFO] [Health] 5 apps today | 15 total records
[2026-06-03T09:02:40.293Z] [INFO] [IPC] get-productive-stats | {"dateFilter":null,"mode":"single"}
[2026-06-03T09:02:40.294Z] [INFO] [StatsService] called — dateFilter: null, mode: single
[2026-06-03T09:02:40.295Z] [INFO] [StatsService] productive apps: []
[2026-06-03T09:02:40.295Z] [INFO] [StatsService] raw rows count: 5
[2026-06-03T09:02:40.296Z] [INFO] [StatsService] result — productive:0s distracting:97.82s idle:0s score:0.0%
[2026-06-03T09:03:16.191Z] [INFO] [IPC] get-productive-stats | {"dateFilter":"2026-06-03","mode":"single"}
[2026-06-03T09:03:16.192Z] [INFO] [StatsService] called — dateFilter: 2026-06-03, mode: single
[2026-06-03T09:03:16.192Z] [INFO] [StatsService] productive apps: []
[2026-06-03T09:03:16.193Z] [INFO] [StatsService] raw rows count: 5
[2026-06-03T09:03:16.194Z] [INFO] [StatsService] result — productive:0s distracting:140.25s idle:0s score:0.0%
[2026-06-03T09:03:39.517Z] [INFO] [IPC] get-productive-stats | {"dateFilter":null,"mode":"single"}
[2026-06-03T09:03:39.517Z] [INFO] [StatsService] called — dateFilter: null, mode: single
[2026-06-03T09:03:39.518Z] [INFO] [StatsService] productive apps: []
[2026-06-03T09:03:39.519Z] [INFO] [StatsService] raw rows count: 5
[2026-06-03T09:03:39.519Z] [INFO] [StatsService] result — productive:0s distracting:140.25s idle:0s score:0.0%
[2026-06-03T09:03:39.527Z] [INFO] [Health] 5 apps today | 19 total records
[2026-06-03T09:04:10.971Z] [INFO] [IPC] get-productive-stats | {"dateFilter":null,"mode":"single"}
[2026-06-03T09:04:10.972Z] [INFO] [StatsService] called — dateFilter: null, mode: single
[2026-06-03T09:04:10.973Z] [INFO] [StatsService] productive apps: []
[2026-06-03T09:04:10.973Z] [INFO] [StatsService] raw rows count: 5
[2026-06-03T09:04:10.974Z] [INFO] [StatsService] result — productive:0s distracting:140.25s idle:0s score:0.0%
[2026-06-03T09:04:39.528Z] [INFO] [Health] 5 apps today | 19 total records
[2026-06-03T09:05:39.537Z] [INFO] [Health] 5 apps today | 20 total records
[2026-06-03T09:06:10.987Z] [INFO] [IPC] get-productive-stats | {"dateFilter":null,"mode":"single"}
[2026-06-03T09:06:10.988Z] [INFO] [StatsService] called — dateFilter: null, mode: single
[2026-06-03T09:06:10.988Z] [INFO] [StatsService] productive apps: []
[2026-06-03T09:06:10.989Z] [INFO] [StatsService] raw rows count: 6
[2026-06-03T09:06:10.990Z] [INFO] [StatsService] result — productive:0s distracting:308.02s idle:36.38s score:0.0%
[2026-06-03T09:06:39.540Z] [INFO] [Health] 5 apps today | 23 total records
[2026-06-03T09:07:39.545Z] [INFO] [Health] 5 apps today | 23 total records
[2026-06-03T09:08:11.391Z] [INFO] [IPC] get-productive-stats | {"dateFilter":null,"mode":"single"}
[2026-06-03T09:08:11.392Z] [INFO] [StatsService] called — dateFilter: null, mode: single
[2026-06-03T09:08:11.393Z] [INFO] [StatsService] productive apps: []
[2026-06-03T09:08:11.394Z] [INFO] [StatsService] raw rows count: 7
[2026-06-03T09:08:11.395Z] [INFO] [StatsService] result — productive:0s distracting:420.15s idle:36.38s score:0.0%
[2026-06-03T09:08:39.547Z] [INFO] [Health] 6 apps today | 26 total records
[2026-06-03T09:09:39.551Z] [INFO] [Health] 6 apps today | 27 total records
[2026-06-03T09:10:11.383Z] [INFO] [IPC] get-productive-stats | {"dateFilter":null,"mode":"single"}
[2026-06-03T09:10:11.385Z] [INFO] [StatsService] called — dateFilter: null, mode: single
[2026-06-03T09:10:11.386Z] [INFO] [StatsService] productive apps: []
[2026-06-03T09:10:11.388Z] [INFO] [StatsService] raw rows count: 8
[2026-06-03T09:10:11.389Z] [INFO] [StatsService] result — productive:0s distracting:516.16s idle:68.73s score:0.0%
[2026-06-03T09:10:39.561Z] [INFO] [Health] 6 apps today | 29 total records
[2026-06-03T09:11:39.576Z] [INFO] [Health] 6 apps today | 30 total records
[2026-06-03T09:12:11.391Z] [INFO] [IPC] get-productive-stats | {"dateFilter":null,"mode":"single"}
[2026-06-03T09:12:11.392Z] [INFO] [StatsService] called — dateFilter: null, mode: single
[2026-06-03T09:12:11.393Z] [INFO] [StatsService] productive apps: []
[2026-06-03T09:12:11.395Z] [INFO] [StatsService] raw rows count: 9
[2026-06-03T09:12:11.396Z] [INFO] [StatsService] result — productive:0s distracting:658.71s idle:128.33s score:0.0%
[2026-06-03T09:12:39.582Z] [INFO] [Health] 6 apps today | 30 total records
[2026-06-03T09:13:39.582Z] [INFO] [Health] 6 apps today | 30 total records
[2026-06-03T09:22:10.400Z] [INFO] [Health] 6 apps today | 30 total records
[2026-06-03T09:22:15.223Z] [INFO] [IPC] get-productive-stats | {"dateFilter":null,"mode":"single"}
[2026-06-03T09:22:15.224Z] [INFO] [StatsService] called — dateFilter: null, mode: single
[2026-06-03T09:22:15.225Z] [INFO] [StatsService] productive apps: []
[2026-06-03T09:22:15.226Z] [INFO] [StatsService] raw rows count: 9
[2026-06-03T09:22:15.227Z] [INFO] [StatsService] result — productive:0s distracting:1291.7599999999998s idle:761.38s score:0.0%
[2026-06-03T09:22:21.121Z] [INFO] [IPC] get-productive-stats | {"dateFilter":null,"mode":"single"}
[2026-06-03T09:22:21.123Z] [INFO] [StatsService] called — dateFilter: null, mode: single
[2026-06-03T09:22:21.124Z] [INFO] [StatsService] productive apps: []
[2026-06-03T09:22:21.125Z] [INFO] [StatsService] raw rows count: 10
[2026-06-03T09:22:21.126Z] [INFO] [StatsService] result — productive:0s distracting:1296.6399999999999s idle:761.38s score:0.0%
[2026-06-03T09:23:10.400Z] [INFO] [Health] 7 apps today | 32 total records
[2026-06-03T09:24:10.408Z] [INFO] [Health] 7 apps today | 33 total records
[2026-06-03T09:24:21.386Z] [INFO] [IPC] get-productive-stats | {"dateFilter":null,"mode":"single"}
[2026-06-03T09:24:21.388Z] [INFO] [StatsService] called — dateFilter: null, mode: single
[2026-06-03T09:24:21.389Z] [INFO] [StatsService] productive apps: []
[2026-06-03T09:24:21.390Z] [INFO] [StatsService] raw rows count: 10
[2026-06-03T09:24:21.391Z] [INFO] [StatsService] result — productive:0s distracting:1388.6699999999998s idle:761.38s score:0.0%
[2026-06-03T10:07:01.142Z] [INFO] [Main] All IPC handlers registered
[2026-06-03T10:07:01.144Z] [INFO] [Main] Creating window | preload exists: true
[2026-06-03T10:07:04.073Z] [INFO] [IPC] get-productive-stats | {"dateFilter":null,"mode":"single"}
[2026-06-03T10:07:04.075Z] [INFO] [StatsService] called — dateFilter: null, mode: single
[2026-06-03T10:07:04.077Z] [INFO] [StatsService] productive apps: []
[2026-06-03T10:07:04.079Z] [INFO] [StatsService] raw rows count: 10
[2026-06-03T10:07:04.080Z] [INFO] [StatsService] result — productive:0s distracting:1388.6699999999998s idle:761.38s score:0.0%
[2026-06-03T10:08:01.306Z] [INFO] [Health] 7 apps today | 44 total records
[2026-06-03T10:09:01.314Z] [INFO] [Health] 7 apps today | 48 total records
[2026-06-03T10:09:04.399Z] [INFO] [IPC] get-productive-stats | {"dateFilter":null,"mode":"single"}
[2026-06-03T10:09:04.400Z] [INFO] [StatsService] called — dateFilter: null, mode: single
[2026-06-03T10:09:04.402Z] [INFO] [StatsService] productive apps: []
[2026-06-03T10:09:04.404Z] [INFO] [StatsService] raw rows count: 10
[2026-06-03T10:09:04.406Z] [INFO] [StatsService] result — productive:0s distracting:1463.35s idle:761.38s score:0.0%
[2026-06-03T10:10:01.326Z] [INFO] [Health] 7 apps today | 59 total records
[2026-06-03T10:11:01.332Z] [INFO] [Health] 7 apps today | 66 total records
[2026-06-03T10:11:04.380Z] [INFO] [IPC] get-productive-stats | {"dateFilter":null,"mode":"single"}
[2026-06-03T10:11:04.382Z] [INFO] [StatsService] called — dateFilter: null, mode: single
[2026-06-03T10:11:04.384Z] [INFO] [StatsService] productive apps: []
[2026-06-03T10:11:04.387Z] [INFO] [StatsService] raw rows count: 10
[2026-06-03T10:11:04.389Z] [INFO] [StatsService] result — productive:0s distracting:1630.07s idle:761.38s score:0.0%
[2026-06-03T10:12:01.334Z] [INFO] [Health] 8 apps today | 71 total records
[2026-06-03T10:13:01.342Z] [INFO] [Health] 8 apps today | 72 total records
[2026-06-03T10:13:04.392Z] [INFO] [IPC] get-productive-stats | {"dateFilter":null,"mode":"single"}
[2026-06-03T10:13:04.394Z] [INFO] [StatsService] called — dateFilter: null, mode: single
[2026-06-03T10:13:04.396Z] [INFO] [StatsService] productive apps: []
[2026-06-03T10:13:04.398Z] [INFO] [StatsService] raw rows count: 11
[2026-06-03T10:13:04.400Z] [INFO] [StatsService] result — productive:0s distracting:1740.22s idle:761.38s score:0.0%
[2026-06-03T10:14:01.345Z] [INFO] [Health] 8 apps today | 72 total records
[2026-06-03T10:15:01.347Z] [INFO] [Health] 8 apps today | 72 total records
[2026-06-03T10:15:04.393Z] [INFO] [IPC] get-productive-stats | {"dateFilter":null,"mode":"single"}
[2026-06-03T10:15:04.394Z] [INFO] [StatsService] called — dateFilter: null, mode: single
[2026-06-03T10:15:04.395Z] [INFO] [StatsService] productive apps: []
[2026-06-03T10:15:04.397Z] [INFO] [StatsService] raw rows count: 11
[2026-06-03T10:15:04.398Z] [INFO] [StatsService] result — productive:0s distracting:1740.22s idle:761.38s score:0.0%
[2026-06-03T10:16:01.353Z] [INFO] [Health] 8 apps today | 73 total records
[2026-06-03T10:17:01.356Z] [INFO] [Health] 8 apps today | 75 total records
[2026-06-03T10:17:04.388Z] [INFO] [IPC] get-productive-stats | {"dateFilter":null,"mode":"single"}
[2026-06-03T10:17:04.390Z] [INFO] [StatsService] called — dateFilter: null, mode: single
[2026-06-03T10:17:04.392Z] [INFO] [StatsService] productive apps: []
[2026-06-03T10:17:04.394Z] [INFO] [StatsService] raw rows count: 12
[2026-06-03T10:17:04.395Z] [INFO] [StatsService] result — productive:0s distracting:1969.7099999999998s idle:917.05s score:0.0%
[2026-06-03T10:18:01.371Z] [INFO] [Health] 8 apps today | 76 total records
[2026-06-03T10:19:01.379Z] [INFO] [Health] 10 apps today | 82 total records
[2026-06-03T10:19:04.387Z] [INFO] [IPC] get-productive-stats | {"dateFilter":null,"mode":"single"}
[2026-06-03T10:19:04.388Z] [INFO] [StatsService] called — dateFilter: null, mode: single
[2026-06-03T10:19:04.390Z] [INFO] [StatsService] productive apps: []
[2026-06-03T10:19:04.392Z] [INFO] [StatsService] raw rows count: 14
[2026-06-03T10:19:04.393Z] [INFO] [StatsService] result — productive:0s distracting:2066.6899999999996s idle:936.24s score:0.0%
[2026-06-03T10:20:01.386Z] [INFO] [Health] 10 apps today | 83 total records
[2026-06-03T10:21:01.400Z] [INFO] [Health] 10 apps today | 83 total records
[2026-06-03T10:21:44.394Z] [INFO] [IPC] get-productive-stats | {"dateFilter":null,"mode":"single"}
[2026-06-03T10:21:44.395Z] [INFO] [StatsService] called — dateFilter: null, mode: single
[2026-06-03T10:21:44.396Z] [INFO] [StatsService] productive apps: []
[2026-06-03T10:21:44.398Z] [INFO] [StatsService] raw rows count: 14
[2026-06-03T10:21:44.400Z] [INFO] [StatsService] result — productive:0s distracting:2147.5799999999995s idle:936.24s score:0.0%
[2026-06-03T10:22:01.410Z] [INFO] [Health] 10 apps today | 83 total records
[2026-06-03T10:23:01.417Z] [INFO] [Health] 10 apps today | 83 total records
[2026-06-03T10:23:44.386Z] [INFO] [IPC] get-productive-stats | {"dateFilter":null,"mode":"single"}
[2026-06-03T10:23:44.387Z] [INFO] [StatsService] called — dateFilter: null, mode: single
[2026-06-03T10:23:44.388Z] [INFO] [StatsService] productive apps: []
[2026-06-03T10:23:44.390Z] [INFO] [StatsService] raw rows count: 14
[2026-06-03T10:23:44.391Z] [INFO] [StatsService] result — productive:0s distracting:2147.5799999999995s idle:936.24s score:0.0%
[2026-06-03T10:24:01.419Z] [INFO] [Health] 10 apps today | 83 total records
[2026-06-03T10:25:01.421Z] [INFO] [Health] 10 apps today | 84 total records
[2026-06-03T10:25:44.395Z] [INFO] [IPC] get-productive-stats | {"dateFilter":null,"mode":"single"}
[2026-06-03T10:25:44.396Z] [INFO] [StatsService] called — dateFilter: null, mode: single
[2026-06-03T10:25:44.398Z] [INFO] [StatsService] productive apps: []
[2026-06-03T10:25:44.400Z] [INFO] [StatsService] raw rows count: 14
[2026-06-03T10:25:44.403Z] [INFO] [StatsService] result — productive:0s distracting:2450.83s idle:1239.49s score:0.0%
[2026-06-03T10:26:01.425Z] [INFO] [Health] 10 apps today | 85 total records
[2026-06-03T10:27:01.434Z] [INFO] [Health] 10 apps today | 88 total records
[2026-06-03T10:27:44.385Z] [INFO] [IPC] get-productive-stats | {"dateFilter":null,"mode":"single"}
[2026-06-03T10:27:44.387Z] [INFO] [StatsService] called — dateFilter: null, mode: single
[2026-06-03T10:27:44.389Z] [INFO] [StatsService] productive apps: []
[2026-06-03T10:27:44.391Z] [INFO] [StatsService] raw rows count: 14
[2026-06-03T10:27:44.393Z] [INFO] [StatsService] result — productive:0s distracting:2585.33s idle:1241.51s score:0.0%
[2026-06-03T10:28:01.438Z] [INFO] [Health] 10 apps today | 88 total records
[2026-06-03T10:29:01.445Z] [INFO] [Health] 10 apps today | 90 total records
[2026-06-03T10:29:44.395Z] [INFO] [IPC] get-productive-stats | {"dateFilter":null,"mode":"single"}
[2026-06-03T10:29:44.397Z] [INFO] [StatsService] called — dateFilter: null, mode: single
[2026-06-03T10:29:44.399Z] [INFO] [StatsService] productive apps: []
[2026-06-03T10:29:44.402Z] [INFO] [StatsService] raw rows count: 14
[2026-06-03T10:29:44.404Z] [INFO] [StatsService] result — productive:0s distracting:2682.3599999999997s idle:1269.78s score:0.0%
[2026-06-03T10:30:01.449Z] [INFO] [Health] 10 apps today | 90 total records
[2026-06-03T10:31:01.464Z] [INFO] [Health] 10 apps today | 91 total records
[2026-06-03T10:31:44.384Z] [INFO] [IPC] get-productive-stats | {"dateFilter":null,"mode":"single"}
[2026-06-03T10:31:44.386Z] [INFO] [StatsService] called — dateFilter: null, mode: single
[2026-06-03T10:31:44.387Z] [INFO] [StatsService] productive apps: []
[2026-06-03T10:31:44.389Z] [INFO] [StatsService] raw rows count: 14
[2026-06-03T10:31:44.390Z] [INFO] [StatsService] result — productive:0s distracting:2815.81s idle:1269.78s score:0.0%
[2026-06-03T10:32:01.472Z] [INFO] [Health] 10 apps today | 91 total records
[2026-06-03T10:33:01.475Z] [INFO] [Health] 11 apps today | 99 total records
[2026-06-03T10:33:44.381Z] [INFO] [IPC] get-productive-stats | {"dateFilter":null,"mode":"single"}
[2026-06-03T10:33:44.383Z] [INFO] [StatsService] called — dateFilter: null, mode: single
[2026-06-03T10:33:44.384Z] [INFO] [StatsService] productive apps: []
[2026-06-03T10:33:44.387Z] [INFO] [StatsService] raw rows count: 15
[2026-06-03T10:33:44.388Z] [INFO] [StatsService] result — productive:0s distracting:2934.02s idle:1269.78s score:0.0%
[2026-06-03T10:34:01.480Z] [INFO] [Health] 11 apps today | 99 total records
[2026-06-03T10:35:01.490Z] [INFO] [Health] 11 apps today | 99 total records
[2026-06-03T10:35:44.389Z] [INFO] [IPC] get-productive-stats | {"dateFilter":null,"mode":"single"}
[2026-06-03T10:35:44.391Z] [INFO] [StatsService] called — dateFilter: null, mode: single
[2026-06-03T10:35:44.394Z] [INFO] [StatsService] productive apps: []
[2026-06-03T10:35:44.396Z] [INFO] [StatsService] raw rows count: 15
[2026-06-03T10:35:44.398Z] [INFO] [StatsService] result — productive:0s distracting:3078.5300000000007s idle:1269.78s score:0.0%
[2026-06-03T10:36:01.504Z] [INFO] [Health] 11 apps today | 100 total records
[2026-06-03T10:37:01.506Z] [INFO] [Health] 11 apps today | 100 total records
[2026-06-03T10:37:44.391Z] [INFO] [IPC] get-productive-stats | {"dateFilter":null,"mode":"single"}
[2026-06-03T10:37:44.392Z] [INFO] [StatsService] called — dateFilter: null, mode: single
[2026-06-03T10:37:44.394Z] [INFO] [StatsService] productive apps: []
[2026-06-03T10:37:44.397Z] [INFO] [StatsService] raw rows count: 15
[2026-06-03T10:37:44.398Z] [INFO] [StatsService] result — productive:0s distracting:3214.9800000000005s idle:1406.23s score:0.0%
[2026-06-03T10:38:01.509Z] [INFO] [Health] 11 apps today | 101 total records
[2026-06-03T10:39:01.515Z] [INFO] [Health] 11 apps today | 102 total records
[2026-06-03T10:39:44.385Z] [INFO] [IPC] get-productive-stats | {"dateFilter":null,"mode":"single"}
[2026-06-03T10:39:44.387Z] [INFO] [StatsService] called — dateFilter: null, mode: single
[2026-06-03T10:39:44.389Z] [INFO] [StatsService] productive apps: []
[2026-06-03T10:39:44.390Z] [INFO] [StatsService] raw rows count: 15
[2026-06-03T10:39:44.392Z] [INFO] [StatsService] result — productive:0s distracting:3305.0000000000005s idle:1406.23s score:0.0%
[2026-06-03T10:40:01.530Z] [INFO] [Health] 11 apps today | 102 total records
[2026-06-03T10:41:01.535Z] [INFO] [Health] 11 apps today | 102 total records
[2026-06-03T11:13:42.827Z] [INFO] [Health] 11 apps today | 102 total records
[2026-06-03T11:13:47.972Z] [INFO] [IPC] get-productive-stats | {"dateFilter":null,"mode":"single"}
[2026-06-03T11:13:47.973Z] [INFO] [StatsService] called — dateFilter: null, mode: single
[2026-06-03T11:13:47.974Z] [INFO] [StatsService] productive apps: []
[2026-06-03T11:13:47.976Z] [INFO] [StatsService] raw rows count: 15
[2026-06-03T11:13:47.977Z] [INFO] [StatsService] result — productive:0s distracting:3305.0000000000005s idle:1406.23s score:0.0%
[2026-06-03T11:13:54.802Z] [INFO] [IPC] get-productive-stats | {"dateFilter":null,"mode":"single"}
[2026-06-03T11:13:54.804Z] [INFO] [StatsService] called — dateFilter: null, mode: single
[2026-06-03T11:13:54.806Z] [INFO] [StatsService] productive apps: []
[2026-06-03T11:13:54.808Z] [INFO] [StatsService] raw rows count: 15
[2026-06-03T11:13:54.809Z] [INFO] [StatsService] result — productive:0s distracting:3305.0000000000005s idle:1406.23s score:0.0%
[2026-06-03T11:14:42.837Z] [INFO] [Health] 11 apps today | 102 total records
[2026-06-03T11:15:42.847Z] [INFO] [Health] 11 apps today | 102 total records
[2026-06-03T11:15:55.382Z] [INFO] [IPC] get-productive-stats | {"dateFilter":null,"mode":"single"}
[2026-06-03T11:15:55.383Z] [INFO] [StatsService] called — dateFilter: null, mode: single
[2026-06-03T11:15:55.385Z] [INFO] [StatsService] productive apps: []
[2026-06-03T11:15:55.387Z] [INFO] [StatsService] raw rows count: 15
[2026-06-03T11:15:55.388Z] [INFO] [StatsService] result — productive:0s distracting:3305.0000000000005s idle:1406.23s score:0.0%
[2026-06-10T19:20:22.474Z] [INFO] [Main] All IPC handlers registered
[2026-06-10T19:20:22.478Z] [INFO] [Main] Creating window | preload exists: true
[2026-06-10T19:20:30.734Z] [INFO] [IPC] get-productive-stats | {"dateFilter":null,"mode":"single"}
[2026-06-10T19:20:30.735Z] [INFO] [StatsService] called — dateFilter: null, mode: single
[2026-06-10T19:20:30.737Z] [INFO] [StatsService] productive apps: []
[2026-06-10T19:20:30.739Z] [INFO] [StatsService] raw rows count: 0
[2026-06-10T19:20:30.740Z] [INFO] [StatsService] result — productive:0s distracting:0s idle:0s score:0.0%
[2026-06-10T19:20:34.289Z] [INFO] [IPC] get-productive-stats | {"dateFilter":null,"mode":"single"}
[2026-06-10T19:20:34.290Z] [INFO] [StatsService] called — dateFilter: null, mode: single
[2026-06-10T19:20:34.291Z] [INFO] [StatsService] productive apps: []
[2026-06-10T19:20:34.292Z] [INFO] [StatsService] raw rows count: 0
[2026-06-10T19:20:34.293Z] [INFO] [StatsService] result — productive:0s distracting:0s idle:0s score:0.0%
[2026-06-10T19:20:35.235Z] [INFO] [IPC] get-productive-stats | {"dateFilter":"2026-06-11","mode":"single"}
[2026-06-10T19:20:35.236Z] [INFO] [StatsService] called — dateFilter: 2026-06-11, mode: single
[2026-06-10T19:20:35.237Z] [INFO] [StatsService] productive apps: []
[2026-06-10T19:20:35.238Z] [INFO] [StatsService] raw rows count: 0
[2026-06-10T19:20:35.238Z] [INFO] [StatsService] result — productive:0s distracting:0s idle:0s score:0.0%
[2026-06-10T19:20:43.601Z] [INFO] [IPC] get-productive-stats | {"dateFilter":null,"mode":"single"}
[2026-06-10T19:20:43.602Z] [INFO] [StatsService] called — dateFilter: null, mode: single
[2026-06-10T19:20:43.603Z] [INFO] [StatsService] productive apps: []
[2026-06-10T19:20:43.608Z] [INFO] [StatsService] raw rows count: 2
[2026-06-10T19:20:43.609Z] [INFO] [StatsService] result — productive:0s distracting:14.15s idle:0s score:0.0%
[2026-06-10T19:21:22.904Z] [INFO] [Health] 3 apps today | 116 total records
[2026-06-10T19:21:27.788Z] [INFO] [IPC] get-productive-stats | {"dateFilter":null,"mode":"single"}
[2026-06-10T19:21:27.790Z] [INFO] [StatsService] called — dateFilter: null, mode: single
[2026-06-10T19:21:27.791Z] [INFO] [StatsService] productive apps: []
[2026-06-10T19:21:27.792Z] [INFO] [StatsService] raw rows count: 3
[2026-06-10T19:21:27.793Z] [INFO] [StatsService] result — productive:0s distracting:56.48s idle:0s score:0.0%
[2026-06-10T19:22:22.908Z] [INFO] [Health] 3 apps today | 123 total records
[2026-06-10T19:23:22.907Z] [INFO] [Health] 3 apps today | 139 total records
[2026-06-10T19:23:27.990Z] [INFO] [IPC] get-productive-stats | {"dateFilter":null,"mode":"single"}
[2026-06-10T19:23:27.992Z] [INFO] [StatsService] called — dateFilter: null, mode: single
[2026-06-10T19:23:27.993Z] [INFO] [StatsService] productive apps: []
[2026-06-10T19:23:27.994Z] [INFO] [StatsService] raw rows count: 3
[2026-06-10T19:23:27.996Z] [INFO] [StatsService] result — productive:0s distracting:164.89s idle:0s score:0.0%
[2026-06-10T19:24:22.926Z] [INFO] [Health] 3 apps today | 142 total records
[2026-06-10T19:24:38.450Z] [INFO] [Main] All IPC handlers registered
[2026-06-10T19:24:38.452Z] [INFO] [Main] Creating window | preload exists: true
[2026-06-10T19:24:41.454Z] [INFO] [IPC] get-productive-stats | {"dateFilter":null,"mode":"single"}
[2026-06-10T19:24:41.455Z] [INFO] [StatsService] called — dateFilter: null, mode: single
[2026-06-10T19:24:41.457Z] [INFO] [StatsService] productive apps: []
[2026-06-10T19:24:41.458Z] [INFO] [StatsService] raw rows count: 3
[2026-06-10T19:24:41.459Z] [INFO] [StatsService] result — productive:0s distracting:241.78s idle:0s score:0.0%
[2026-06-10T19:24:54.825Z] [INFO] [IPC] get-productive-stats | {"dateFilter":null,"mode":"single"}
[2026-06-10T19:24:54.826Z] [INFO] [StatsService] called — dateFilter: null, mode: single
[2026-06-10T19:24:54.827Z] [INFO] [StatsService] productive apps: []
[2026-06-10T19:24:54.828Z] [INFO] [StatsService] raw rows count: 3
[2026-06-10T19:24:54.829Z] [INFO] [StatsService] result — productive:0s distracting:241.78s idle:0s score:0.0%
[2026-06-10T19:25:02.001Z] [INFO] [IPC] set-productive-apps | {"count":1}
[2026-06-10T19:25:04.312Z] [INFO] [IPC] get-productive-stats | {"dateFilter":null,"mode":"single"}
[2026-06-10T19:25:04.313Z] [INFO] [StatsService] called — dateFilter: null, mode: single
[2026-06-10T19:25:04.314Z] [INFO] [StatsService] productive apps: ["Visual Studio Code"]
[2026-06-10T19:25:04.314Z] [INFO] [StatsService] raw rows count: 3
[2026-06-10T19:25:04.315Z] [INFO] [StatsService] result — productive:103.88s distracting:137.9s idle:0s score:43.0%
[2026-06-10T19:25:11.080Z] [INFO] [IPC] get-productive-stats | {"dateFilter":null,"mode":"single"}
[2026-06-10T19:25:11.081Z] [INFO] [StatsService] called — dateFilter: null, mode: single
[2026-06-10T19:25:11.082Z] [INFO] [StatsService] productive apps: ["Visual Studio Code"]
[2026-06-10T19:25:11.083Z] [INFO] [StatsService] raw rows count: 3
[2026-06-10T19:25:11.084Z] [INFO] [StatsService] result — productive:103.88s distracting:137.9s idle:0s score:43.0%
[2026-06-10T19:25:15.682Z] [INFO] [IPC] set-productive-apps | {"count":0}
[2026-06-10T19:25:16.738Z] [INFO] [IPC] get-productive-stats | {"dateFilter":null,"mode":"single"}
[2026-06-10T19:25:16.739Z] [INFO] [StatsService] called — dateFilter: null, mode: single
[2026-06-10T19:25:16.740Z] [INFO] [StatsService] productive apps: []
[2026-06-10T19:25:16.741Z] [INFO] [StatsService] raw rows count: 3
[2026-06-10T19:25:16.741Z] [INFO] [StatsService] result — productive:0s distracting:241.78s idle:0s score:0.0%
[2026-06-10T19:25:20.522Z] [INFO] [IPC] set-productive-apps | {"count":1}
[2026-06-10T19:25:32.166Z] [INFO] [IPC] get-productive-stats | {"dateFilter":null,"mode":"single"}
[2026-06-10T19:25:32.167Z] [INFO] [StatsService] called — dateFilter: null, mode: single
[2026-06-10T19:25:32.168Z] [INFO] [StatsService] productive apps: ["Visual Studio Code"]
[2026-06-10T19:25:32.169Z] [INFO] [StatsService] raw rows count: 3
[2026-06-10T19:25:32.170Z] [INFO] [StatsService] result — productive:103.88s distracting:137.9s idle:0s score:43.0%
[2026-06-10T19:25:37.080Z] [INFO] [IPC] get-productive-stats | {"dateFilter":null,"mode":"single"}
[2026-06-10T19:25:37.081Z] [INFO] [StatsService] called — dateFilter: null, mode: single
[2026-06-10T19:25:37.082Z] [INFO] [StatsService] productive apps: ["Visual Studio Code"]
[2026-06-10T19:25:37.083Z] [INFO] [StatsService] raw rows count: 3
[2026-06-10T19:25:37.084Z] [INFO] [StatsService] result — productive:103.88s distracting:137.9s idle:0s score:43.0%
[2026-06-10T19:25:38.416Z] [INFO] [IPC] get-productive-stats | {"dateFilter":"2026-06-11","mode":"single"}
[2026-06-10T19:25:38.417Z] [INFO] [StatsService] called — dateFilter: 2026-06-11, mode: single
[2026-06-10T19:25:38.418Z] [INFO] [StatsService] productive apps: ["Visual Studio Code"]
[2026-06-10T19:25:38.419Z] [INFO] [StatsService] raw rows count: 3
[2026-06-10T19:25:38.419Z] [INFO] [StatsService] result — productive:103.88s distracting:137.9s idle:0s score:43.0%
[2026-06-10T19:25:38.681Z] [INFO] [Health] 3 apps today | 146 total records
[2026-06-10T19:25:46.218Z] [INFO] [IPC] get-productive-stats | {"dateFilter":null,"mode":"single"}
[2026-06-10T19:25:46.219Z] [INFO] [StatsService] called — dateFilter: null, mode: single
[2026-06-10T19:25:46.220Z] [INFO] [StatsService] productive apps: ["Visual Studio Code"]
[2026-06-10T19:25:46.221Z] [INFO] [StatsService] raw rows count: 3
[2026-06-10T19:25:46.221Z] [INFO] [StatsService] result — productive:103.88s distracting:137.9s idle:0s score:43.0%
[2026-06-10T19:26:05.794Z] [INFO] [IPC] set-productive-apps | {"count":0}
[2026-06-10T19:26:06.587Z] [INFO] [IPC] get-productive-stats | {"dateFilter":null,"mode":"single"}
[2026-06-10T19:26:06.588Z] [INFO] [StatsService] called — dateFilter: null, mode: single
[2026-06-10T19:26:06.588Z] [INFO] [StatsService] productive apps: []
[2026-06-10T19:26:06.589Z] [INFO] [StatsService] raw rows count: 3
[2026-06-10T19:26:06.590Z] [INFO] [StatsService] result — productive:0s distracting:241.78s idle:0s score:0.0%
[2026-06-10T19:26:12.290Z] [INFO] [IPC] set-productive-apps | {"count":1}
[2026-06-10T19:26:38.691Z] [INFO] [Health] 3 apps today | 151 total records
[2026-06-10T19:27:38.704Z] [INFO] [Health] 3 apps today | 166 total records
[2026-06-10T19:28:38.716Z] [INFO] [Health] 3 apps today | 175 total records
[2026-06-10T19:29:38.721Z] [INFO] [Health] 3 apps today | 189 total records
[2026-06-10T19:30:26.078Z] [INFO] [IPC] get-productive-stats | {"dateFilter":null,"mode":"single"}
[2026-06-10T19:30:26.079Z] [INFO] [StatsService] called — dateFilter: null, mode: single
[2026-06-10T19:30:26.080Z] [INFO] [StatsService] productive apps: ["Visual Studio Code"]
[2026-06-10T19:30:26.081Z] [INFO] [StatsService] raw rows count: 3
[2026-06-10T19:30:26.081Z] [INFO] [StatsService] result — productive:254.60999999999999s distracting:321.70000000000005s idle:0s score:44.2%
[2026-06-10T19:30:38.730Z] [INFO] [Health] 3 apps today | 197 total records
[2026-06-10T19:30:59.962Z] [INFO] [IPC] set-productive-apps | {"count":2}
[2026-06-10T19:31:01.242Z] [INFO] [IPC] get-productive-stats | {"dateFilter":null,"mode":"single"}
[2026-06-10T19:31:01.243Z] [INFO] [StatsService] called — dateFilter: null, mode: single
[2026-06-10T19:31:01.244Z] [INFO] [StatsService] productive apps: ["Visual Studio Code","Electron"]
[2026-06-10T19:31:01.245Z] [INFO] [StatsService] raw rows count: 3
[2026-06-10T19:31:01.245Z] [INFO] [StatsService] result — productive:453.63s distracting:122.68s idle:0s score:78.7%
[2026-06-10T19:31:07.622Z] [INFO] [IPC] get-productive-stats | {"dateFilter":"2026-06-11","mode":"single"}
[2026-06-10T19:31:07.623Z] [INFO] [StatsService] called — dateFilter: 2026-06-11, mode: single
[2026-06-10T19:31:07.624Z] [INFO] [StatsService] productive apps: ["Visual Studio Code","Electron"]
[2026-06-10T19:31:07.625Z] [INFO] [StatsService] raw rows count: 3
[2026-06-10T19:31:07.626Z] [INFO] [StatsService] result — productive:453.63s distracting:122.68s idle:0s score:78.7%
[2026-06-10T19:31:13.610Z] [INFO] [IPC] set-productive-apps | {"count":3}
[2026-06-10T19:31:14.674Z] [INFO] [IPC] get-productive-stats | {"dateFilter":null,"mode":"single"}
[2026-06-10T19:31:14.675Z] [INFO] [StatsService] called — dateFilter: null, mode: single
[2026-06-10T19:31:14.676Z] [INFO] [StatsService] productive apps: ["Visual Studio Code","Electron","Windows Explorer"]
[2026-06-10T19:31:14.677Z] [INFO] [StatsService] raw rows count: 3
[2026-06-10T19:31:14.678Z] [INFO] [StatsService] result — productive:576.31s distracting:0s idle:0s score:100.0%
[2026-06-10T19:31:17.509Z] [INFO] [IPC] set-productive-apps | {"count":2}
[2026-06-10T19:31:18.411Z] [INFO] [IPC] get-productive-stats | {"dateFilter":null,"mode":"single"}
[2026-06-10T19:31:18.411Z] [INFO] [StatsService] called — dateFilter: null, mode: single
[2026-06-10T19:31:18.412Z] [INFO] [StatsService] productive apps: ["Visual Studio Code","Electron"]
[2026-06-10T19:31:18.413Z] [INFO] [StatsService] raw rows count: 3
[2026-06-10T19:31:18.414Z] [INFO] [StatsService] result — productive:453.63s distracting:122.68s idle:0s score:78.7%
[2026-06-10T19:31:22.697Z] [INFO] [IPC] set-productive-apps | {"count":1}
[2026-06-10T19:31:23.826Z] [INFO] [IPC] get-productive-stats | {"dateFilter":null,"mode":"single"}
[2026-06-10T19:31:23.827Z] [INFO] [StatsService] called — dateFilter: null, mode: single
[2026-06-10T19:31:23.828Z] [INFO] [StatsService] productive apps: ["Visual Studio Code"]
[2026-06-10T19:31:23.829Z] [INFO] [StatsService] raw rows count: 3
[2026-06-10T19:31:23.830Z] [INFO] [StatsService] result — productive:254.60999999999999s distracting:321.70000000000005s idle:0s score:44.2%
[2026-06-10T19:31:27.978Z] [INFO] [IPC] set-productive-apps | {"count":2}
[2026-06-10T19:31:28.393Z] [INFO] [IPC] set-productive-apps | {"count":3}
[2026-06-10T19:31:29.290Z] [INFO] [IPC] get-productive-stats | {"dateFilter":null,"mode":"single"}
[2026-06-10T19:31:29.291Z] [INFO] [StatsService] called — dateFilter: null, mode: single
[2026-06-10T19:31:29.291Z] [INFO] [StatsService] productive apps: ["Visual Studio Code","Electron","Windows Explorer"]
[2026-06-10T19:31:29.293Z] [INFO] [StatsService] raw rows count: 3
[2026-06-10T19:31:29.293Z] [INFO] [StatsService] result — productive:576.31s distracting:0s idle:0s score:100.0%
[2026-06-10T19:31:33.345Z] [INFO] [IPC] set-productive-apps | {"count":2}
[2026-06-10T19:31:33.873Z] [INFO] [IPC] set-productive-apps | {"count":3}
[2026-06-10T19:31:34.808Z] [INFO] [IPC] get-productive-stats | {"dateFilter":null,"mode":"single"}
[2026-06-10T19:31:34.809Z] [INFO] [StatsService] called — dateFilter: null, mode: single
[2026-06-10T19:31:34.810Z] [INFO] [StatsService] productive apps: ["Visual Studio Code","Electron","Windows Explorer"]
[2026-06-10T19:31:34.811Z] [INFO] [StatsService] raw rows count: 3
[2026-06-10T19:31:34.812Z] [INFO] [StatsService] result — productive:576.31s distracting:0s idle:0s score:100.0%
[2026-06-10T19:31:38.742Z] [INFO] [Health] 3 apps today | 197 total records
[2026-06-10T19:31:40.106Z] [INFO] [IPC] set-productive-apps | {"count":2}
[2026-06-10T19:31:42.148Z] [INFO] [IPC] get-productive-stats | {"dateFilter":null,"mode":"single"}
[2026-06-10T19:31:42.149Z] [INFO] [StatsService] called — dateFilter: null, mode: single
[2026-06-10T19:31:42.150Z] [INFO] [StatsService] productive apps: ["Visual Studio Code","Windows Explorer"]
[2026-06-10T19:31:42.151Z] [INFO] [StatsService] raw rows count: 3
[2026-06-10T19:31:42.152Z] [INFO] [StatsService] result — productive:377.28999999999996s distracting:199.02s idle:0s score:65.5%
[2026-06-10T19:31:44.841Z] [INFO] [IPC] set-productive-apps | {"count":3}
[2026-06-10T19:31:45.954Z] [INFO] [IPC] set-productive-apps | {"count":2}
[2026-06-10T19:31:46.466Z] [INFO] [IPC] set-productive-apps | {"count":3}
[2026-06-10T19:31:55.018Z] [INFO] [IPC] set-productive-apps | {"count":1}
[2026-06-10T19:31:57.244Z] [INFO] [IPC] get-productive-stats | {"dateFilter":null,"mode":"single"}
[2026-06-10T19:31:57.245Z] [INFO] [StatsService] called — dateFilter: null, mode: single
[2026-06-10T19:31:57.246Z] [INFO] [StatsService] productive apps: ["Visual Studio Code"]
[2026-06-10T19:31:57.247Z] [INFO] [StatsService] raw rows count: 3
[2026-06-10T19:31:57.248Z] [INFO] [StatsService] result — productive:254.60999999999999s distracting:321.70000000000005s idle:0s score:44.2%
[2026-06-10T19:32:11.444Z] [INFO] [IPC] get-productive-stats | {"dateFilter":"2026-06-11","mode":"single"}
[2026-06-10T19:32:11.445Z] [INFO] [StatsService] called — dateFilter: 2026-06-11, mode: single
[2026-06-10T19:32:11.445Z] [INFO] [StatsService] productive apps: ["Visual Studio Code"]
[2026-06-10T19:32:11.447Z] [INFO] [StatsService] raw rows count: 3
[2026-06-10T19:32:11.447Z] [INFO] [StatsService] result — productive:254.60999999999999s distracting:321.70000000000005s idle:0s score:44.2%
[2026-06-10T19:32:15.272Z] [INFO] [IPC] get-productive-stats | {"dateFilter":null,"mode":"single"}
[2026-06-10T19:32:15.286Z] [INFO] [StatsService] called — dateFilter: null, mode: single
[2026-06-10T19:32:15.287Z] [INFO] [StatsService] productive apps: ["Visual Studio Code"]
[2026-06-10T19:32:15.288Z] [INFO] [StatsService] raw rows count: 3
[2026-06-10T19:32:15.289Z] [INFO] [StatsService] result — productive:254.60999999999999s distracting:321.70000000000005s idle:0s score:44.2%
[2026-06-10T19:32:17.064Z] [INFO] [IPC] get-productive-stats | {"dateFilter":"2026-06-11","mode":"single"}
[2026-06-10T19:32:17.065Z] [INFO] [StatsService] called — dateFilter: 2026-06-11, mode: single
[2026-06-10T19:32:17.066Z] [INFO] [StatsService] productive apps: ["Visual Studio Code"]
[2026-06-10T19:32:17.067Z] [INFO] [StatsService] raw rows count: 3
[2026-06-10T19:32:17.068Z] [INFO] [StatsService] result — productive:254.60999999999999s distracting:321.70000000000005s idle:0s score:44.2%
[2026-06-10T19:32:38.757Z] [INFO] [Health] 3 apps today | 197 total records
[2026-06-10T19:33:38.762Z] [INFO] [Health] 3 apps today | 205 total records
[2026-06-10T19:34:38.768Z] [INFO] [Health] 3 apps today | 215 total records
[2026-06-10T19:34:44.799Z] [INFO] [IPC] get-productive-stats | {"dateFilter":"2026-06-11","mode":"single"}
[2026-06-10T19:34:44.800Z] [INFO] [StatsService] called — dateFilter: 2026-06-11, mode: single
[2026-06-10T19:34:44.801Z] [INFO] [StatsService] productive apps: ["Visual Studio Code"]
[2026-06-10T19:34:44.802Z] [INFO] [StatsService] raw rows count: 3
[2026-06-10T19:34:44.802Z] [INFO] [StatsService] result — productive:349.63s distracting:494.53000000000003s idle:0s score:41.4%
[2026-06-10T19:34:49.522Z] [INFO] [IPC] get-productive-stats | {"dateFilter":null,"mode":"single"}
[2026-06-10T19:34:49.523Z] [INFO] [StatsService] called — dateFilter: null, mode: single
[2026-06-10T19:34:49.524Z] [INFO] [StatsService] productive apps: ["Visual Studio Code"]
[2026-06-10T19:34:49.525Z] [INFO] [StatsService] raw rows count: 3
[2026-06-10T19:34:49.526Z] [INFO] [StatsService] result — productive:349.63s distracting:494.53000000000003s idle:0s score:41.4%
[2026-06-10T19:34:51.373Z] [INFO] [IPC] get-productive-stats | {"dateFilter":"2026-06-11","mode":"single"}
[2026-06-10T19:34:51.374Z] [INFO] [StatsService] called — dateFilter: 2026-06-11, mode: single
[2026-06-10T19:34:51.375Z] [INFO] [StatsService] productive apps: ["Visual Studio Code"]
[2026-06-10T19:34:51.376Z] [INFO] [StatsService] raw rows count: 3
[2026-06-10T19:34:51.376Z] [INFO] [StatsService] result — productive:349.63s distracting:494.53000000000003s idle:0s score:41.4%
[2026-06-10T19:35:38.835Z] [INFO] [Health] 3 apps today | 224 total records
[2026-06-10T19:35:45.957Z] [INFO] [IPC] get-productive-stats | {"dateFilter":"2026-06-11","mode":"single"}
[2026-06-10T19:35:45.958Z] [INFO] [StatsService] called — dateFilter: 2026-06-11, mode: single
[2026-06-10T19:35:45.959Z] [INFO] [StatsService] productive apps: ["Visual Studio Code"]
[2026-06-10T19:35:45.960Z] [INFO] [StatsService] raw rows count: 3
[2026-06-10T19:35:45.961Z] [INFO] [StatsService] result — productive:386.06s distracting:520.8s idle:0s score:42.6%
[2026-06-10T19:35:49.609Z] [INFO] [IPC] get-productive-stats | {"dateFilter":"2026-06-10","mode":"single"}
[2026-06-10T19:35:49.610Z] [INFO] [StatsService] called — dateFilter: 2026-06-10, mode: single
[2026-06-10T19:35:49.611Z] [INFO] [StatsService] productive apps: ["Visual Studio Code"]
[2026-06-10T19:35:49.612Z] [INFO] [StatsService] raw rows count: 0
[2026-06-10T19:35:49.613Z] [INFO] [StatsService] result — productive:0s distracting:0s idle:0s score:0.0%
[2026-06-10T19:35:50.384Z] [INFO] [IPC] get-productive-stats | {"dateFilter":"2026-06-05","mode":"range"}
[2026-06-10T19:35:50.385Z] [INFO] [StatsService] called — dateFilter: 2026-06-05, mode: range
[2026-06-10T19:35:50.386Z] [INFO] [StatsService] productive apps: ["Visual Studio Code"]
[2026-06-10T19:35:50.387Z] [INFO] [StatsService] raw rows count: 3
[2026-06-10T19:35:50.387Z] [INFO] [StatsService] result — productive:386.06s distracting:520.8s idle:0s score:42.6%
[2026-06-10T19:35:51.271Z] [INFO] [IPC] get-productive-stats | {"dateFilter":"2026-05-13","mode":"range"}
[2026-06-10T19:35:51.272Z] [INFO] [StatsService] called — dateFilter: 2026-05-13, mode: range
[2026-06-10T19:35:51.272Z] [INFO] [StatsService] productive apps: ["Visual Studio Code"]
[2026-06-10T19:35:51.274Z] [INFO] [StatsService] raw rows count: 15
[2026-06-10T19:35:51.275Z] [INFO] [StatsService] result — productive:681.15s distracting:5787.9400000000005s idle:3658.43s score:10.5%
[2026-06-10T19:35:52.175Z] [INFO] [IPC] get-productive-stats | {"dateFilter":"2026-05-13","mode":"range"}
[2026-06-10T19:35:52.176Z] [INFO] [StatsService] called — dateFilter: 2026-05-13, mode: range
[2026-06-10T19:35:52.177Z] [INFO] [StatsService] productive apps: ["Visual Studio Code"]
[2026-06-10T19:35:52.178Z] [INFO] [StatsService] raw rows count: 15
[2026-06-10T19:35:52.179Z] [INFO] [StatsService] result — productive:681.15s distracting:5787.9400000000005s idle:3658.43s score:10.5%
[2026-06-10T19:35:54.690Z] [INFO] [IPC] get-productive-stats | {"dateFilter":"2026-06-11","mode":"single"}
[2026-06-10T19:35:54.691Z] [INFO] [StatsService] called — dateFilter: 2026-06-11, mode: single
[2026-06-10T19:35:54.691Z] [INFO] [StatsService] productive apps: ["Visual Studio Code"]
[2026-06-10T19:35:54.692Z] [INFO] [StatsService] raw rows count: 3
[2026-06-10T19:35:54.693Z] [INFO] [StatsService] result — productive:386.06s distracting:520.8s idle:0s score:42.6%
[2026-06-10T19:36:38.850Z] [INFO] [Health] 3 apps today | 233 total records
[2026-06-10T19:36:40.435Z] [INFO] [IPC] get-productive-stats | {"dateFilter":"2026-06-11","mode":"single"}
[2026-06-10T19:36:40.435Z] [INFO] [StatsService] called — dateFilter: 2026-06-11, mode: single
[2026-06-10T19:36:40.436Z] [INFO] [StatsService] productive apps: ["Visual Studio Code"]
[2026-06-10T19:36:40.436Z] [INFO] [StatsService] raw rows count: 3
[2026-06-10T19:36:40.437Z] [INFO] [StatsService] result — productive:424.54s distracting:537.06s idle:0s score:44.1%
[2026-06-10T19:36:51.569Z] [INFO] [IPC] set-productive-apps | {"count":2}
[2026-06-10T19:36:52.610Z] [INFO] [IPC] get-productive-stats | {"dateFilter":null,"mode":"single"}
[2026-06-10T19:36:52.611Z] [INFO] [StatsService] called — dateFilter: null, mode: single
[2026-06-10T19:36:52.612Z] [INFO] [StatsService] productive apps: ["Visual Studio Code","Electron"]
[2026-06-10T19:36:52.613Z] [INFO] [StatsService] raw rows count: 3
[2026-06-10T19:36:52.614Z] [INFO] [StatsService] result — productive:836.87s distracting:124.73s idle:0s score:87.0%
[2026-06-10T19:36:56.738Z] [INFO] [IPC] set-productive-apps | {"count":1}
[2026-06-10T19:37:04.074Z] [INFO] [IPC] set-productive-apps | {"count":0}
[2026-06-10T19:37:05.288Z] [INFO] [IPC] get-productive-stats | {"dateFilter":null,"mode":"single"}
[2026-06-10T19:37:05.289Z] [INFO] [StatsService] called — dateFilter: null, mode: single
[2026-06-10T19:37:05.290Z] [INFO] [StatsService] productive apps: []
[2026-06-10T19:37:05.291Z] [INFO] [StatsService] raw rows count: 3
[2026-06-10T19:37:05.292Z] [INFO] [StatsService] result — productive:0s distracting:961.6s idle:0s score:0.0%
[2026-06-10T19:37:09.338Z] [INFO] [IPC] set-productive-apps | {"count":1}
[2026-06-10T19:37:11.257Z] [INFO] [IPC] get-productive-stats | {"dateFilter":null,"mode":"single"}
[2026-06-10T19:37:11.258Z] [INFO] [StatsService] called — dateFilter: null, mode: single
[2026-06-10T19:37:11.259Z] [INFO] [StatsService] productive apps: ["Visual Studio Code"]
[2026-06-10T19:37:11.259Z] [INFO] [StatsService] raw rows count: 3
[2026-06-10T19:37:11.260Z] [INFO] [StatsService] result — productive:424.54s distracting:537.06s idle:0s score:44.1%
[2026-06-10T19:37:14.098Z] [INFO] [IPC] set-productive-apps | {"count":2}
[2026-06-10T19:37:14.881Z] [INFO] [IPC] set-productive-apps | {"count":3}
[2026-06-10T19:37:15.738Z] [INFO] [IPC] get-productive-stats | {"dateFilter":null,"mode":"single"}
[2026-06-10T19:37:15.739Z] [INFO] [StatsService] called — dateFilter: null, mode: single
[2026-06-10T19:37:15.740Z] [INFO] [StatsService] productive apps: ["Visual Studio Code","Electron","Windows Explorer"]
[2026-06-10T19:37:15.741Z] [INFO] [StatsService] raw rows count: 3
[2026-06-10T19:37:15.741Z] [INFO] [StatsService] result — productive:961.6s distracting:0s idle:0s score:100.0%
[2026-06-10T19:37:17.793Z] [INFO] [IPC] set-productive-apps | {"count":2}
[2026-06-10T19:37:19.105Z] [INFO] [IPC] set-productive-apps | {"count":1}
[2026-06-10T19:37:20.106Z] [INFO] [IPC] get-productive-stats | {"dateFilter":null,"mode":"single"}
[2026-06-10T19:37:20.121Z] [INFO] [StatsService] called — dateFilter: null, mode: single
[2026-06-10T19:37:20.123Z] [INFO] [StatsService] productive apps: ["Visual Studio Code"]
[2026-06-10T19:37:20.124Z] [INFO] [StatsService] raw rows count: 3
[2026-06-10T19:37:20.125Z] [INFO] [StatsService] result — productive:424.54s distracting:537.06s idle:0s score:44.1%
[2026-06-10T19:37:30.490Z] [INFO] [IPC] set-productive-apps | {"count":2}
[2026-06-10T19:37:31.377Z] [INFO] [IPC] set-productive-apps | {"count":3}
[2026-06-10T19:37:32.418Z] [INFO] [IPC] get-productive-stats | {"dateFilter":null,"mode":"single"}
[2026-06-10T19:37:32.419Z] [INFO] [StatsService] called — dateFilter: null, mode: single
[2026-06-10T19:37:32.419Z] [INFO] [StatsService] productive apps: ["Visual Studio Code","Electron","Windows Explorer"]
[2026-06-10T19:37:32.420Z] [INFO] [StatsService] raw rows count: 3
[2026-06-10T19:37:32.421Z] [INFO] [StatsService] result — productive:961.6s distracting:0s idle:0s score:100.0%
[2026-06-10T19:37:38.851Z] [INFO] [Health] 3 apps today | 234 total records
[2026-06-10T19:38:38.865Z] [INFO] [Health] 3 apps today | 235 total records
[2026-06-10T19:38:50.747Z] [INFO] [IPC] get-productive-stats | {"dateFilter":null,"mode":"single"}
[2026-06-10T19:38:50.748Z] [INFO] [StatsService] called — dateFilter: null, mode: single
[2026-06-10T19:38:50.749Z] [INFO] [StatsService] productive apps: ["Visual Studio Code","Electron","Windows Explorer"]
[2026-06-10T19:38:50.749Z] [INFO] [StatsService] raw rows count: 3
[2026-06-10T19:38:50.750Z] [INFO] [StatsService] result — productive:1083.06s distracting:0s idle:0s score:100.0%
[2026-06-10T19:39:38.974Z] [INFO] [Health] 3 apps today | 242 total records
[2026-06-10T19:40:39.035Z] [INFO] [Health] 4 apps today | 248 total records
[2026-06-10T19:41:39.043Z] [INFO] [Health] 4 apps today | 249 total records
[2026-06-10T19:42:39.122Z] [INFO] [Health] 4 apps today | 249 total records
[2026-06-10T19:43:39.128Z] [INFO] [Health] 4 apps today | 252 total records
[2026-06-10T19:44:39.133Z] [INFO] [Health] 4 apps today | 252 total records
[2026-06-10T19:45:39.139Z] [INFO] [Health] 4 apps today | 252 total records
[2026-06-10T19:46:32.035Z] [INFO] [IPC] get-productive-stats | {"dateFilter":null,"mode":"single"}
[2026-06-10T19:46:32.036Z] [INFO] [StatsService] called — dateFilter: null, mode: single
[2026-06-10T19:46:32.036Z] [INFO] [StatsService] productive apps: ["Visual Studio Code","Electron","Windows Explorer"]
[2026-06-10T19:46:32.038Z] [INFO] [StatsService] raw rows count: 5
[2026-06-10T19:46:32.039Z] [INFO] [StatsService] result — productive:1193.2800000000002s distracting:358.6s idle:93.92s score:76.9%
[2026-06-10T19:46:37.715Z] [INFO] [IPC] set-productive-apps | {"count":4}
[2026-06-10T19:46:39.147Z] [INFO] [Health] 4 apps today | 257 total records
[2026-06-10T19:46:40.146Z] [INFO] [IPC] set-productive-apps | {"count":3}
[2026-06-10T19:46:41.881Z] [INFO] [IPC] set-productive-apps | {"count":4}
[2026-06-10T19:46:43.464Z] [INFO] [IPC] get-productive-stats | {"dateFilter":null,"mode":"single"}
[2026-06-10T19:46:43.465Z] [INFO] [StatsService] called — dateFilter: null, mode: single
[2026-06-10T19:46:43.466Z] [INFO] [StatsService] productive apps: ["Visual Studio Code","Electron","Google Chrome","Windows Explorer"]
[2026-06-10T19:46:43.467Z] [INFO] [StatsService] raw rows count: 5
[2026-06-10T19:46:43.468Z] [INFO] [StatsService] result — productive:1457.96s distracting:93.92s idle:93.92s score:93.9%
[2026-06-10T19:46:47.258Z] [INFO] [IPC] set-productive-apps | {"count":3}
[2026-06-10T19:46:48.395Z] [INFO] [IPC] get-productive-stats | {"dateFilter":null,"mode":"single"}
[2026-06-10T19:46:48.396Z] [INFO] [StatsService] called — dateFilter: null, mode: single
[2026-06-10T19:46:48.397Z] [INFO] [StatsService] productive apps: ["Visual Studio Code","Electron","Windows Explorer"]
[2026-06-10T19:46:48.397Z] [INFO] [StatsService] raw rows count: 5
[2026-06-10T19:46:48.398Z] [INFO] [StatsService] result — productive:1193.2800000000002s distracting:358.6s idle:93.92s score:76.9%
[2026-06-10T19:46:52.538Z] [INFO] [IPC] set-productive-apps | {"count":2}
[2026-06-10T19:46:53.617Z] [INFO] [IPC] get-productive-stats | {"dateFilter":null,"mode":"single"}
[2026-06-10T19:46:53.618Z] [INFO] [StatsService] called — dateFilter: null, mode: single
[2026-06-10T19:46:53.619Z] [INFO] [StatsService] productive apps: ["Visual Studio Code","Windows Explorer"]
[2026-06-10T19:46:53.620Z] [INFO] [StatsService] raw rows count: 5
[2026-06-10T19:46:53.621Z] [INFO] [StatsService] result — productive:688.69s distracting:863.1899999999999s idle:93.92s score:44.4%
[2026-06-10T19:47:00.002Z] [INFO] [IPC] set-productive-apps | {"count":3}
[2026-06-10T19:47:00.683Z] [INFO] [IPC] set-productive-apps | {"count":4}
[2026-06-10T19:47:01.410Z] [INFO] [IPC] set-productive-apps | {"count":3}
[2026-06-10T19:47:02.106Z] [INFO] [IPC] set-productive-apps | {"count":2}
[2026-06-10T19:47:02.970Z] [INFO] [IPC] set-productive-apps | {"count":1}
[2026-06-10T19:47:05.023Z] [INFO] [IPC] set-productive-apps | {"count":0}
[2026-06-10T19:47:05.746Z] [INFO] [IPC] get-productive-stats | {"dateFilter":null,"mode":"single"}
[2026-06-10T19:47:05.747Z] [INFO] [StatsService] called — dateFilter: null, mode: single
[2026-06-10T19:47:05.748Z] [INFO] [StatsService] productive apps: []
[2026-06-10T19:47:05.748Z] [INFO] [StatsService] raw rows count: 5
[2026-06-10T19:47:05.749Z] [INFO] [StatsService] result — productive:0s distracting:1551.88s idle:93.92s score:0.0%
[2026-06-10T19:47:11.834Z] [INFO] [IPC] set-productive-apps | {"count":1}
[2026-06-10T19:47:13.394Z] [INFO] [IPC] set-productive-apps | {"count":2}
[2026-06-10T19:47:14.233Z] [INFO] [IPC] set-productive-apps | {"count":1}
[2026-06-10T19:47:19.209Z] [INFO] [IPC] set-productive-apps | {"count":2}
[2026-06-10T19:47:21.818Z] [INFO] [IPC] get-productive-stats | {"dateFilter":null,"mode":"single"}
[2026-06-10T19:47:21.819Z] [INFO] [StatsService] called — dateFilter: null, mode: single
[2026-06-10T19:47:21.819Z] [INFO] [StatsService] productive apps: ["Visual Studio Code","Google Chrome"]
[2026-06-10T19:47:21.820Z] [INFO] [StatsService] raw rows count: 5
[2026-06-10T19:47:21.821Z] [INFO] [StatsService] result — productive:827.6400000000001s distracting:724.24s idle:93.92s score:53.3%
[2026-06-10T19:47:39.156Z] [INFO] [Health] 4 apps today | 257 total records
[2026-06-10T19:47:54.883Z] [INFO] [IPC] get-productive-stats | {"dateFilter":"2026-06-11","mode":"single"}
[2026-06-10T19:47:54.884Z] [INFO] [StatsService] called — dateFilter: 2026-06-11, mode: single
[2026-06-10T19:47:54.885Z] [INFO] [StatsService] productive apps: ["Visual Studio Code","Google Chrome"]
[2026-06-10T19:47:54.886Z] [INFO] [StatsService] raw rows count: 5
[2026-06-10T19:47:54.887Z] [INFO] [StatsService] result — productive:827.6400000000001s distracting:724.24s idle:93.92s score:53.3%
[2026-06-10T19:47:55.868Z] [INFO] [IPC] get-productive-stats | {"dateFilter":null,"mode":"single"}
[2026-06-10T19:47:55.869Z] [INFO] [StatsService] called — dateFilter: null, mode: single
[2026-06-10T19:47:55.870Z] [INFO] [StatsService] productive apps: ["Visual Studio Code","Google Chrome"]
[2026-06-10T19:47:55.871Z] [INFO] [StatsService] raw rows count: 5
[2026-06-10T19:47:55.872Z] [INFO] [StatsService] result — productive:827.6400000000001s distracting:724.24s idle:93.92s score:53.3%
[2026-06-10T19:48:05.583Z] [INFO] [IPC] get-productive-stats | {"dateFilter":"2026-06-11","mode":"single"}
[2026-06-10T19:48:05.584Z] [INFO] [StatsService] called — dateFilter: 2026-06-11, mode: single
[2026-06-10T19:48:05.585Z] [INFO] [StatsService] productive apps: ["Visual Studio Code","Google Chrome"]
[2026-06-10T19:48:05.586Z] [INFO] [StatsService] raw rows count: 5
[2026-06-10T19:48:05.586Z] [INFO] [StatsService] result — productive:827.6400000000001s distracting:724.24s idle:93.92s score:53.3%
[2026-06-10T19:48:07.830Z] [INFO] [IPC] get-productive-stats | {"dateFilter":null,"mode":"single"}
[2026-06-10T19:48:07.831Z] [INFO] [StatsService] called — dateFilter: null, mode: single
[2026-06-10T19:48:07.832Z] [INFO] [StatsService] productive apps: ["Visual Studio Code","Google Chrome"]
[2026-06-10T19:48:07.833Z] [INFO] [StatsService] raw rows count: 5
[2026-06-10T19:48:07.833Z] [INFO] [StatsService] result — productive:827.6400000000001s distracting:724.24s idle:93.92s score:53.3%
[2026-06-10T19:48:24.857Z] [INFO] [IPC] get-productive-stats | {"dateFilter":null,"mode":"single"}
[2026-06-10T19:48:24.858Z] [INFO] [StatsService] called — dateFilter: null, mode: single
[2026-06-10T19:48:24.859Z] [INFO] [StatsService] productive apps: ["Visual Studio Code","Google Chrome"]
[2026-06-10T19:48:24.860Z] [INFO] [StatsService] raw rows count: 5
[2026-06-10T19:48:24.860Z] [INFO] [StatsService] result — productive:827.6400000000001s distracting:824.37s idle:93.92s score:50.1%
[2026-06-10T19:48:39.163Z] [INFO] [Health] 4 apps today | 259 total records
[2026-06-10T19:49:39.168Z] [INFO] [Health] 4 apps today | 265 total records
[2026-06-10T19:50:24.912Z] [INFO] [IPC] get-productive-stats | {"dateFilter":null,"mode":"single"}
[2026-06-10T19:50:24.913Z] [INFO] [StatsService] called — dateFilter: null, mode: single
[2026-06-10T19:50:24.914Z] [INFO] [StatsService] productive apps: ["Visual Studio Code","Google Chrome"]
[2026-06-10T19:50:24.918Z] [INFO] [StatsService] raw rows count: 5
[2026-06-10T19:50:24.922Z] [INFO] [StatsService] result — productive:929.9100000000001s distracting:827.43s idle:93.92s score:52.9%
[2026-06-10T19:50:34.519Z] [INFO] [IPC] get-productive-stats | {"dateFilter":null,"mode":"single"}
[2026-06-10T19:50:34.521Z] [INFO] [StatsService] called — dateFilter: null, mode: single
[2026-06-10T19:50:34.523Z] [INFO] [StatsService] productive apps: ["Visual Studio Code","Google Chrome"]
[2026-06-10T19:50:34.541Z] [INFO] [StatsService] raw rows count: 5
[2026-06-10T19:50:34.543Z] [INFO] [StatsService] result — productive:929.9100000000001s distracting:827.43s idle:93.92s score:52.9%
[2026-06-10T19:50:39.182Z] [INFO] [Health] 4 apps today | 266 total records
[2026-06-10T19:51:33.731Z] [INFO] [IPC] get-productive-stats | {"dateFilter":null,"mode":"single"}
[2026-06-10T19:51:33.732Z] [INFO] [StatsService] called — dateFilter: null, mode: single
[2026-06-10T19:51:33.733Z] [INFO] [StatsService] productive apps: ["Visual Studio Code","Google Chrome"]
[2026-06-10T19:51:33.734Z] [INFO] [StatsService] raw rows count: 5
[2026-06-10T19:51:33.735Z] [INFO] [StatsService] result — productive:1013.84s distracting:830.5s idle:93.92s score:55.0%
[2026-06-10T19:51:39.184Z] [INFO] [Health] 4 apps today | 270 total records
[2026-06-10T19:51:51.313Z] [INFO] [Main] All IPC handlers registered
[2026-06-10T19:51:51.316Z] [INFO] [Main] Creating window | preload exists: true
[2026-06-10T19:51:51.718Z] [INFO] [Main] Startup sync — 2 productive, 9 distracting
[2026-06-10T19:51:54.596Z] [INFO] [IPC] get-productive-stats | {"dateFilter":null,"mode":"single"}
[2026-06-10T19:51:54.598Z] [INFO] [StatsService] called — dateFilter: null, mode: single
[2026-06-10T19:51:54.599Z] [INFO] [StatsService] productive apps: ["Visual Studio Code","Google Chrome"]
[2026-06-10T19:51:54.601Z] [INFO] [StatsService] raw rows count: 5
[2026-06-10T19:51:54.601Z] [INFO] [StatsService] result — productive:1013.84s distracting:830.5s idle:93.92s score:55.0%
[2026-06-10T19:52:07.128Z] [INFO] [IPC] get-productive-stats | {"dateFilter":"2026-06-11","mode":"single"}
[2026-06-10T19:52:07.130Z] [INFO] [StatsService] called — dateFilter: 2026-06-11, mode: single
[2026-06-10T19:52:07.131Z] [INFO] [StatsService] productive apps: ["Visual Studio Code","Google Chrome"]
[2026-06-10T19:52:07.133Z] [INFO] [StatsService] raw rows count: 5
[2026-06-10T19:52:07.133Z] [INFO] [StatsService] result — productive:1013.84s distracting:830.5s idle:93.92s score:55.0%
[2026-06-10T19:52:20.001Z] [INFO] [IPC] get-productive-stats | {"dateFilter":null,"mode":"single"}
[2026-06-10T19:52:20.002Z] [INFO] [StatsService] called — dateFilter: null, mode: single
[2026-06-10T19:52:20.003Z] [INFO] [StatsService] productive apps: ["Visual Studio Code","Google Chrome"]
[2026-06-10T19:52:20.005Z] [INFO] [StatsService] raw rows count: 5
[2026-06-10T19:52:20.005Z] [INFO] [StatsService] result — productive:1013.84s distracting:830.5s idle:93.92s score:55.0%
[2026-06-10T19:52:51.730Z] [INFO] [Health] 4 apps today | 271 total records
[2026-06-10T19:53:51.734Z] [INFO] [Health] 6 apps today | 281 total records
[2026-06-10T19:54:20.911Z] [INFO] [IPC] get-productive-stats | {"dateFilter":null,"mode":"single"}
[2026-06-10T19:54:20.912Z] [INFO] [StatsService] called — dateFilter: null, mode: single
[2026-06-10T19:54:20.914Z] [INFO] [StatsService] productive apps: ["Visual Studio Code","Google Chrome"]
[2026-06-10T19:54:20.915Z] [INFO] [StatsService] raw rows count: 7
[2026-06-10T19:54:20.917Z] [INFO] [StatsService] result — productive:1069.49s distracting:882.8299999999999s idle:93.92s score:54.8%
[2026-06-10T19:54:51.751Z] [INFO] [Health] 6 apps today | 281 total records
[2026-06-10T19:55:38.459Z] [INFO] [Main] All IPC handlers registered
[2026-06-10T19:55:38.461Z] [INFO] [Main] Creating window | preload exists: true
[2026-06-10T19:55:38.695Z] [INFO] [Main] Startup sync — 2 productive, 10 distracting
[2026-06-10T19:55:41.627Z] [INFO] [IPC] get-productive-stats | {"dateFilter":null,"mode":"single"}
[2026-06-10T19:55:41.629Z] [INFO] [StatsService] called — dateFilter: null, mode: single
[2026-06-10T19:55:41.630Z] [INFO] [StatsService] productive apps: ["Visual Studio Code","Google Chrome"]
[2026-06-10T19:55:41.632Z] [INFO] [StatsService] raw rows count: 7
[2026-06-10T19:55:41.632Z] [INFO] [StatsService] result — productive:1169.57s distracting:885.87s idle:93.92s score:56.9%
[2026-06-10T19:56:38.709Z] [INFO] [Health] 6 apps today | 290 total records
[2026-06-10T19:57:25.529Z] [INFO] [Main] All IPC handlers registered
[2026-06-10T19:57:25.531Z] [INFO] [Main] Creating window | preload exists: true
[2026-06-10T19:57:25.825Z] [INFO] [Main] Startup sync — 2 productive, 10 distracting
[2026-06-10T19:57:28.687Z] [INFO] [IPC] get-productive-stats | {"dateFilter":null,"mode":"single"}
[2026-06-10T19:57:28.688Z] [INFO] [StatsService] called — dateFilter: null, mode: single
[2026-06-10T19:57:28.690Z] [INFO] [StatsService] productive apps: ["Visual Studio Code","Google Chrome"]
[2026-06-10T19:57:28.691Z] [INFO] [StatsService] raw rows count: 7
[2026-06-10T19:57:28.692Z] [INFO] [StatsService] result — productive:1245.4099999999999s distracting:901.89s idle:93.92s score:58.0%
[2026-06-10T19:57:40.517Z] [INFO] [IPC] get-productive-stats | {"dateFilter":"2026-06-11","mode":"single"}
[2026-06-10T19:57:40.519Z] [INFO] [StatsService] called — dateFilter: 2026-06-11, mode: single
[2026-06-10T19:57:40.520Z] [INFO] [StatsService] productive apps: ["Visual Studio Code","Google Chrome"]
[2026-06-10T19:57:40.521Z] [INFO] [StatsService] raw rows count: 7
[2026-06-10T19:57:40.522Z] [INFO] [StatsService] result — productive:1245.4099999999999s distracting:901.89s idle:93.92s score:58.0%
[2026-06-10T19:58:04.988Z] [INFO] [IPC] get-productive-stats | {"dateFilter":"2026-06-11","mode":"single"}
[2026-06-10T19:58:04.989Z] [INFO] [StatsService] called — dateFilter: 2026-06-11, mode: single
[2026-06-10T19:58:04.990Z] [INFO] [StatsService] productive apps: ["Visual Studio Code","Google Chrome"]
[2026-06-10T19:58:04.991Z] [INFO] [StatsService] raw rows count: 7
[2026-06-10T19:58:04.992Z] [INFO] [StatsService] result — productive:1245.4099999999999s distracting:901.89s idle:93.92s score:58.0%
[2026-06-10T19:58:07.900Z] [INFO] [IPC] get-productive-stats | {"dateFilter":null,"mode":"single"}
[2026-06-10T19:58:07.902Z] [INFO] [StatsService] called — dateFilter: null, mode: single
[2026-06-10T19:58:07.903Z] [INFO] [StatsService] productive apps: ["Visual Studio Code","Google Chrome"]
[2026-06-10T19:58:07.905Z] [INFO] [StatsService] raw rows count: 7
[2026-06-10T19:58:07.905Z] [INFO] [StatsService] result — productive:1245.4099999999999s distracting:901.89s idle:93.92s score:58.0%
[2026-06-10T19:58:25.842Z] [INFO] [Health] 6 apps today | 295 total records
[2026-06-10T19:59:25.845Z] [INFO] [Health] 6 apps today | 295 total records
[2026-06-10T20:00:07.919Z] [INFO] [IPC] get-productive-stats | {"dateFilter":null,"mode":"single"}
[2026-06-10T20:00:07.920Z] [INFO] [StatsService] called — dateFilter: null, mode: single
[2026-06-10T20:00:07.922Z] [INFO] [StatsService] productive apps: ["Visual Studio Code","Google Chrome"]
[2026-06-10T20:00:07.924Z] [INFO] [StatsService] raw rows count: 7
[2026-06-10T20:00:07.926Z] [INFO] [StatsService] result — productive:1339.55s distracting:952.26s idle:93.92s score:58.4%
[2026-06-10T20:00:25.854Z] [INFO] [Health] 6 apps today | 296 total records
[2026-06-10T20:01:25.865Z] [INFO] [Health] 6 apps today | 297 total records
[2026-06-10T20:02:07.913Z] [INFO] [IPC] get-productive-stats | {"dateFilter":null,"mode":"single"}
[2026-06-10T20:02:07.915Z] [INFO] [StatsService] called — dateFilter: null, mode: single
[2026-06-10T20:02:07.916Z] [INFO] [StatsService] productive apps: ["Visual Studio Code","Google Chrome"]
[2026-06-10T20:02:07.918Z] [INFO] [StatsService] raw rows count: 7
[2026-06-10T20:02:07.919Z] [INFO] [StatsService] result — productive:1339.55s distracting:1029.1200000000001s idle:170.78s score:56.6%
[2026-06-10T20:02:25.874Z] [INFO] [Health] 6 apps today | 297 total records
[2026-06-10T20:03:25.887Z] [INFO] [Health] 6 apps today | 304 total records
[2026-06-10T20:03:26.220Z] [INFO] [IPC] get-productive-stats | {"dateFilter":null,"mode":"single"}
[2026-06-10T20:03:26.220Z] [INFO] [StatsService] called — dateFilter: null, mode: single
[2026-06-10T20:03:26.221Z] [INFO] [StatsService] productive apps: ["Visual Studio Code","Google Chrome"]
[2026-06-10T20:03:26.223Z] [INFO] [StatsService] raw rows count: 7
[2026-06-10T20:03:26.223Z] [INFO] [StatsService] result — productive:1467.99s distracting:1029.1200000000001s idle:170.78s score:58.8%
[2026-06-10T20:04:25.898Z] [INFO] [Health] 6 apps today | 308 total records
[2026-06-10T20:04:31.891Z] [INFO] [IPC] get-productive-stats | {"dateFilter":"2026-06-11","mode":"single"}
[2026-06-10T20:04:31.892Z] [INFO] [StatsService] called — dateFilter: 2026-06-11, mode: single
[2026-06-10T20:04:31.892Z] [INFO] [StatsService] productive apps: ["Visual Studio Code","Google Chrome"]
[2026-06-10T20:04:31.893Z] [INFO] [StatsService] raw rows count: 7
[2026-06-10T20:04:31.894Z] [INFO] [StatsService] result — productive:1500.4s distracting:1043.32s idle:170.78s score:59.0%
[2026-06-10T20:05:25.909Z] [INFO] [Health] 6 apps today | 315 total records
[2026-06-10T20:06:25.915Z] [INFO] [Health] 6 apps today | 319 total records
[2026-06-10T20:07:25.929Z] [INFO] [Health] 6 apps today | 319 total records
[2026-06-10T20:08:25.935Z] [INFO] [Health] 6 apps today | 320 total records
[2026-06-10T20:09:25.945Z] [INFO] [Health] 6 apps today | 322 total records
[2026-06-10T20:10:25.956Z] [INFO] [Health] 6 apps today | 322 total records
[2026-06-10T20:11:25.969Z] [INFO] [Health] 6 apps today | 322 total records
[2026-06-10T20:12:25.975Z] [INFO] [Health] 6 apps today | 324 total records
[2026-06-10T20:13:25.991Z] [INFO] [Health] 6 apps today | 328 total records
[2026-06-10T20:13:52.287Z] [INFO] [Main] All IPC handlers registered
[2026-06-10T20:13:52.288Z] [INFO] [Main] Creating window | preload exists: true
[2026-06-10T20:13:52.565Z] [INFO] [Main] Startup sync — 2 productive, 10 distracting
[2026-06-10T20:13:55.980Z] [INFO] [IPC] get-productive-stats | {"dateFilter":null,"mode":"single"}
[2026-06-10T20:13:55.981Z] [INFO] [StatsService] called — dateFilter: null, mode: single
[2026-06-10T20:13:55.982Z] [INFO] [StatsService] productive apps: ["Visual Studio Code","Google Chrome"]
[2026-06-10T20:13:55.983Z] [INFO] [StatsService] raw rows count: 7
[2026-06-10T20:13:55.983Z] [INFO] [StatsService] result — productive:1946.56s distracting:1170.9899999999998s idle:239.53s score:62.4%
[2026-06-10T20:14:12.424Z] [INFO] [IPC] get-productive-stats | {"dateFilter":"2026-06-11","mode":"single"}
[2026-06-10T20:14:12.425Z] [INFO] [StatsService] called — dateFilter: 2026-06-11, mode: single
[2026-06-10T20:14:12.426Z] [INFO] [StatsService] productive apps: ["Visual Studio Code","Google Chrome"]
[2026-06-10T20:14:12.427Z] [INFO] [StatsService] raw rows count: 7
[2026-06-10T20:14:12.428Z] [INFO] [StatsService] result — productive:1950.61s distracting:1173.8799999999999s idle:239.53s score:62.4%
[2026-06-10T20:14:27.878Z] [INFO] [IPC] get-productive-stats | {"dateFilter":null,"mode":"single"}
[2026-06-10T20:14:27.880Z] [INFO] [StatsService] called — dateFilter: null, mode: single
[2026-06-10T20:14:27.881Z] [INFO] [StatsService] productive apps: ["Visual Studio Code","Google Chrome"]
[2026-06-10T20:14:27.882Z] [INFO] [StatsService] raw rows count: 7
[2026-06-10T20:14:27.883Z] [INFO] [StatsService] result — productive:1950.61s distracting:1173.8799999999999s idle:239.53s score:62.4%
[2026-06-10T20:14:52.575Z] [INFO] [Health] 6 apps today | 338 total records
[2026-06-10T20:15:52.657Z] [INFO] [Health] 6 apps today | 342 total records
[2026-06-10T20:16:27.909Z] [INFO] [IPC] get-productive-stats | {"dateFilter":null,"mode":"single"}
[2026-06-10T20:16:27.910Z] [INFO] [StatsService] called — dateFilter: null, mode: single
[2026-06-10T20:16:27.912Z] [INFO] [StatsService] productive apps: ["Visual Studio Code","Google Chrome"]
[2026-06-10T20:16:27.914Z] [INFO] [StatsService] raw rows count: 7
[2026-06-10T20:16:27.915Z] [INFO] [StatsService] result — productive:2045.9099999999999s distracting:1218.46s idle:239.53s score:62.7%
[2026-06-10T20:16:52.659Z] [INFO] [Health] 6 apps today | 344 total records
[2026-06-10T20:17:19.667Z] [INFO] [Main] All IPC handlers registered
[2026-06-10T20:17:19.670Z] [INFO] [Main] Creating window | preload exists: true
[2026-06-10T20:17:20.056Z] [INFO] [Main] Startup sync — 2 productive, 10 distracting
[2026-06-10T20:17:23.349Z] [INFO] [IPC] get-productive-stats | {"dateFilter":null,"mode":"single"}
[2026-06-10T20:17:23.350Z] [INFO] [StatsService] called — dateFilter: null, mode: single
[2026-06-10T20:17:23.352Z] [INFO] [StatsService] productive apps: ["Visual Studio Code","Google Chrome"]
[2026-06-10T20:17:23.353Z] [INFO] [StatsService] raw rows count: 7
[2026-06-10T20:17:23.354Z] [INFO] [StatsService] result — productive:2086.31s distracting:1226.53s idle:239.53s score:63.0%
[2026-06-10T20:17:32.905Z] [INFO] [IPC] get-productive-stats | {"dateFilter":"2026-06-11","mode":"single"}
[2026-06-10T20:17:32.906Z] [INFO] [StatsService] called — dateFilter: 2026-06-11, mode: single
[2026-06-10T20:17:32.907Z] [INFO] [StatsService] productive apps: ["Visual Studio Code","Google Chrome"]
[2026-06-10T20:17:32.908Z] [INFO] [StatsService] raw rows count: 7
[2026-06-10T20:17:32.909Z] [INFO] [StatsService] result — productive:2086.31s distracting:1226.53s idle:239.53s score:63.0%
[2026-06-10T20:18:20.059Z] [INFO] [Health] 6 apps today | 358 total records
[2026-06-10T20:19:20.073Z] [INFO] [Health] 6 apps today | 358 total records
[2026-06-10T20:20:20.086Z] [INFO] [Health] 6 apps today | 362 total records
[2026-06-10T20:21:20.095Z] [INFO] [Health] 7 apps today | 364 total records
[2026-06-10T20:22:20.100Z] [INFO] [Health] 7 apps today | 365 total records
[2026-06-10T20:23:20.111Z] [INFO] [Health] 7 apps today | 367 total records
[2026-06-10T20:24:20.116Z] [INFO] [Health] 7 apps today | 375 total records
[2026-06-10T20:25:20.119Z] [INFO] [Health] 9 apps today | 387 total records
[2026-06-10T20:26:20.131Z] [INFO] [Health] 9 apps today | 388 total records
[2026-06-10T20:27:20.132Z] [INFO] [Health] 9 apps today | 394 total records
[2026-06-10T20:28:20.146Z] [INFO] [Health] 9 apps today | 409 total records
[2026-06-10T20:28:26.489Z] [INFO] [IPC] get-productive-stats | {"dateFilter":null,"mode":"single"}
[2026-06-10T20:28:26.490Z] [INFO] [StatsService] called — dateFilter: null, mode: single
[2026-06-10T20:28:26.491Z] [INFO] [StatsService] productive apps: ["Visual Studio Code","Google Chrome"]
[2026-06-10T20:28:26.492Z] [INFO] [StatsService] raw rows count: 10
[2026-06-10T20:28:26.493Z] [INFO] [StatsService] result — productive:2527.61s distracting:1449.3499999999997s idle:239.53s score:63.6%
[2026-06-10T20:29:16.776Z] [INFO] [Main] All windows closed
[2026-06-18T18:52:36.332Z] [INFO] [Main] All IPC handlers registered
[2026-06-18T18:52:36.334Z] [INFO] [Main] Creating window | preload exists: true
[2026-06-18T18:52:36.513Z] [INFO] [Main] Startup sync — 2 productive, 12 distracting
[2026-06-18T18:52:43.195Z] [INFO] [IPC] get-productive-stats | {"dateFilter":null,"mode":"single"}
[2026-06-18T18:52:43.197Z] [INFO] [StatsService] called — dateFilter: null, mode: single
[2026-06-18T18:52:43.199Z] [INFO] [StatsService] productive apps: ["Visual Studio Code","Google Chrome"]
[2026-06-18T18:52:43.200Z] [INFO] [StatsService] raw rows count: 0
[2026-06-18T18:52:43.201Z] [INFO] [StatsService] result — productive:0s distracting:0s idle:0s score:0.0%
[2026-06-18T18:52:46.574Z] [INFO] [IPC] get-productive-stats | {"dateFilter":"2026-06-19","mode":"single"}
[2026-06-18T18:52:46.575Z] [INFO] [StatsService] called — dateFilter: 2026-06-19, mode: single
[2026-06-18T18:52:46.576Z] [INFO] [StatsService] productive apps: ["Visual Studio Code","Google Chrome"]
[2026-06-18T18:52:46.578Z] [INFO] [StatsService] raw rows count: 0
[2026-06-18T18:52:46.579Z] [INFO] [StatsService] result — productive:0s distracting:0s idle:0s score:0.0%
[2026-06-18T18:52:47.673Z] [INFO] [IPC] get-productive-stats | {"dateFilter":null,"mode":"single"}
[2026-06-18T18:52:47.673Z] [INFO] [StatsService] called — dateFilter: null, mode: single
[2026-06-18T18:52:47.674Z] [INFO] [StatsService] productive apps: ["Visual Studio Code","Google Chrome"]
[2026-06-18T18:52:47.675Z] [INFO] [StatsService] raw rows count: 0
[2026-06-18T18:52:47.676Z] [INFO] [StatsService] result — productive:0s distracting:0s idle:0s score:0.0%
[2026-06-18T18:52:58.720Z] [INFO] [IPC] get-productive-stats | {"dateFilter":null,"mode":"single"}
[2026-06-18T18:52:58.721Z] [INFO] [StatsService] called — dateFilter: null, mode: single
[2026-06-18T18:52:58.722Z] [INFO] [StatsService] productive apps: ["Visual Studio Code","Google Chrome"]
[2026-06-18T18:52:58.723Z] [INFO] [StatsService] raw rows count: 2
[2026-06-18T18:52:58.724Z] [INFO] [StatsService] result — productive:0s distracting:10.11s idle:0s score:0.0%
[2026-06-18T18:53:36.526Z] [INFO] [Health] 3 apps today | 421 total records
[2026-06-18T18:53:57.506Z] [INFO] [IPC] get-productive-stats | {"dateFilter":"2026-06-19","mode":"single"}
[2026-06-18T18:53:57.508Z] [INFO] [StatsService] called — dateFilter: 2026-06-19, mode: single
[2026-06-18T18:53:57.508Z] [INFO] [StatsService] productive apps: ["Visual Studio Code","Google Chrome"]
[2026-06-18T18:53:57.509Z] [INFO] [StatsService] raw rows count: 3
[2026-06-18T18:53:57.510Z] [INFO] [StatsService] result — productive:3.03s distracting:71.62s idle:0s score:4.1%
[2026-06-18T18:53:58.353Z] [INFO] [IPC] get-productive-stats | {"dateFilter":null,"mode":"single"}
[2026-06-18T18:53:58.354Z] [INFO] [StatsService] called — dateFilter: null, mode: single
[2026-06-18T18:53:58.355Z] [INFO] [StatsService] productive apps: ["Visual Studio Code","Google Chrome"]
[2026-06-18T18:53:58.356Z] [INFO] [StatsService] raw rows count: 3
[2026-06-18T18:53:58.357Z] [INFO] [StatsService] result — productive:3.03s distracting:71.62s idle:0s score:4.1%
[2026-06-18T18:54:36.536Z] [INFO] [Health] 5 apps today | 432 total records
[2026-06-18T18:55:36.540Z] [INFO] [Health] 5 apps today | 432 total records
[2026-06-18T18:55:57.626Z] [INFO] [IPC] get-productive-stats | {"dateFilter":null,"mode":"single"}
[2026-06-18T18:55:57.627Z] [INFO] [StatsService] called — dateFilter: null, mode: single
[2026-06-18T18:55:57.628Z] [INFO] [StatsService] productive apps: ["Visual Studio Code","Google Chrome"]
[2026-06-18T18:55:57.629Z] [INFO] [StatsService] raw rows count: 6
[2026-06-18T18:55:57.643Z] [INFO] [StatsService] result — productive:100.19s distracting:95.90000000000002s idle:0s score:51.1%
[2026-06-18T18:56:36.555Z] [INFO] [Health] 6 apps today | 452 total records
[2026-06-18T18:57:36.566Z] [INFO] [Health] 6 apps today | 456 total records
[2026-06-18T18:57:57.926Z] [INFO] [IPC] get-productive-stats | {"dateFilter":null,"mode":"single"}
[2026-06-18T18:57:57.928Z] [INFO] [StatsService] called — dateFilter: null, mode: single
[2026-06-18T18:57:57.929Z] [INFO] [StatsService] productive apps: ["Visual Studio Code","Google Chrome"]
[2026-06-18T18:57:57.930Z] [INFO] [StatsService] raw rows count: 6
[2026-06-18T18:57:57.931Z] [INFO] [StatsService] result — productive:192.93s distracting:117.71s idle:0s score:62.1%
[2026-06-18T18:58:19.367Z] [INFO] [IPC] get-productive-stats | {"dateFilter":"2026-06-19","mode":"single"}
[2026-06-18T18:58:19.368Z] [INFO] [StatsService] called — dateFilter: 2026-06-19, mode: single
[2026-06-18T18:58:19.369Z] [INFO] [StatsService] productive apps: ["Visual Studio Code","Google Chrome"]
[2026-06-18T18:58:19.370Z] [INFO] [StatsService] raw rows count: 6
[2026-06-18T18:58:19.371Z] [INFO] [StatsService] result — productive:216.18s distracting:121.75s idle:0s score:64.0%
[2026-06-18T18:58:44.820Z] [INFO] [Main] All IPC handlers registered
[2026-06-18T18:58:44.822Z] [INFO] [Main] Creating window | preload exists: true
[2026-06-18T18:58:45.019Z] [INFO] [Main] Startup sync — 2 productive, 12 distracting
[2026-06-18T18:58:46.909Z] [INFO] [IPC] get-productive-stats | {"dateFilter":null,"mode":"single"}
[2026-06-18T18:58:46.910Z] [INFO] [StatsService] called — dateFilter: null, mode: single
[2026-06-18T18:58:46.912Z] [INFO] [StatsService] productive apps: ["Visual Studio Code","Google Chrome"]
[2026-06-18T18:58:46.913Z] [INFO] [StatsService] raw rows count: 6
[2026-06-18T18:58:46.914Z] [INFO] [StatsService] result — productive:217.19000000000003s distracting:133.89000000000001s idle:0s score:61.9%
[2026-06-18T18:59:45.033Z] [INFO] [Health] 6 apps today | 476 total records
[2026-06-18T19:00:45.047Z] [INFO] [Health] 6 apps today | 478 total records
[2026-06-18T19:00:46.933Z] [INFO] [IPC] get-productive-stats | {"dateFilter":null,"mode":"single"}
[2026-06-18T19:00:46.934Z] [INFO] [StatsService] called — dateFilter: null, mode: single
[2026-06-18T19:00:46.936Z] [INFO] [StatsService] productive apps: ["Visual Studio Code","Google Chrome"]
[2026-06-18T19:00:46.937Z] [INFO] [StatsService] raw rows count: 7
[2026-06-18T19:00:46.938Z] [INFO] [StatsService] result — productive:293.07000000000005s distracting:148.92000000000002s idle:8.09s score:66.3%
[2026-06-18T19:01:45.064Z] [INFO] [Health] 6 apps today | 478 total records
[2026-06-18T19:02:45.077Z] [INFO] [Health] 6 apps today | 485 total records
[2026-06-18T19:02:46.929Z] [INFO] [IPC] get-productive-stats | {"dateFilter":null,"mode":"single"}
[2026-06-18T19:02:46.930Z] [INFO] [StatsService] called — dateFilter: null, mode: single
[2026-06-18T19:02:46.931Z] [INFO] [StatsService] productive apps: ["Visual Studio Code","Google Chrome"]
[2026-06-18T19:02:46.933Z] [INFO] [StatsService] raw rows count: 7
[2026-06-18T19:02:46.934Z] [INFO] [StatsService] result — productive:430.63s distracting:148.92000000000002s idle:8.09s score:74.3%
[2026-06-18T19:03:45.080Z] [INFO] [Health] 6 apps today | 490 total records
[2026-06-18T19:04:45.086Z] [INFO] [Health] 6 apps today | 501 total records
[2026-06-18T19:04:46.928Z] [INFO] [IPC] get-productive-stats | {"dateFilter":null,"mode":"single"}
[2026-06-18T19:04:46.929Z] [INFO] [StatsService] called — dateFilter: null, mode: single
[2026-06-18T19:04:46.930Z] [INFO] [StatsService] productive apps: ["Visual Studio Code","Google Chrome"]
[2026-06-18T19:04:46.932Z] [INFO] [StatsService] raw rows count: 7
[2026-06-18T19:04:46.933Z] [INFO] [StatsService] result — productive:552.04s distracting:150.94000000000003s idle:8.09s score:78.5%
[2026-06-18T19:05:45.089Z] [INFO] [Health] 6 apps today | 509 total records
[2026-06-18T19:06:45.094Z] [INFO] [Health] 7 apps today | 518 total records
[2026-06-18T19:06:46.931Z] [INFO] [IPC] get-productive-stats | {"dateFilter":null,"mode":"single"}
[2026-06-18T19:06:46.932Z] [INFO] [StatsService] called — dateFilter: null, mode: single
[2026-06-18T19:06:46.934Z] [INFO] [StatsService] productive apps: ["Visual Studio Code","Google Chrome"]
[2026-06-18T19:06:46.938Z] [INFO] [StatsService] raw rows count: 8
[2026-06-18T19:06:46.940Z] [INFO] [StatsService] result — productive:669.52s distracting:153.98000000000002s idle:8.09s score:81.3%
[2026-06-18T19:07:45.100Z] [INFO] [Health] 7 apps today | 532 total records
[2026-06-18T19:08:45.114Z] [INFO] [Health] 7 apps today | 545 total records
[2026-06-18T19:08:46.956Z] [INFO] [IPC] get-productive-stats | {"dateFilter":null,"mode":"single"}
[2026-06-18T19:08:46.958Z] [INFO] [StatsService] called — dateFilter: null, mode: single
[2026-06-18T19:08:46.960Z] [INFO] [StatsService] productive apps: ["Visual Studio Code","Google Chrome"]
[2026-06-18T19:08:46.966Z] [INFO] [StatsService] raw rows count: 8
[2026-06-18T19:08:46.968Z] [INFO] [StatsService] result — productive:767.69s distracting:181.36s idle:8.09s score:80.9%
[2026-06-18T19:09:45.150Z] [INFO] [Health] 7 apps today | 550 total records
[2026-06-18T19:10:45.150Z] [INFO] [Health] 8 apps today | 552 total records
[2026-06-18T19:10:46.925Z] [INFO] [IPC] get-productive-stats | {"dateFilter":null,"mode":"single"}
[2026-06-18T19:10:46.926Z] [INFO] [StatsService] called — dateFilter: null, mode: single
[2026-06-18T19:10:46.927Z] [INFO] [StatsService] productive apps: ["Visual Studio Code","Google Chrome"]
[2026-06-18T19:10:46.928Z] [INFO] [StatsService] raw rows count: 9
[2026-06-18T19:10:46.929Z] [INFO] [StatsService] result — productive:826.47s distracting:187.66000000000003s idle:8.09s score:81.5%
[2026-06-18T19:11:45.162Z] [INFO] [Health] 8 apps today | 553 total records
[2026-06-18T19:12:45.165Z] [INFO] [Health] 8 apps today | 553 total records
[2026-06-18T19:13:27.945Z] [INFO] [IPC] get-productive-stats | {"dateFilter":null,"mode":"single"}
[2026-06-18T19:13:27.946Z] [INFO] [StatsService] called — dateFilter: null, mode: single
[2026-06-18T19:13:27.948Z] [INFO] [StatsService] productive apps: ["Visual Studio Code","Google Chrome"]
[2026-06-18T19:13:27.950Z] [INFO] [StatsService] raw rows count: 9
[2026-06-18T19:13:27.951Z] [INFO] [StatsService] result — productive:935.69s distracting:276.71s idle:8.09s score:77.2%
[2026-06-18T19:13:45.177Z] [INFO] [Health] 8 apps today | 554 total records
[2026-06-18T19:14:45.188Z] [INFO] [Health] 8 apps today | 557 total records
[2026-06-18T19:15:29.922Z] [INFO] [IPC] get-productive-stats | {"dateFilter":null,"mode":"single"}
[2026-06-18T19:15:29.924Z] [INFO] [StatsService] called — dateFilter: null, mode: single
[2026-06-18T19:15:29.925Z] [INFO] [StatsService] productive apps: ["Visual Studio Code","Google Chrome"]
[2026-06-18T19:15:29.926Z] [INFO] [StatsService] raw rows count: 9
[2026-06-18T19:15:29.928Z] [INFO] [StatsService] result — productive:997.23s distracting:349.56s idle:80.94s score:74.0%
[2026-06-18T19:15:45.199Z] [INFO] [Health] 8 apps today | 558 total records
[2026-06-18T19:16:45.205Z] [INFO] [Health] 8 apps today | 558 total records
[2026-06-18T19:17:31.930Z] [INFO] [IPC] get-productive-stats | {"dateFilter":null,"mode":"single"}
[2026-06-18T19:17:31.931Z] [INFO] [StatsService] called — dateFilter: null, mode: single
[2026-06-18T19:17:31.933Z] [INFO] [StatsService] productive apps: ["Visual Studio Code","Google Chrome"]
[2026-06-18T19:17:31.935Z] [INFO] [StatsService] raw rows count: 9
[2026-06-18T19:17:31.936Z] [INFO] [StatsService] result — productive:997.23s distracting:443.25999999999993s idle:174.64s score:69.2%
[2026-06-18T19:17:45.216Z] [INFO] [Health] 8 apps today | 559 total records
[2026-06-18T19:18:45.220Z] [INFO] [Health] 8 apps today | 559 total records
[2026-06-18T19:18:55.881Z] [INFO] [IPC] get-productive-stats | {"dateFilter":null,"mode":"single"}
[2026-06-18T19:18:55.883Z] [INFO] [StatsService] called — dateFilter: null, mode: single
[2026-06-18T19:18:55.885Z] [INFO] [StatsService] productive apps: ["Visual Studio Code","Google Chrome"]
[2026-06-18T19:18:55.887Z] [INFO] [StatsService] raw rows count: 9
[2026-06-18T19:18:55.888Z] [INFO] [StatsService] result — productive:1115.35s distracting:445.25999999999993s idle:174.64s score:71.5%
[2026-06-18T19:19:04.292Z] [INFO] [IPC] get-productive-stats | {"dateFilter":"2026-06-19","mode":"single"}
[2026-06-18T19:19:04.292Z] [INFO] [StatsService] called — dateFilter: 2026-06-19, mode: single
[2026-06-18T19:19:04.293Z] [INFO] [StatsService] productive apps: ["Visual Studio Code","Google Chrome"]
[2026-06-18T19:19:04.294Z] [INFO] [StatsService] raw rows count: 9
[2026-06-18T19:19:04.294Z] [INFO] [StatsService] result — productive:1115.35s distracting:446.2699999999999s idle:174.64s score:71.4%
[2026-06-18T19:19:05.035Z] [INFO] [IPC] get-productive-stats | {"dateFilter":null,"mode":"single"}
[2026-06-18T19:19:05.036Z] [INFO] [StatsService] called — dateFilter: null, mode: single
[2026-06-18T19:19:05.036Z] [INFO] [StatsService] productive apps: ["Visual Studio Code","Google Chrome"]
[2026-06-18T19:19:05.037Z] [INFO] [StatsService] raw rows count: 9
[2026-06-18T19:19:05.037Z] [INFO] [StatsService] result — productive:1115.35s distracting:446.2699999999999s idle:174.64s score:71.4%
[2026-06-18T19:19:27.072Z] [INFO] [IPC] get-productive-stats | {"dateFilter":null,"mode":"single"}
[2026-06-18T19:19:27.072Z] [INFO] [StatsService] called — dateFilter: null, mode: single
[2026-06-18T19:19:27.073Z] [INFO] [StatsService] productive apps: ["Visual Studio Code","Google Chrome"]
[2026-06-18T19:19:27.074Z] [INFO] [StatsService] raw rows count: 9
[2026-06-18T19:19:27.074Z] [INFO] [StatsService] result — productive:1115.35s distracting:446.2699999999999s idle:174.64s score:71.4%
[2026-06-18T19:19:45.225Z] [INFO] [Health] 8 apps today | 565 total records
[2026-06-18T19:19:45.237Z] [INFO] [IPC] set-productive-apps | {"count":3}
[2026-06-18T19:19:48.589Z] [INFO] [IPC] set-productive-apps | {"count":3}
[2026-06-18T19:19:50.017Z] [INFO] [IPC] get-productive-stats | {"dateFilter":null,"mode":"single"}
[2026-06-18T19:19:50.018Z] [INFO] [StatsService] called — dateFilter: null, mode: single
[2026-06-18T19:19:50.018Z] [INFO] [StatsService] productive apps: ["Google Chrome","Visual Studio Code","TimeBoard"]
[2026-06-18T19:19:50.019Z] [INFO] [StatsService] raw rows count: 9
[2026-06-18T19:19:50.019Z] [INFO] [StatsService] result — productive:1228.86s distracting:332.75999999999993s idle:174.64s score:78.7%
[2026-06-18T19:20:02.109Z] [INFO] [IPC] get-productive-stats | {"dateFilter":"2026-06-19","mode":"single"}
[2026-06-18T19:20:02.109Z] [INFO] [StatsService] called — dateFilter: 2026-06-19, mode: single
[2026-06-18T19:20:02.110Z] [INFO] [StatsService] productive apps: ["Google Chrome","Visual Studio Code","TimeBoard"]
[2026-06-18T19:20:02.110Z] [INFO] [StatsService] raw rows count: 9
[2026-06-18T19:20:02.111Z] [INFO] [StatsService] result — productive:1228.86s distracting:332.75999999999993s idle:174.64s score:78.7%
[2026-06-18T19:20:17.565Z] [INFO] [IPC] set-productive-apps | {"count":2}
[2026-06-18T19:20:19.036Z] [INFO] [IPC] get-productive-stats | {"dateFilter":null,"mode":"single"}
[2026-06-18T19:20:19.036Z] [INFO] [StatsService] called — dateFilter: null, mode: single
[2026-06-18T19:20:19.037Z] [INFO] [StatsService] productive apps: ["Google Chrome","Visual Studio Code"]
[2026-06-18T19:20:19.037Z] [INFO] [StatsService] raw rows count: 9
[2026-06-18T19:20:19.038Z] [INFO] [StatsService] result — productive:1115.35s distracting:446.2699999999999s idle:174.64s score:71.4%
[2026-06-18T19:20:24.449Z] [INFO] [IPC] set-productive-apps | {"count":3}
[2026-06-18T19:20:26.738Z] [INFO] [IPC] get-productive-stats | {"dateFilter":null,"mode":"single"}
[2026-06-18T19:20:26.739Z] [INFO] [StatsService] called — dateFilter: null, mode: single
[2026-06-18T19:20:26.739Z] [INFO] [StatsService] productive apps: ["Google Chrome","Visual Studio Code","TimeBoard"]
[2026-06-18T19:20:26.740Z] [INFO] [StatsService] raw rows count: 9
[2026-06-18T19:20:26.740Z] [INFO] [StatsService] result — productive:1228.86s distracting:332.75999999999993s idle:174.64s score:78.7%
[2026-06-18T19:20:31.131Z] [INFO] [IPC] set-productive-apps | {"count":2}
[2026-06-18T19:20:32.283Z] [INFO] [IPC] get-productive-stats | {"dateFilter":null,"mode":"single"}
[2026-06-18T19:20:32.283Z] [INFO] [StatsService] called — dateFilter: null, mode: single
[2026-06-18T19:20:32.284Z] [INFO] [StatsService] productive apps: ["Google Chrome","Visual Studio Code"]
[2026-06-18T19:20:32.285Z] [INFO] [StatsService] raw rows count: 9
[2026-06-18T19:20:32.285Z] [INFO] [StatsService] result — productive:1115.35s distracting:446.2699999999999s idle:174.64s score:71.4%
[2026-06-18T19:20:35.275Z] [INFO] [IPC] set-productive-apps | {"count":3}
[2026-06-18T19:20:36.733Z] [INFO] [IPC] get-productive-stats | {"dateFilter":null,"mode":"single"}
[2026-06-18T19:20:36.733Z] [INFO] [StatsService] called — dateFilter: null, mode: single
[2026-06-18T19:20:36.734Z] [INFO] [StatsService] productive apps: ["Google Chrome","Visual Studio Code","TimeBoard"]
[2026-06-18T19:20:36.734Z] [INFO] [StatsService] raw rows count: 9
[2026-06-18T19:20:36.735Z] [INFO] [StatsService] result — productive:1228.86s distracting:332.75999999999993s idle:174.64s score:78.7%
[2026-06-18T19:20:40.844Z] [INFO] [IPC] set-productive-apps | {"count":2}
[2026-06-18T19:20:42.148Z] [INFO] [IPC] get-productive-stats | {"dateFilter":null,"mode":"single"}
[2026-06-18T19:20:42.148Z] [INFO] [StatsService] called — dateFilter: null, mode: single
[2026-06-18T19:20:42.150Z] [INFO] [StatsService] productive apps: ["Visual Studio Code","TimeBoard"]
[2026-06-18T19:20:42.151Z] [INFO] [StatsService] raw rows count: 9
[2026-06-18T19:20:42.151Z] [INFO] [StatsService] result — productive:432.46s distracting:1129.16s idle:174.64s score:27.7%
[2026-06-18T19:20:45.240Z] [INFO] [Health] 8 apps today | 565 total records
[2026-06-18T19:20:47.931Z] [INFO] [IPC] get-productive-stats | {"dateFilter":null,"mode":"single"}
[2026-06-18T19:20:47.931Z] [INFO] [StatsService] called — dateFilter: null, mode: single
[2026-06-18T19:20:47.932Z] [INFO] [StatsService] productive apps: ["Visual Studio Code","TimeBoard"]
[2026-06-18T19:20:47.933Z] [INFO] [StatsService] raw rows count: 9
[2026-06-18T19:20:47.933Z] [INFO] [StatsService] result — productive:432.46s distracting:1129.16s idle:174.64s score:27.7%
[2026-06-18T19:20:51.763Z] [INFO] [IPC] set-productive-apps | {"count":3}
[2026-06-18T19:20:52.554Z] [INFO] [IPC] get-productive-stats | {"dateFilter":null,"mode":"single"}
[2026-06-18T19:20:52.554Z] [INFO] [StatsService] called — dateFilter: null, mode: single
[2026-06-18T19:20:52.555Z] [INFO] [StatsService] productive apps: ["Google Chrome","Visual Studio Code","TimeBoard"]
[2026-06-18T19:20:52.556Z] [INFO] [StatsService] raw rows count: 9
[2026-06-18T19:20:52.556Z] [INFO] [StatsService] result — productive:1228.86s distracting:332.75999999999993s idle:174.64s score:78.7%
[2026-06-19T04:03:22.162Z] [INFO] [Main] All IPC handlers registered
[2026-06-19T04:03:22.164Z] [INFO] [Main] Creating window | preload exists: true
[2026-06-19T04:03:29.077Z] [INFO] [IPC] get-productive-stats | {"dateFilter":null,"mode":"single"}
[2026-06-19T04:03:29.079Z] [INFO] [StatsService] called — dateFilter: null, mode: single
[2026-06-19T04:03:29.080Z] [INFO] [StatsService] productive apps: []
[2026-06-19T04:03:29.081Z] [INFO] [StatsService] raw rows count: 5
[2026-06-19T04:03:29.081Z] [INFO] [StatsService] result — productive:0s distracting:481.23s idle:0s score:0.0%
[2026-06-19T04:03:35.263Z] [INFO] [IPC] get-productive-stats | {"dateFilter":null,"mode":"single"}
[2026-06-19T04:03:35.263Z] [INFO] [StatsService] called — dateFilter: null, mode: single
[2026-06-19T04:03:35.265Z] [INFO] [StatsService] productive apps: []
[2026-06-19T04:03:35.266Z] [INFO] [StatsService] raw rows count: 5
[2026-06-19T04:03:35.266Z] [INFO] [StatsService] result — productive:0s distracting:481.23s idle:0s score:0.0%
[2026-06-19T04:03:42.163Z] [INFO] [IPC] set-productive-apps | {"count":1}
[2026-06-19T04:03:43.613Z] [INFO] [IPC] get-productive-stats | {"dateFilter":null,"mode":"single"}
[2026-06-19T04:03:43.614Z] [INFO] [StatsService] called — dateFilter: null, mode: single
[2026-06-19T04:03:43.614Z] [INFO] [StatsService] productive apps: ["TimeBoard"]
[2026-06-19T04:03:43.615Z] [INFO] [StatsService] raw rows count: 5
[2026-06-19T04:03:43.616Z] [INFO] [StatsService] result — productive:95.59s distracting:385.64s idle:0s score:19.9%
[2026-06-19T04:03:47.818Z] [INFO] [IPC] set-productive-apps | {"count":2}
[2026-06-19T04:03:49.122Z] [INFO] [IPC] get-productive-stats | {"dateFilter":null,"mode":"single"}
[2026-06-19T04:03:49.123Z] [INFO] [StatsService] called — dateFilter: null, mode: single
[2026-06-19T04:03:49.124Z] [INFO] [StatsService] productive apps: ["TimeBoard","Visual Studio Code"]
[2026-06-19T04:03:49.125Z] [INFO] [StatsService] raw rows count: 5
[2026-06-19T04:03:49.125Z] [INFO] [StatsService] result — productive:137.98000000000002s distracting:343.25s idle:0s score:28.7%
[2026-06-19T04:04:00.022Z] [INFO] [IPC] get-productive-stats | {"dateFilter":"2026-06-19","mode":"single"}
[2026-06-19T04:04:00.023Z] [INFO] [StatsService] called — dateFilter: 2026-06-19, mode: single
[2026-06-19T04:04:00.024Z] [INFO] [StatsService] productive apps: ["TimeBoard","Visual Studio Code"]
[2026-06-19T04:04:00.025Z] [INFO] [StatsService] raw rows count: 5
[2026-06-19T04:04:00.025Z] [INFO] [StatsService] result — productive:137.98000000000002s distracting:343.25s idle:0s score:28.7%
[2026-06-19T04:04:00.565Z] [INFO] [IPC] get-productive-stats | {"dateFilter":null,"mode":"single"}
[2026-06-19T04:04:00.566Z] [INFO] [StatsService] called — dateFilter: null, mode: single
[2026-06-19T04:04:00.567Z] [INFO] [StatsService] productive apps: ["TimeBoard","Visual Studio Code"]
[2026-06-19T04:04:00.568Z] [INFO] [StatsService] raw rows count: 5
[2026-06-19T04:04:00.568Z] [INFO] [StatsService] result — productive:137.98000000000002s distracting:343.25s idle:0s score:28.7%
[2026-06-19T04:04:22.336Z] [INFO] [Health] 5 apps today | 45 total records
[2026-06-19T04:05:01.204Z] [INFO] [IPC] get-productive-stats | {"dateFilter":"2026-06-19","mode":"single"}
[2026-06-19T04:05:01.205Z] [INFO] [StatsService] called — dateFilter: 2026-06-19, mode: single
[2026-06-19T04:05:01.206Z] [INFO] [StatsService] productive apps: ["TimeBoard","Visual Studio Code"]
[2026-06-19T04:05:01.207Z] [INFO] [StatsService] raw rows count: 5
[2026-06-19T04:05:01.208Z] [INFO] [StatsService] result — productive:225.77s distracting:344.26s idle:0s score:39.6%
[2026-06-19T04:05:10.846Z] [INFO] [IPC] get-productive-stats | {"dateFilter":null,"mode":"single"}
[2026-06-19T04:05:10.847Z] [INFO] [StatsService] called — dateFilter: null, mode: single
[2026-06-19T04:05:10.848Z] [INFO] [StatsService] productive apps: ["TimeBoard","Visual Studio Code"]
[2026-06-19T04:05:10.849Z] [INFO] [StatsService] raw rows count: 5
[2026-06-19T04:05:10.850Z] [INFO] [StatsService] result — productive:225.77s distracting:344.26s idle:0s score:39.6%
[2026-06-19T04:05:22.348Z] [INFO] [Health] 5 apps today | 53 total records
[2026-06-19T04:28:56.151Z] [INFO] [Main] All IPC handlers registered
[2026-06-19T04:28:56.153Z] [INFO] [Main] Creating window | preload exists: true
[2026-06-19T04:28:56.299Z] [INFO] [Main] Startup sync — 2 productive, 4 distracting
[2026-06-19T04:29:33.458Z] [INFO] [IPC] get-productive-stats | {"dateFilter":null,"mode":"single"}
[2026-06-19T04:29:33.459Z] [INFO] [StatsService] called — dateFilter: null, mode: single
[2026-06-19T04:29:33.460Z] [INFO] [StatsService] productive apps: ["TimeBoard","Visual Studio Code"]
[2026-06-19T04:29:33.461Z] [INFO] [StatsService] raw rows count: 7
[2026-06-19T04:29:33.462Z] [INFO] [StatsService] result — productive:690.3000000000001s distracting:639.29s idle:56.3s score:51.9%
[2026-06-19T04:29:33.518Z] [INFO] [IPC] set-productive-apps | {"count":5}
[2026-06-19T04:29:45.177Z] [INFO] [IPC] get-productive-stats | {"dateFilter":null,"mode":"single"}
[2026-06-19T04:29:45.178Z] [INFO] [StatsService] called — dateFilter: null, mode: single
[2026-06-19T04:29:45.179Z] [INFO] [StatsService] productive apps: ["TimeBoard","Visual Studio Code","Windows Explorer","SnippingTool.exe","SearchHost.exe"]
[2026-06-19T04:29:45.179Z] [INFO] [StatsService] raw rows count: 7
[2026-06-19T04:29:45.180Z] [INFO] [StatsService] result — productive:736.6800000000001s distracting:592.91s idle:56.3s score:55.4%
[2026-06-19T04:29:56.306Z] [INFO] [Health] 6 apps today | 92 total records
[2026-06-19T04:30:56.312Z] [INFO] [Health] 6 apps today | 92 total records
[2026-06-19T04:31:56.318Z] [INFO] [Health] 6 apps today | 92 total records
[2026-06-19T04:32:56.325Z] [INFO] [Health] 6 apps today | 96 total records
[2026-06-19T04:33:20.125Z] [INFO] [IPC] get-productive-stats | {"dateFilter":null,"mode":"single"}
[2026-06-19T04:33:20.126Z] [INFO] [StatsService] called — dateFilter: null, mode: single
[2026-06-19T04:33:20.127Z] [INFO] [StatsService] productive apps: ["TimeBoard","Visual Studio Code","Windows Explorer","SnippingTool.exe","SearchHost.exe"]
[2026-06-19T04:33:20.128Z] [INFO] [StatsService] raw rows count: 7
[2026-06-19T04:33:20.128Z] [INFO] [StatsService] result — productive:1235.45s distracting:613.09s idle:74.46s score:66.8%
[2026-06-19T04:33:25.508Z] [INFO] [IPC] set-productive-apps | {"count":4}
[2026-06-19T04:33:26.553Z] [INFO] [IPC] get-productive-stats | {"dateFilter":null,"mode":"single"}
[2026-06-19T04:33:26.554Z] [INFO] [StatsService] called — dateFilter: null, mode: single
[2026-06-19T04:33:26.555Z] [INFO] [StatsService] productive apps: ["Visual Studio Code","Windows Explorer","SnippingTool.exe","SearchHost.exe"]
[2026-06-19T04:33:26.556Z] [INFO] [StatsService] raw rows count: 7
[2026-06-19T04:33:26.556Z] [INFO] [StatsService] result — productive:214.06s distracting:1634.48s idle:74.46s score:11.6%
[2026-06-19T04:33:33.147Z] [INFO] [IPC] set-productive-apps | {"count":5}
[2026-06-19T04:33:33.971Z] [INFO] [IPC] set-productive-apps | {"count":4}
[2026-06-19T04:33:36.428Z] [INFO] [IPC] set-productive-apps | {"count":5}
[2026-06-19T04:33:37.549Z] [INFO] [IPC] get-productive-stats | {"dateFilter":null,"mode":"single"}
[2026-06-19T04:33:37.550Z] [INFO] [StatsService] called — dateFilter: null, mode: single
[2026-06-19T04:33:37.551Z] [INFO] [StatsService] productive apps: ["TimeBoard","Visual Studio Code","Windows Explorer","SnippingTool.exe","SearchHost.exe"]
[2026-06-19T04:33:37.552Z] [INFO] [StatsService] raw rows count: 7
[2026-06-19T04:33:37.552Z] [INFO] [StatsService] result — productive:1250.7200000000003s distracting:613.09s idle:74.46s score:67.1%
[2026-06-19T04:33:56.343Z] [INFO] [Health] 6 apps today | 111 total records
[2026-06-19T04:34:56.374Z] [INFO] [Health] 6 apps today | 111 total records
[2026-06-19T04:35:10.278Z] [INFO] [IPC] get-productive-stats | {"dateFilter":"2026-06-19","mode":"single"}
[2026-06-19T04:35:10.278Z] [INFO] [StatsService] called — dateFilter: 2026-06-19, mode: single
[2026-06-19T04:35:10.279Z] [INFO] [StatsService] productive apps: ["TimeBoard","Visual Studio Code","Windows Explorer","SnippingTool.exe","SearchHost.exe"]
[2026-06-19T04:35:10.280Z] [INFO] [StatsService] raw rows count: 7
[2026-06-19T04:35:10.280Z] [INFO] [StatsService] result — productive:1346.8s distracting:613.09s idle:74.46s score:68.7%
[2026-06-19T04:35:56.385Z] [INFO] [Health] 6 apps today | 113 total records
[2026-06-19T04:36:10.930Z] [INFO] [IPC] get-productive-stats | {"dateFilter":"2026-06-19","mode":"single"}
[2026-06-19T04:36:10.931Z] [INFO] [StatsService] called — dateFilter: 2026-06-19, mode: single
[2026-06-19T04:36:10.932Z] [INFO] [StatsService] productive apps: ["TimeBoard","Visual Studio Code","Windows Explorer","SnippingTool.exe","SearchHost.exe"]
[2026-06-19T04:36:10.933Z] [INFO] [StatsService] raw rows count: 7
[2026-06-19T04:36:10.934Z] [INFO] [StatsService] result — productive:1350.85s distracting:613.09s idle:74.46s score:68.8%
[2026-06-19T04:36:56.395Z] [INFO] [Health] 6 apps today | 114 total records
[2026-06-19T04:37:10.928Z] [INFO] [IPC] get-productive-stats | {"dateFilter":"2026-06-19","mode":"single"}
[2026-06-19T04:37:10.929Z] [INFO] [StatsService] called — dateFilter: 2026-06-19, mode: single
[2026-06-19T04:37:10.930Z] [INFO] [StatsService] productive apps: ["TimeBoard","Visual Studio Code","Windows Explorer","SnippingTool.exe","SearchHost.exe"]
[2026-06-19T04:37:10.931Z] [INFO] [StatsService] raw rows count: 8
[2026-06-19T04:37:10.932Z] [INFO] [StatsService] result — productive:1433.8s distracting:648.44s idle:109.81s score:68.9%
[2026-06-19T04:37:56.405Z] [INFO] [Health] 7 apps today | 120 total records
[2026-06-19T04:38:10.934Z] [INFO] [IPC] get-productive-stats | {"dateFilter":"2026-06-19","mode":"single"}
[2026-06-19T04:38:10.938Z] [INFO] [StatsService] called — dateFilter: 2026-06-19, mode: single
[2026-06-19T04:38:10.939Z] [INFO] [StatsService] productive apps: ["TimeBoard","Visual Studio Code","Windows Explorer","SnippingTool.exe","SearchHost.exe"]
[2026-06-19T04:38:10.941Z] [INFO] [StatsService] raw rows count: 9
[2026-06-19T04:38:10.942Z] [INFO] [StatsService] result — productive:1443.99s distracting:691.1700000000001s idle:109.81s score:67.6%
[2026-06-19T04:38:56.413Z] [INFO] [Health] 7 apps today | 129 total records
[2026-06-19T04:39:05.548Z] [INFO] [IPC] get-productive-stats | {"dateFilter":"2026-06-19","mode":"single"}
[2026-06-19T04:39:05.548Z] [INFO] [StatsService] called — dateFilter: 2026-06-19, mode: single
[2026-06-19T04:39:05.549Z] [INFO] [StatsService] productive apps: ["TimeBoard","Visual Studio Code","Windows Explorer","SnippingTool.exe","SearchHost.exe"]
[2026-06-19T04:39:05.550Z] [INFO] [StatsService] raw rows count: 9
[2026-06-19T04:39:05.551Z] [INFO] [StatsService] result — productive:1455.08s distracting:740.73s idle:109.81s score:66.3%
[2026-06-19T04:39:18.529Z] [INFO] [Main] All IPC handlers registered
[2026-06-19T04:39:18.530Z] [INFO] [Main] Creating window | preload exists: true
[2026-06-19T04:39:18.670Z] [INFO] [Main] Startup sync — 5 productive, 2 distracting
[2026-06-19T04:39:20.071Z] [INFO] [IPC] get-productive-stats | {"dateFilter":null,"mode":"single"}
[2026-06-19T04:39:20.072Z] [INFO] [StatsService] called — dateFilter: null, mode: single
[2026-06-19T04:39:20.073Z] [INFO] [StatsService] productive apps: ["TimeBoard","Visual Studio Code","Windows Explorer","SnippingTool.exe","SearchHost.exe"]
[2026-06-19T04:39:20.074Z] [INFO] [StatsService] raw rows count: 9
[2026-06-19T04:39:20.075Z] [INFO] [StatsService] result — productive:1458.1100000000001s distracting:741.7400000000001s idle:109.81s score:66.3%
[2026-06-19T04:39:22.698Z] [INFO] [IPC] get-productive-stats | {"dateFilter":"2026-06-19","mode":"single"}
[2026-06-19T04:39:22.699Z] [INFO] [StatsService] called — dateFilter: 2026-06-19, mode: single
[2026-06-19T04:39:22.699Z] [INFO] [StatsService] productive apps: ["TimeBoard","Visual Studio Code","Windows Explorer","SnippingTool.exe","SearchHost.exe"]
[2026-06-19T04:39:22.700Z] [INFO] [StatsService] raw rows count: 9
[2026-06-19T04:39:22.701Z] [INFO] [StatsService] result — productive:1458.1100000000001s distracting:741.7400000000001s idle:109.81s score:66.3%
[2026-06-19T04:39:26.099Z] [INFO] [IPC] get-productive-stats | {"dateFilter":"2026-06-19","mode":"single"}
[2026-06-19T04:39:26.100Z] [INFO] [StatsService] called — dateFilter: 2026-06-19, mode: single
[2026-06-19T04:39:26.101Z] [INFO] [StatsService] productive apps: ["TimeBoard","Visual Studio Code","Windows Explorer","SnippingTool.exe","SearchHost.exe"]
[2026-06-19T04:39:26.102Z] [INFO] [StatsService] raw rows count: 9
[2026-06-19T04:39:26.102Z] [INFO] [StatsService] result — productive:1458.1100000000001s distracting:741.7400000000001s idle:109.81s score:66.3%
[2026-06-19T04:39:28.480Z] [INFO] [IPC] get-productive-stats | {"dateFilter":null,"mode":"single"}
[2026-06-19T04:39:28.481Z] [INFO] [StatsService] called — dateFilter: null, mode: single
[2026-06-19T04:39:28.482Z] [INFO] [StatsService] productive apps: ["TimeBoard","Visual Studio Code","Windows Explorer","SnippingTool.exe","SearchHost.exe"]
[2026-06-19T04:39:28.483Z] [INFO] [StatsService] raw rows count: 9
[2026-06-19T04:39:28.484Z] [INFO] [StatsService] result — productive:1458.1100000000001s distracting:741.7400000000001s idle:109.81s score:66.3%
[2026-06-19T04:39:31.252Z] [INFO] [IPC] set-productive-apps | {"count":4}
[2026-06-19T04:39:32.572Z] [INFO] [IPC] get-productive-stats | {"dateFilter":null,"mode":"single"}
[2026-06-19T04:39:32.573Z] [INFO] [StatsService] called — dateFilter: null, mode: single
[2026-06-19T04:39:32.574Z] [INFO] [StatsService] productive apps: ["Visual Studio Code","Windows Explorer","SnippingTool.exe","SearchHost.exe"]
[2026-06-19T04:39:32.575Z] [INFO] [StatsService] raw rows count: 9
[2026-06-19T04:39:32.576Z] [INFO] [StatsService] result — productive:404.23s distracting:1795.6200000000001s idle:109.81s score:18.4%
[2026-06-19T04:39:35.031Z] [INFO] [IPC] get-productive-stats | {"dateFilter":"2026-06-19","mode":"single"}
[2026-06-19T04:39:35.032Z] [INFO] [StatsService] called — dateFilter: 2026-06-19, mode: single
[2026-06-19T04:39:35.032Z] [INFO] [StatsService] productive apps: ["Visual Studio Code","Windows Explorer","SnippingTool.exe","SearchHost.exe"]
[2026-06-19T04:39:35.033Z] [INFO] [StatsService] raw rows count: 9
[2026-06-19T04:39:35.034Z] [INFO] [StatsService] result — productive:404.23s distracting:1795.6200000000001s idle:109.81s score:18.4%
[2026-06-19T04:39:38.654Z] [INFO] [IPC] get-productive-stats | {"dateFilter":"2026-06-19","mode":"single"}
[2026-06-19T04:39:38.655Z] [INFO] [StatsService] called — dateFilter: 2026-06-19, mode: single
[2026-06-19T04:39:38.656Z] [INFO] [StatsService] productive apps: ["Visual Studio Code","Windows Explorer","SnippingTool.exe","SearchHost.exe"]
[2026-06-19T04:39:38.657Z] [INFO] [StatsService] raw rows count: 9
[2026-06-19T04:39:38.658Z] [INFO] [StatsService] result — productive:404.23s distracting:1795.6200000000001s idle:109.81s score:18.4%
[2026-06-19T04:39:40.382Z] [INFO] [IPC] get-productive-stats | {"dateFilter":null,"mode":"single"}
[2026-06-19T04:39:40.383Z] [INFO] [StatsService] called — dateFilter: null, mode: single
[2026-06-19T04:39:40.384Z] [INFO] [StatsService] productive apps: ["Visual Studio Code","Windows Explorer","SnippingTool.exe","SearchHost.exe"]
[2026-06-19T04:39:40.385Z] [INFO] [StatsService] raw rows count: 9
[2026-06-19T04:39:40.386Z] [INFO] [StatsService] result — productive:404.23s distracting:1795.6200000000001s idle:109.81s score:18.4%
[2026-06-19T04:39:43.645Z] [INFO] [IPC] get-productive-stats | {"dateFilter":"2026-06-19","mode":"single"}
[2026-06-19T04:39:43.646Z] [INFO] [StatsService] called — dateFilter: 2026-06-19, mode: single
[2026-06-19T04:39:43.646Z] [INFO] [StatsService] productive apps: ["Visual Studio Code","Windows Explorer","SnippingTool.exe","SearchHost.exe"]
[2026-06-19T04:39:43.647Z] [INFO] [StatsService] raw rows count: 9
[2026-06-19T04:39:43.648Z] [INFO] [StatsService] result — productive:404.23s distracting:1795.6200000000001s idle:109.81s score:18.4%
[2026-06-19T04:39:47.467Z] [INFO] [IPC] set-productive-apps | {"count":5}
[2026-06-19T04:39:48.771Z] [INFO] [IPC] get-productive-stats | {"dateFilter":null,"mode":"single"}
[2026-06-19T04:39:48.772Z] [INFO] [StatsService] called — dateFilter: null, mode: single
[2026-06-19T04:39:48.773Z] [INFO] [StatsService] productive apps: ["TimeBoard","Visual Studio Code","Windows Explorer","SnippingTool.exe","SearchHost.exe"]
[2026-06-19T04:39:48.774Z] [INFO] [StatsService] raw rows count: 9
[2026-06-19T04:39:48.774Z] [INFO] [StatsService] result — productive:1458.1100000000001s distracting:741.7400000000001s idle:109.81s score:66.3%
[2026-06-19T04:39:50.666Z] [INFO] [IPC] get-productive-stats | {"dateFilter":"2026-06-19","mode":"single"}
[2026-06-19T04:39:50.667Z] [INFO] [StatsService] called — dateFilter: 2026-06-19, mode: single
[2026-06-19T04:39:50.667Z] [INFO] [StatsService] productive apps: ["TimeBoard","Visual Studio Code","Windows Explorer","SnippingTool.exe","SearchHost.exe"]
[2026-06-19T04:39:50.669Z] [INFO] [StatsService] raw rows count: 9
[2026-06-19T04:39:50.669Z] [INFO] [StatsService] result — productive:1458.1100000000001s distracting:741.7400000000001s idle:109.81s score:66.3%
[2026-06-19T04:39:59.717Z] [INFO] [Main] All windows closed
